Time,Boston,Score,Brooklyn,Event,Quarter,TeamScore,OpponentScore,PointDifference,ElapsedTime
12:00.0,Jump ball: K. Porziņģis vs. D. Finney-Smith (A. Horford gains possession),0-0,,,1,0,0,0,0.0
11:42.0,K. Porziņģis makes 2-pt jump shot from 11 ft,2-0, ,,1,2,0,2,18.0
11:31.0, ,2-0,M. Bridges misses 3-pt jump shot from 25 ft,,1,2,0,2,29.0
11:30.0,Defensive rebound by Team,2-0, ,,1,2,0,2,30.0
11:11.0,K. Porziņģis misses 2-pt jump shot from 11 ft,2-0, ,,1,2,0,2,49.0
11:09.0,Offensive rebound by A. Horford,2-0, ,,1,2,0,2,51.0
11:09.0,A. Horford makes 2-pt layup from 1 ft,4-0, ,,1,4,0,4,51.0
10:56.0, ,4-3,R. O'Neale makes 3-pt jump shot from 27 ft (assist by S. Dinwiddie),,1,4,3,1,64.0
10:45.0,Turnover by J. Holiday (lost ball; steal by R. O'Neale),4-3, ,,1,4,3,1,75.0
10:40.0, ,4-3,R. O'Neale misses 3-pt jump shot from 25 ft (block by K. Porziņģis),,1,4,3,1,80.0
10:36.0, ,4-3,Offensive rebound by D. Finney-Smith,,1,4,3,1,84.0
10:34.0, ,4-3,R. O'Neale misses 3-pt jump shot from 26 ft,,1,4,3,1,86.0
10:30.0,Defensive rebound by K. Porziņģis,4-3, ,,1,4,3,1,90.0
10:18.0,J. Tatum makes 3-pt jump shot from 25 ft,7-3, ,,1,7,3,4,102.0
10:04.0, ,7-5,M. Bridges makes 2-pt layup from 4 ft,,1,7,5,2,116.0
9:55.0,Turnover by J. Tatum (lost ball; steal by C. Thomas),7-5, ,,1,7,5,2,125.0
9:51.0, ,7-5,R. O'Neale misses 3-pt jump shot from 25 ft,,1,7,5,2,129.0
9:48.0,Defensive rebound by J. Brown,7-5, ,,1,7,5,2,132.0
9:37.0,J. Tatum makes 2-pt dunk from 1 ft (assist by J. Brown),9-5, ,,1,9,5,4,143.0
9:24.0, ,9-5,M. Bridges misses 2-pt layup from 2 ft (block by K. Porziņģis),,1,9,5,4,156.0
9:22.0,Defensive rebound by J. Brown,9-5, ,,1,9,5,4,158.0
9:15.0,J. Tatum makes 3-pt jump shot from 25 ft,12-5, ,,1,12,5,7,165.0
8:58.0, ,12-5,C. Thomas misses 3-pt jump shot from 26 ft,,1,12,5,7,182.0
8:58.0,Defensive rebound by K. Porziņģis,12-5, ,,1,12,5,7,182.0
8:44.0,J. Tatum misses 3-pt jump shot from 24 ft,12-5, ,,1,12,5,7,196.0
8:40.0, ,12-5,Defensive rebound by S. Dinwiddie,,1,12,5,7,200.0
8:36.0, ,12-8,D. Finney-Smith makes 3-pt jump shot from 25 ft (assist by S. Dinwiddie),,1,12,8,4,204.0
8:23.0,K. Porziņģis makes 2-pt jump shot from 3 ft (assist by J. Brown),14-8, ,,1,14,8,6,217.0
8:14.0, ,14-10,S. Dinwiddie makes 2-pt layup from 2 ft,,1,14,10,4,226.0
8:04.0,J. Brown makes 2-pt jump shot from 12 ft (assist by J. Holiday),16-10, ,,1,16,10,6,236.0
7:51.0, ,16-13,C. Thomas makes 3-pt jump shot from 26 ft,,1,16,13,3,249.0
7:33.0,J. Brown misses 2-pt jump shot from 13 ft,16-13, ,,1,16,13,3,267.0
7:30.0, ,16-13,Defensive rebound by R. O'Neale,,1,16,13,3,270.0
7:19.0, ,16-13,C. Thomas misses 2-pt layup from 2 ft (block by A. Horford),,1,16,13,3,281.0
7:17.0,Defensive rebound by J. Holiday,16-13, ,,1,16,13,3,283.0
7:16.0,Shooting foul by D. Finney-Smith (drawn by J. Brown),16-13, ,,1,16,13,3,284.0
7:16.0,J. Brown misses free throw 1 of 2,16-13, ,,1,16,13,3,284.0
7:16.0,Offensive rebound by Team,16-13, ,,1,16,13,3,284.0
7:16.0,J. Brown makes free throw 2 of 2,17-13, ,,1,17,13,4,284.0
6:55.0, ,17-13,M. Bridges misses 2-pt jump shot from 10 ft,,1,17,13,4,305.0
6:51.0,Defensive rebound by K. Porziņģis,17-13, ,,1,17,13,4,309.0
6:48.0,J. Brown misses 3-pt jump shot from 26 ft,17-13, ,,1,17,13,4,312.0
6:44.0, ,17-13,Defensive rebound by S. Dinwiddie,,1,17,13,4,316.0
6:40.0, ,17-13,S. Dinwiddie misses 3-pt jump shot from 26 ft,,1,17,13,4,320.0
6:35.0, ,17-13,Offensive rebound by R. O'Neale,,1,17,13,4,325.0
6:35.0, ,17-13,R. O'Neale misses 2-pt dunk at rim,,1,17,13,4,325.0
6:33.0, ,17-13,Offensive rebound by M. Bridges,,1,17,13,4,327.0
6:24.0, ,17-13,C. Thomas misses 2-pt layup from 3 ft,,1,17,13,4,336.0
6:24.0,Defensive rebound by A. Horford,17-13, ,,1,17,13,4,336.0
6:20.0,J. Holiday makes 3-pt jump shot from 24 ft (assist by A. Horford),20-13, ,,1,20,13,7,340.0
6:02.0, ,20-13,M. Bridges misses 3-pt jump shot from 26 ft,,1,20,13,7,358.0
6:00.0,Defensive rebound by K. Porziņģis,20-13, ,,1,20,13,7,360.0
5:51.0,J. Holiday misses 3-pt jump shot from 24 ft,20-13, ,,1,20,13,7,369.0
5:47.0,Offensive rebound by J. Tatum,20-13, ,,1,20,13,7,373.0
5:46.0,J. Tatum misses 2-pt layup from 2 ft,20-13, ,,1,20,13,7,374.0
5:46.0,Offensive rebound by A. Horford,20-13, ,,1,20,13,7,374.0
5:44.0,A. Horford makes 2-pt layup from 2 ft,22-13, ,,1,22,13,9,376.0
5:44.0, ,22-13,Brooklyn full timeout,,1,22,13,9,376.0
5:44.0,S. Hauser enters the game for A. Horford,22-13, ,,1,22,13,9,376.0
5:44.0,P. Pritchard enters the game for J. Tatum,22-13, ,,1,22,13,9,376.0
5:27.0, ,22-13,Personal foul by S. Hauser (drawn by R. O'Neale),,1,22,13,9,393.0
5:14.0, ,22-13,D. Finney-Smith misses 3-pt jump shot from 26 ft,,1,22,13,9,406.0
5:10.0,Defensive rebound by K. Porziņģis,22-13, ,,1,22,13,9,410.0
4:56.0,Personal foul by R. O'Neale (drawn by K. Porziņģis),22-13, ,,1,22,13,9,424.0
4:56.0, ,22-13,D. Smith enters the game for S. Dinwiddie,,1,22,13,9,424.0
4:56.0, ,22-13,L. Walker enters the game for C. Thomas,,1,22,13,9,424.0
4:43.0,J. Holiday misses 2-pt jump shot from 13 ft,22-13, ,,1,22,13,9,437.0
4:41.0, ,22-13,Defensive rebound by R. O'Neale,,1,22,13,9,439.0
4:31.0, ,22-15,D. Finney-Smith makes 2-pt layup from 3 ft (assist by L. Walker),,1,22,15,7,449.0
4:17.0,J. Brown makes 2-pt jump shot from 21 ft (assist by J. Holiday),24-15, ,,1,24,15,9,463.0
4:07.0, ,24-18,L. Walker makes 3-pt jump shot from 26 ft,,1,24,18,6,473.0
4:04.0, ,24-18,Violation by Team (delay of game),,1,24,18,6,476.0
3:53.0,Shooting foul by R. O'Neale (drawn by J. Brown),24-18, ,,1,24,18,6,487.0
3:53.0,J. Brown makes free throw 1 of 2,25-18, ,,1,25,18,7,487.0
3:53.0,O. Brissett enters the game for J. Holiday,25-18, ,,1,25,18,7,487.0
3:53.0, ,25-18,T. Watford enters the game for R. O'Neale,,1,25,18,7,487.0
3:53.0,J. Brown makes free throw 2 of 2,26-18, ,,1,26,18,8,487.0
3:32.0, ,26-20,L. Walker makes 2-pt layup from 3 ft (assist by T. Watford),,1,26,20,6,508.0
3:18.0,K. Porziņģis misses 3-pt jump shot from 27 ft,26-20, ,,1,26,20,6,522.0
3:15.0, ,26-20,Defensive rebound by L. Walker,,1,26,20,6,525.0
3:10.0, ,26-20,Shooting foul by J. Brown (drawn by L. Walker),,1,26,20,6,530.0
3:10.0, ,26-21,L. Walker makes free throw 1 of 2,,1,26,21,5,530.0
3:10.0, ,26-21,S. Dinwiddie enters the game for M. Bridges,,1,26,21,5,530.0
3:10.0, ,26-21,D. Sharpe enters the game for D. Finney-Smith,,1,26,21,5,530.0
3:10.0, ,26-22,L. Walker makes free throw 2 of 2,,1,26,22,4,530.0
2:53.0,J. Brown misses 3-pt jump shot from 25 ft,26-22, ,,1,26,22,4,547.0
2:49.0, ,26-22,Defensive rebound by T. Watford,,1,26,22,4,551.0
2:41.0, ,26-24,L. Walker makes 2-pt jump shot from 21 ft,,1,26,24,2,559.0
2:29.0,Shooting foul by T. Watford (drawn by K. Porziņģis),26-24, ,,1,26,24,2,571.0
2:29.0,Boston full timeout,26-24, ,,1,26,24,2,571.0
2:29.0,J. Tatum enters the game for J. Brown,26-24, ,,1,26,24,2,571.0
2:29.0,K. Porziņģis makes free throw 1 of 2,27-24, ,,1,27,24,3,571.0
2:29.0,K. Porziņģis misses free throw 2 of 2,27-24, ,,1,27,24,3,571.0
2:26.0, ,27-24,Defensive rebound by T. Watford,,1,27,24,3,574.0
2:10.0, ,27-26,D. Sharpe makes 2-pt dunk from 1 ft (assist by S. Dinwiddie),,1,27,26,1,590.0
1:50.0,O. Brissett makes 3-pt jump shot from 26 ft (assist by P. Pritchard),30-26, ,,1,30,26,4,610.0
1:36.0, ,30-29,S. Dinwiddie makes 3-pt jump shot from 26 ft (assist by D. Smith),,1,30,29,1,624.0
1:26.0,Shooting foul by S. Dinwiddie (drawn by K. Porziņģis),30-29, ,,1,30,29,1,634.0
1:26.0,K. Porziņģis makes free throw 1 of 2,31-29, ,,1,31,29,2,634.0
1:26.0,K. Porziņģis misses free throw 2 of 2,31-29, ,,1,31,29,2,634.0
1:24.0, ,31-29,Defensive rebound by D. Sharpe,,1,31,29,2,636.0
1:09.0, ,31-29,L. Walker misses 2-pt jump shot from 2 ft,,1,31,29,2,651.0
1:07.0, ,31-29,Offensive rebound by D. Sharpe,,1,31,29,2,653.0
1:07.0, ,31-31,D. Sharpe makes 2-pt layup at rim,Tie,1,31,31,0,653.0
1:07.0,Technical foul by K. Porziņģis,31-31, ,,1,31,31,0,653.0
1:07.0, ,31-31,S. Dinwiddie misses technical free throw,,1,31,31,0,653.0
1:07.0,Defensive rebound by Team,31-31, ,,1,31,31,0,653.0
1:03.0,P. Pritchard misses 3-pt jump shot from 25 ft,31-31, ,,1,31,31,0,657.0
0:58.0, ,31-31,Defensive rebound by D. Smith,,1,31,31,0,662.0
0:43.0, ,31-31,D. Smith misses 3-pt jump shot from 26 ft,,1,31,31,0,677.0
0:40.0,Defensive rebound by O. Brissett,31-31, ,,1,31,31,0,680.0
0:35.0,J. Tatum misses 2-pt layup from 5 ft (block by D. Smith),31-31, ,,1,31,31,0,685.0
0:35.0,Offensive rebound by Team,31-31, ,,1,31,31,0,685.0
0:35.0,L. Kornet enters the game for K. Porziņģis,31-31, ,,1,31,31,0,685.0
0:35.0, ,31-31,D. Finney-Smith enters the game for D. Sharpe,,1,31,31,0,685.0
0:32.0,S. Hauser makes 3-pt jump shot from 28 ft (assist by J. Tatum),34-31, ,,1,34,31,3,688.0
0:17.0, ,34-31,Personal foul by P. Pritchard (drawn by D. Smith),,1,34,31,3,703.0
0:17.0,J. Holiday enters the game for L. Kornet,34-31, ,,1,34,31,3,703.0
0:17.0, ,34-31,M. Bridges enters the game for D. Smith,,1,34,31,3,703.0
0:17.0, ,34-31,C. Thomas enters the game for T. Watford,,1,34,31,3,703.0
0:03.0, ,34-33,C. Thomas makes 2-pt jump shot from 11 ft,,1,34,33,1,717.0
0:03.0, ,34-33,Shooting foul by S. Hauser (drawn by C. Thomas),,1,34,33,1,717.0
0:03.0, ,34-33,R. O'Neale enters the game for L. Walker,,1,34,33,1,717.0
0:03.0, ,34-34,C. Thomas makes free throw 1 of 1,Tie,1,34,34,0,717.0
0:00.0,P. Pritchard misses 3-pt jump shot from 25 ft,34-34, ,,1,34,34,0,720.0
0:00.0,Offensive rebound by Team,34-34, ,,1,34,34,0,720.0
0:00.0,End of 1st quarter,34-34,,,1,34,34,0,720.0
12:00.0,Start of 2nd quarter,34-34,,,2,34,34,0,720.0
11:46.0, ,34-34,D. Finney-Smith misses 3-pt jump shot from 23 ft,,2,34,34,0,734.0
11:43.0,Defensive rebound by L. Kornet,34-34, ,,2,34,34,0,737.0
11:37.0,J. Tatum misses 2-pt layup from 2 ft (block by M. Bridges),34-34, ,,2,34,34,0,743.0
11:33.0,Offensive rebound by J. Holiday,34-34, ,,2,34,34,0,747.0
11:21.0,J. Holiday misses 2-pt jump shot from 12 ft,34-34, ,,2,34,34,0,759.0
11:19.0, ,34-34,Defensive rebound by D. Sharpe,,2,34,34,0,761.0
11:07.0, ,34-34,Shooting foul by L. Kornet (drawn by D. Sharpe),,2,34,34,0,773.0
11:07.0, ,34-35,D. Sharpe makes free throw 1 of 2,Lead change,2,34,35,-1,773.0
11:07.0, ,34-36,D. Sharpe makes free throw 2 of 2,,2,34,36,-2,773.0
10:57.0,J. Tatum misses 3-pt jump shot from 24 ft,34-36, ,,2,34,36,-2,783.0
10:54.0, ,34-36,Defensive rebound by Team,,2,34,36,-2,786.0
10:37.0, ,34-38,C. Thomas makes 2-pt jump shot from 12 ft (assist by M. Bridges),,2,34,38,-4,803.0
10:22.0,O. Brissett misses 3-pt jump shot from 23 ft,34-38, ,,2,34,38,-4,818.0
10:20.0, ,34-38,Defensive rebound by M. Bridges,,2,34,38,-4,820.0
10:20.0, ,34-38,Personal foul by J. Tatum (drawn by M. Bridges),,2,34,38,-4,820.0
10:20.0,A. Horford enters the game for O. Brissett,34-38, ,,2,34,38,-4,820.0
10:06.0, ,34-38,C. Thomas misses 2-pt jump shot from 12 ft,,2,34,38,-4,834.0
10:02.0,Defensive rebound by L. Kornet,34-38, ,,2,34,38,-4,838.0
9:55.0,Shooting foul by M. Bridges (drawn by J. Holiday),34-38, ,,2,34,38,-4,845.0
9:55.0,J. Holiday makes free throw 1 of 2,35-38, ,,2,35,38,-3,845.0
9:55.0,P. Pritchard enters the game for S. Hauser,35-38, ,,2,35,38,-3,845.0
9:55.0,J. Holiday makes free throw 2 of 2,36-38, ,,2,36,38,-2,845.0
9:43.0, ,36-41,D. Finney-Smith makes 3-pt jump shot from 23 ft (assist by S. Dinwiddie),,2,36,41,-5,857.0
9:31.0,J. Holiday misses 3-pt jump shot from 24 ft,36-41, ,,2,36,41,-5,869.0
9:26.0, ,36-41,Defensive rebound by D. Finney-Smith,,2,36,41,-5,874.0
9:23.0, ,36-41,D. Finney-Smith misses 3-pt jump shot from 26 ft,,2,36,41,-5,877.0
9:20.0,Defensive rebound by L. Kornet,36-41, ,,2,36,41,-5,880.0
9:15.0,L. Kornet makes 2-pt layup from 2 ft (assist by A. Horford),38-41, ,,2,38,41,-3,885.0
8:50.0, ,38-41,C. Thomas misses 2-pt jump shot from 9 ft,,2,38,41,-3,910.0
8:48.0,Defensive rebound by A. Horford,38-41, ,,2,38,41,-3,912.0
8:41.0,L. Kornet makes 2-pt layup from 3 ft (assist by J. Holiday),40-41, ,,2,40,41,-1,919.0
8:41.0, ,40-41,Brooklyn full timeout,,2,40,41,-1,919.0
8:41.0,J. Brown enters the game for L. Kornet,40-41, ,,2,40,41,-1,919.0
8:41.0, ,40-41,R. O'Neale enters the game for D. Sharpe,,2,40,41,-1,919.0
8:28.0, ,40-41,Shooting foul by P. Pritchard (drawn by S. Dinwiddie),,2,40,41,-1,932.0
8:28.0, ,40-41,S. Dinwiddie misses free throw 1 of 2,,2,40,41,-1,932.0
8:28.0, ,40-41,Offensive rebound by Team,,2,40,41,-1,932.0
8:28.0, ,40-41,S. Dinwiddie misses free throw 2 of 2,,2,40,41,-1,932.0
8:26.0,Defensive rebound by J. Brown,40-41, ,,2,40,41,-1,934.0
8:13.0,J. Tatum makes 3-pt jump shot from 24 ft,43-41, ,Lead change,2,43,41,2,947.0
7:49.0, ,43-41,M. Bridges misses 3-pt jump shot from 26 ft,,2,43,41,2,971.0
7:47.0,Defensive rebound by J. Tatum,43-41, ,,2,43,41,2,973.0
7:40.0,J. Tatum makes 2-pt jump shot from 5 ft,45-41, ,,2,45,41,4,980.0
7:23.0, ,45-44,D. Finney-Smith makes 3-pt jump shot from 26 ft (assist by C. Thomas),,2,45,44,1,997.0
7:09.0,A. Horford misses 3-pt jump shot from 23 ft,45-44, ,,2,45,44,1,1011.0
7:05.0, ,45-44,Defensive rebound by S. Dinwiddie,,2,45,44,1,1015.0
6:59.0, ,45-44,M. Bridges misses 2-pt jump shot from 10 ft,,2,45,44,1,1021.0
6:57.0, ,45-44,Offensive rebound by D. Finney-Smith,,2,45,44,1,1023.0
6:50.0, ,45-44,M. Bridges misses 3-pt jump shot from 25 ft,,2,45,44,1,1030.0
6:46.0, ,45-44,Offensive rebound by D. Finney-Smith,,2,45,44,1,1034.0
6:44.0, ,45-44,C. Thomas misses 3-pt jump shot from 25 ft,,2,45,44,1,1036.0
6:40.0,Defensive rebound by J. Holiday,45-44, ,,2,45,44,1,1040.0
6:32.0,J. Brown makes 2-pt jump shot from 10 ft,47-44, ,,2,47,44,3,1048.0
6:18.0, ,47-46,C. Thomas makes 2-pt jump shot from 14 ft,,2,47,46,1,1062.0
6:08.0,Turnover by J. Brown (traveling),47-46, ,,2,47,46,1,1072.0
6:08.0,K. Porziņģis enters the game for P. Pritchard,47-46, ,,2,47,46,1,1072.0
6:08.0, ,47-46,D. Smith enters the game for S. Dinwiddie,,2,47,46,1,1072.0
5:59.0, ,47-46,R. O'Neale misses 3-pt jump shot from 26 ft,,2,47,46,1,1081.0
5:56.0,Defensive rebound by A. Horford,47-46, ,,2,47,46,1,1084.0
5:53.0,Personal foul by D. Finney-Smith (drawn by J. Tatum),47-46, ,,2,47,46,1,1087.0
5:47.0,J. Holiday makes 2-pt layup from 1 ft,49-46, ,,2,49,46,3,1093.0
5:24.0, ,49-46,Shooting foul by J. Brown (drawn by C. Thomas),,2,49,46,3,1116.0
5:24.0, ,49-47,C. Thomas makes free throw 1 of 2,,2,49,47,2,1116.0
5:24.0, ,49-48,C. Thomas makes free throw 2 of 2,,2,49,48,1,1116.0
5:13.0,J. Brown misses 2-pt layup from 3 ft (block by D. Smith),49-48, ,,2,49,48,1,1127.0
5:09.0,Offensive rebound by Team,49-48, ,,2,49,48,1,1131.0
5:09.0,Jump ball: J. Brown vs. D. Smith (J. Holiday gains possession),49-48,,,2,49,48,1,1131.0
5:05.0,J. Tatum makes 2-pt layup from 2 ft (assist by J. Holiday),51-48, ,,2,51,48,3,1135.0
5:05.0,Shooting foul by C. Thomas (drawn by J. Tatum),51-48, ,,2,51,48,3,1135.0
5:05.0,J. Tatum makes free throw 1 of 1,52-48, ,,2,52,48,4,1135.0
4:46.0, ,52-48,C. Thomas misses 2-pt jump shot from 16 ft,,2,52,48,4,1154.0
4:45.0,Defensive rebound by Team,52-48, ,,2,52,48,4,1155.0
4:45.0, ,52-48,Loose ball foul by D. Smith (drawn by K. Porziņģis),,2,52,48,4,1155.0
4:32.0,J. Tatum misses 2-pt layup from 6 ft (block by C. Thomas),52-48, ,,2,52,48,4,1168.0
4:32.0,Offensive rebound by Team,52-48, ,,2,52,48,4,1168.0
4:29.0,Turnover by J. Tatum (bad pass; steal by D. Smith),52-48, ,,2,52,48,4,1171.0
4:25.0, ,52-50,C. Thomas makes 2-pt layup from 3 ft (assist by M. Bridges),,2,52,50,2,1175.0
4:15.0,Boston full timeout,52-50, ,,2,52,50,2,1185.0
4:15.0,Instant Replay (Challenge: Ruling Stands),52-50, ,,2,52,50,2,1185.0
4:15.0, ,52-50,L. Walker enters the game for C. Thomas,,2,52,50,2,1185.0
4:02.0,Shooting foul by D. Smith (drawn by J. Brown),52-50, ,,2,52,50,2,1198.0
4:02.0,J. Brown makes free throw 1 of 2,53-50, ,,2,53,50,3,1198.0
4:02.0,J. Brown makes free throw 2 of 2,54-50, ,,2,54,50,4,1198.0
3:53.0, ,54-50,D. Smith misses 3-pt jump shot from 27 ft,,2,54,50,4,1207.0
3:50.0,Defensive rebound by J. Tatum,54-50, ,,2,54,50,4,1210.0
3:44.0,J. Brown makes 2-pt layup from 2 ft,56-50, ,,2,56,50,6,1216.0
3:30.0, ,56-50,R. O'Neale misses 3-pt jump shot from 23 ft,,2,56,50,6,1230.0
3:27.0,Defensive rebound by J. Tatum,56-50, ,,2,56,50,6,1233.0
3:20.0,A. Horford misses 3-pt jump shot from 25 ft,56-50, ,,2,56,50,6,1240.0
3:16.0,Offensive rebound by J. Holiday,56-50, ,,2,56,50,6,1244.0
3:16.0,Shooting foul by D. Smith (drawn by J. Tatum),56-50, ,,2,56,50,6,1244.0
3:16.0,J. Tatum makes free throw 1 of 2,57-50, ,,2,57,50,7,1244.0
3:16.0, ,57-50,S. Dinwiddie enters the game for M. Bridges,,2,57,50,7,1244.0
3:16.0, ,57-50,D. Sharpe enters the game for D. Finney-Smith,,2,57,50,7,1244.0
3:16.0, ,57-50,C. Thomas enters the game for D. Smith,,2,57,50,7,1244.0
3:16.0,J. Tatum makes free throw 2 of 2,58-50, ,,2,58,50,8,1244.0
3:07.0, ,58-50,R. O'Neale misses 3-pt jump shot from 27 ft,,2,58,50,8,1253.0
3:06.0, ,58-50,Offensive rebound by Team,,2,58,50,8,1254.0
3:06.0,Loose ball foul by K. Porziņģis (drawn by D. Sharpe),58-50, ,,2,58,50,8,1254.0
3:06.0, ,58-50,D. Sharpe misses free throw 1 of 2,,2,58,50,8,1254.0
3:06.0, ,58-51,D. Sharpe makes free throw 2 of 2,,2,58,51,7,1254.0
2:50.0,Turnover by J. Tatum (traveling),58-51, ,,2,58,51,7,1270.0
2:30.0, ,58-54,R. O'Neale makes 3-pt jump shot from 27 ft (assist by S. Dinwiddie),,2,58,54,4,1290.0
2:18.0,J. Tatum misses 3-pt jump shot from 25 ft,58-54, ,,2,58,54,4,1302.0
2:14.0,Offensive rebound by K. Porziņģis,58-54, ,,2,58,54,4,1306.0
2:12.0,K. Porziņģis makes 2-pt layup from 1 ft,60-54, ,,2,60,54,6,1308.0
2:04.0, ,60-54,L. Walker misses 3-pt jump shot from 23 ft,,2,60,54,6,1316.0
2:00.0,Defensive rebound by J. Brown,60-54, ,,2,60,54,6,1320.0
1:56.0,K. Porziņģis makes 2-pt dunk from 2 ft (assist by J. Brown),62-54, ,,2,62,54,8,1324.0
1:35.0, ,62-54,Shooting foul by A. Horford (drawn by D. Sharpe),,2,62,54,8,1345.0
1:35.0, ,62-55,D. Sharpe makes free throw 1 of 2,,2,62,55,7,1345.0
1:35.0, ,62-56,D. Sharpe makes free throw 2 of 2,,2,62,56,6,1345.0
1:26.0,J. Brown misses 3-pt jump shot from 25 ft,62-56, ,,2,62,56,6,1354.0
1:20.0, ,62-56,Defensive rebound by S. Dinwiddie,,2,62,56,6,1360.0
1:15.0, ,62-56,R. O'Neale misses 2-pt layup from 3 ft,,2,62,56,6,1365.0
1:10.0, ,62-56,Offensive rebound by D. Sharpe,,2,62,56,6,1370.0
1:10.0, ,62-58,D. Sharpe makes 2-pt dunk at rim,,2,62,58,4,1370.0
1:05.0,J. Holiday makes 3-pt jump shot from 25 ft,65-58, ,,2,65,58,7,1375.0
0:55.0, ,65-58,R. O'Neale misses 3-pt jump shot from 23 ft,,2,65,58,7,1385.0
0:52.0,Defensive rebound by J. Holiday,65-58, ,,2,65,58,7,1388.0
0:38.0,Shooting foul by D. Sharpe (drawn by K. Porziņģis),65-58, ,,2,65,58,7,1402.0
0:38.0,K. Porziņģis makes free throw 1 of 2,66-58, ,,2,66,58,8,1402.0
0:38.0,K. Porziņģis makes free throw 2 of 2,67-58, ,,2,67,58,9,1402.0
0:38.0, ,67-58,M. Bridges enters the game for D. Sharpe,,2,67,58,9,1402.0
0:38.0, ,67-58,D. Finney-Smith enters the game for L. Walker,,2,67,58,9,1402.0
0:14.0, ,67-58,R. O'Neale misses 3-pt jump shot from 26 ft,,2,67,58,9,1426.0
0:14.0, ,67-58,Offensive rebound by Team,,2,67,58,9,1426.0
0:14.0, ,67-58,Turnover by Team (shot clock),,2,67,58,9,1426.0
0:00.0,J. Tatum makes 3-pt jump shot from 27 ft (assist by K. Porziņģis),70-58, ,,2,70,58,12,1440.0
0:00.0,Instant Replay (Request: Ruling Stands),70-58, ,,2,70,58,12,1440.0
0:00.0,End of 2nd quarter,70-58,,,2,70,58,12,1440.0
12:00.0,Start of 3rd quarter,70-58,,,3,70,58,12,1440.0
11:38.0, ,70-60,M. Bridges makes 2-pt jump shot from 14 ft,,3,70,60,10,1462.0
11:16.0,Turnover by J. Brown (bad pass),70-60, ,,3,70,60,10,1484.0
11:07.0, ,70-63,M. Bridges makes 3-pt jump shot from 25 ft,,3,70,63,7,1493.0
10:55.0,J. Holiday misses 3-pt jump shot from 25 ft,70-63, ,,3,70,63,7,1505.0
10:53.0, ,70-63,Defensive rebound by D. Finney-Smith,,3,70,63,7,1507.0
10:40.0, ,70-66,D. Finney-Smith makes 3-pt jump shot from 25 ft (assist by S. Dinwiddie),,3,70,66,4,1520.0
10:17.0,K. Porziņģis makes 2-pt layup from 1 ft (assist by J. Holiday),72-66, ,,3,72,66,6,1543.0
10:06.0, ,72-69,S. Dinwiddie makes 3-pt jump shot from 26 ft,,3,72,69,3,1554.0
9:49.0,K. Porziņģis makes 2-pt jump shot from 3 ft,74-69, ,,3,74,69,5,1571.0
9:41.0, ,74-69,M. Bridges misses 3-pt jump shot from 25 ft,,3,74,69,5,1579.0
9:38.0,Defensive rebound by J. Tatum,74-69, ,,3,74,69,5,1582.0
9:34.0,J. Brown misses 2-pt layup from 3 ft,74-69, ,,3,74,69,5,1586.0
9:34.0, ,74-69,Defensive rebound by Team,,3,74,69,5,1586.0
9:34.0, ,74-69,Brooklyn full timeout,,3,74,69,5,1586.0
9:34.0, ,74-69,Instant Replay (Challenge: Ruling Stands),,3,74,69,5,1586.0
9:13.0, ,74-69,M. Bridges misses 3-pt jump shot from 25 ft,,3,74,69,5,1607.0
9:10.0,Defensive rebound by A. Horford,74-69, ,,3,74,69,5,1610.0
8:51.0,J. Brown misses 2-pt jump shot from 13 ft,74-69, ,,3,74,69,5,1629.0
8:48.0, ,74-69,Defensive rebound by C. Thomas,,3,74,69,5,1632.0
8:34.0, ,74-69,C. Thomas misses 2-pt jump shot from 15 ft,,3,74,69,5,1646.0
8:32.0,Defensive rebound by J. Tatum,74-69, ,,3,74,69,5,1648.0
8:27.0,J. Holiday misses 3-pt jump shot from 28 ft,74-69, ,,3,74,69,5,1653.0
8:24.0, ,74-69,Defensive rebound by C. Thomas,,3,74,69,5,1656.0
8:15.0, ,74-71,S. Dinwiddie makes 2-pt layup from 2 ft (assist by R. O'Neale),,3,74,71,3,1665.0
8:04.0,J. Holiday makes 2-pt layup from 2 ft,76-71, ,,3,76,71,5,1676.0
7:56.0, ,76-73,C. Thomas makes 2-pt layup from 3 ft,,3,76,73,3,1684.0
7:56.0,Boston full timeout,76-73, ,,3,76,73,3,1684.0
7:45.0,Turnover by J. Holiday (bad pass; steal by M. Bridges),76-73, ,,3,76,73,3,1695.0
7:34.0, ,76-73,S. Dinwiddie misses 3-pt jump shot from 25 ft,,3,76,73,3,1706.0
7:31.0,Defensive rebound by J. Tatum,76-73, ,,3,76,73,3,1709.0
7:20.0,J. Brown makes 3-pt jump shot from 24 ft (assist by J. Holiday),79-73, ,,3,79,73,6,1720.0
6:57.0, ,79-73,R. O'Neale misses 3-pt jump shot from 25 ft,,3,79,73,6,1743.0
6:53.0, ,79-73,Offensive rebound by M. Bridges,,3,79,73,6,1747.0
6:52.0, ,79-75,M. Bridges makes 2-pt layup from 1 ft,,3,79,75,4,1748.0
6:44.0,Personal foul by M. Bridges (drawn by J. Brown),79-75, ,,3,79,75,4,1756.0
6:34.0,K. Porziņģis makes 3-pt jump shot from 29 ft (assist by J. Holiday),82-75, ,,3,82,75,7,1766.0
6:19.0, ,82-77,S. Dinwiddie makes 2-pt layup from 2 ft (assist by D. Finney-Smith),,3,82,77,5,1781.0
6:03.0,J. Tatum misses 2-pt jump shot from 16 ft,82-77, ,,3,82,77,5,1797.0
5:59.0, ,82-77,Defensive rebound by C. Thomas,,3,82,77,5,1801.0
5:42.0, ,82-77,S. Dinwiddie misses 2-pt jump shot from 11 ft,,3,82,77,5,1818.0
5:38.0,Defensive rebound by A. Horford,82-77, ,,3,82,77,5,1822.0
5:26.0,J. Holiday makes 3-pt jump shot from 24 ft (assist by A. Horford),85-77, ,,3,85,77,8,1834.0
5:07.0, ,85-79,C. Thomas makes 2-pt jump shot from 14 ft (assist by M. Bridges),,3,85,79,6,1853.0
4:58.0,J. Brown misses 3-pt jump shot from 28 ft,85-79, ,,3,85,79,6,1862.0
4:55.0, ,85-79,Defensive rebound by C. Thomas,,3,85,79,6,1865.0
4:50.0, ,85-79,D. Finney-Smith misses 3-pt jump shot from 25 ft,,3,85,79,6,1870.0
4:46.0,Defensive rebound by J. Tatum,85-79, ,,3,85,79,6,1874.0
4:33.0,Offensive foul by K. Porziņģis (drawn by C. Thomas),85-79, ,,3,85,79,6,1887.0
4:33.0,Turnover by K. Porziņģis (offensive foul),85-79, ,,3,85,79,6,1887.0
4:33.0,L. Kornet enters the game for A. Horford,85-79, ,,3,85,79,6,1887.0
4:33.0,P. Pritchard enters the game for K. Porziņģis,85-79, ,,3,85,79,6,1887.0
4:33.0, ,85-79,D. Sharpe enters the game for D. Finney-Smith,,3,85,79,6,1887.0
4:22.0, ,85-82,S. Dinwiddie makes 3-pt jump shot from 24 ft (assist by M. Bridges),,3,85,82,3,1898.0
4:07.0,Shooting foul by D. Sharpe (drawn by J. Tatum),85-82, ,,3,85,82,3,1913.0
4:07.0,J. Tatum makes free throw 1 of 2,86-82, ,,3,86,82,4,1913.0
4:07.0,J. Tatum makes free throw 2 of 2,87-82, ,,3,87,82,5,1913.0
3:53.0, ,87-82,Personal foul by J. Holiday (drawn by S. Dinwiddie),,3,87,82,5,1927.0
3:53.0,S. Hauser enters the game for J. Tatum,87-82, ,,3,87,82,5,1927.0
3:42.0, ,87-82,S. Dinwiddie misses 3-pt jump shot from 25 ft,,3,87,82,5,1938.0
3:39.0,Defensive rebound by S. Hauser,87-82, ,,3,87,82,5,1941.0
3:32.0,J. Brown misses 3-pt jump shot from 26 ft,87-82, ,,3,87,82,5,1948.0
3:29.0, ,87-82,Defensive rebound by D. Sharpe,,3,87,82,5,1951.0
3:20.0, ,87-84,C. Thomas makes 2-pt jump shot from 14 ft,,3,87,84,3,1960.0
2:59.0,Personal foul by R. O'Neale (drawn by J. Holiday),87-84, ,,3,87,84,3,1981.0
2:59.0, ,87-84,L. Walker enters the game for M. Bridges,,3,87,84,3,1981.0
2:56.0,Offensive foul by S. Hauser (drawn by R. O'Neale),87-84, ,,3,87,84,3,1984.0
2:56.0,Turnover by S. Hauser (offensive foul),87-84, ,,3,87,84,3,1984.0
2:40.0, ,87-84,C. Thomas misses 3-pt jump shot from 25 ft,,3,87,84,3,2000.0
2:39.0, ,87-84,Offensive rebound by Team,,3,87,84,3,2001.0
2:39.0,Loose ball foul by L. Kornet (drawn by D. Sharpe),87-84, ,,3,87,84,3,2001.0
2:25.0, ,87-86,C. Thomas makes 2-pt hook shot from 8 ft,,3,87,86,1,2015.0
2:14.0,L. Kornet makes 2-pt layup from 2 ft (assist by J. Holiday),89-86, ,,3,89,86,3,2026.0
2:03.0, ,89-86,Personal foul by J. Brown (drawn by L. Walker),,3,89,86,3,2037.0
1:59.0, ,89-86,Turnover by D. Sharpe (bad pass; steal by S. Hauser),,3,89,86,3,2041.0
1:54.0,S. Hauser makes 2-pt dunk from 2 ft,91-86, ,,3,91,86,5,2046.0
1:39.0, ,91-88,S. Dinwiddie makes 2-pt jump shot from 12 ft,,3,91,88,3,2061.0
1:28.0,J. Brown misses 2-pt layup from 3 ft,91-88, ,,3,91,88,3,2072.0
1:26.0, ,91-88,Defensive rebound by S. Dinwiddie,,3,91,88,3,2074.0
1:16.0, ,91-88,D. Sharpe misses 2-pt hook shot from 5 ft,,3,91,88,3,2084.0
1:14.0, ,91-88,Offensive rebound by D. Sharpe,,3,91,88,3,2086.0
1:13.0, ,91-88,Turnover by D. Sharpe (bad pass; steal by S. Hauser),,3,91,88,3,2087.0
1:10.0,J. Brown misses 2-pt layup from 2 ft (block by R. O'Neale),91-88, ,,3,91,88,3,2090.0
1:10.0,Offensive rebound by Team,91-88, ,,3,91,88,3,2090.0
1:10.0, ,91-88,M. Bridges enters the game for S. Dinwiddie,,3,91,88,3,2090.0
1:10.0, ,91-88,D. Smith enters the game for C. Thomas,,3,91,88,3,2090.0
1:07.0,P. Pritchard misses 3-pt jump shot from 23 ft,91-88, ,,3,91,88,3,2093.0
1:03.0,Offensive rebound by J. Holiday,91-88, ,,3,91,88,3,2097.0
0:59.0,J. Holiday misses 2-pt jump shot from 22 ft,91-88, ,,3,91,88,3,2101.0
0:57.0, ,91-88,Defensive rebound by R. O'Neale,,3,91,88,3,2103.0
0:49.0, ,91-88,L. Walker misses 2-pt jump shot from 16 ft,,3,91,88,3,2111.0
0:45.0,Defensive rebound by L. Kornet,91-88, ,,3,91,88,3,2115.0
0:35.0,J. Brown misses 3-pt jump shot from 27 ft,91-88, ,,3,91,88,3,2125.0
0:33.0, ,91-88,Defensive rebound by Team,,3,91,88,3,2127.0
0:14.0, ,91-88,R. O'Neale misses 3-pt jump shot from 24 ft,,3,91,88,3,2146.0
0:11.0, ,91-88,Offensive rebound by Team,,3,91,88,3,2149.0
0:11.0,A. Horford enters the game for L. Kornet,91-88, ,,3,91,88,3,2149.0
0:11.0, ,91-88,C. Thomas enters the game for D. Sharpe,,3,91,88,3,2149.0
0:02.0, ,91-88,Personal foul by J. Brown (drawn by M. Bridges),,3,91,88,3,2158.0
0:00.0, ,91-88,C. Thomas misses 2-pt jump shot from 13 ft (block by J. Brown),,3,91,88,3,2160.0
0:00.0, ,91-88,Offensive rebound by Team,,3,91,88,3,2160.0
0:00.0,End of 3rd quarter,91-88,,,3,91,88,3,2160.0
12:00.0,Start of 4th quarter,91-88,,,4,91,88,3,2160.0
11:41.0,Shooting foul by D. Sharpe (drawn by O. Brissett),91-88, ,,4,91,88,3,2179.0
11:41.0,O. Brissett makes free throw 1 of 2,92-88, ,,4,92,88,4,2179.0
11:41.0,O. Brissett makes free throw 2 of 2,93-88, ,,4,93,88,5,2179.0
11:22.0, ,93-88,M. Bridges misses 2-pt jump shot from 15 ft,,4,93,88,5,2198.0
11:18.0,Defensive rebound by O. Brissett,93-88, ,,4,93,88,5,2202.0
11:13.0,J. Tatum misses 3-pt jump shot from 27 ft,93-88, ,,4,93,88,5,2207.0
11:10.0, ,93-88,Defensive rebound by D. Sharpe,,4,93,88,5,2210.0
11:02.0, ,93-88,Turnover by D. Smith (bad pass; steal by L. Kornet),,4,93,88,5,2218.0
10:50.0,O. Brissett misses 3-pt jump shot from 26 ft,93-88, ,,4,93,88,5,2230.0
10:46.0, ,93-88,Defensive rebound by M. Bridges,,4,93,88,5,2234.0
10:39.0, ,93-88,Shooting foul by L. Kornet (drawn by D. Sharpe),,4,93,88,5,2241.0
10:39.0, ,93-88,D. Sharpe misses free throw 1 of 2,,4,93,88,5,2241.0
10:39.0, ,93-88,Offensive rebound by Team,,4,93,88,5,2241.0
10:39.0, ,93-88,D. Sharpe misses free throw 2 of 2,,4,93,88,5,2241.0
10:37.0,Defensive rebound by L. Kornet,93-88, ,,4,93,88,5,2243.0
10:24.0,O. Brissett misses 3-pt jump shot from 23 ft,93-88, ,,4,93,88,5,2256.0
10:18.0, ,93-88,Defensive rebound by L. Walker,,4,93,88,5,2262.0
10:11.0, ,93-90,L. Walker makes 2-pt jump shot from 20 ft,,4,93,90,3,2269.0
9:51.0,L. Kornet makes 2-pt layup from 2 ft (assist by P. Pritchard),95-90, ,,4,95,90,5,2289.0
9:51.0,Shooting foul by D. Finney-Smith (drawn by L. Kornet),95-90, ,,4,95,90,5,2289.0
9:51.0,L. Kornet makes free throw 1 of 1,96-90, ,,4,96,90,6,2289.0
9:37.0, ,96-90,M. Bridges misses 2-pt jump shot from 17 ft,,4,96,90,6,2303.0
9:34.0,Defensive rebound by J. Tatum,96-90, ,,4,96,90,6,2306.0
9:25.0,J. Tatum misses 2-pt jump shot from 11 ft,96-90, ,,4,96,90,6,2315.0
9:22.0, ,96-90,Defensive rebound by L. Walker,,4,96,90,6,2318.0
9:10.0, ,96-90,Brooklyn full timeout,,4,96,90,6,2330.0
9:10.0, ,96-90,R. O'Neale enters the game for D. Sharpe,,4,96,90,6,2330.0
9:04.0, ,96-90,M. Bridges misses 2-pt layup from 2 ft,,4,96,90,6,2336.0
9:02.0,Defensive rebound by L. Kornet,96-90, ,,4,96,90,6,2338.0
8:49.0,P. Pritchard misses 3-pt jump shot from 26 ft,96-90, ,,4,96,90,6,2351.0
8:45.0, ,96-90,Defensive rebound by D. Finney-Smith,,4,96,90,6,2355.0
8:24.0, ,96-92,L. Walker makes 2-pt layup from 2 ft (assist by R. O'Neale),,4,96,92,4,2376.0
7:58.0,Turnover by P. Pritchard (traveling),96-92, ,,4,96,92,4,2402.0
7:58.0,J. Holiday enters the game for P. Pritchard,96-92, ,,4,96,92,4,2402.0
7:58.0, ,96-92,C. Thomas enters the game for M. Bridges,,4,96,92,4,2402.0
7:47.0, ,96-95,D. Smith makes 3-pt jump shot from 26 ft (assist by C. Thomas),,4,96,95,1,2413.0
7:31.0,S. Hauser misses 3-pt jump shot from 26 ft,96-95, ,,4,96,95,1,2429.0
7:27.0,Offensive rebound by O. Brissett,96-95, ,,4,96,95,1,2433.0
7:27.0,J. Tatum makes 3-pt jump shot from 26 ft (assist by O. Brissett),99-95, ,,4,99,95,4,2433.0
7:13.0, ,99-97,D. Smith makes 2-pt layup from 3 ft (assist by C. Thomas),,4,99,97,2,2447.0
7:03.0,Personal foul by C. Thomas (drawn by J. Tatum),99-97, ,,4,99,97,2,2457.0
7:03.0,A. Horford enters the game for O. Brissett,99-97, ,,4,99,97,2,2457.0
6:57.0,L. Kornet makes 2-pt dunk from 1 ft,101-97, ,,4,101,97,4,2463.0
6:44.0, ,101-97,D. Smith misses 3-pt jump shot from 25 ft,,4,101,97,4,2476.0
6:41.0, ,101-97,Offensive rebound by D. Finney-Smith,,4,101,97,4,2479.0
6:41.0, ,101-97,Turnover by L. Walker (step out of bounds),,4,101,97,4,2479.0
6:31.0,J. Holiday makes 3-pt jump shot from 27 ft,104-97, ,,4,104,97,7,2489.0
6:15.0, ,104-97,C. Thomas misses 2-pt jump shot from 8 ft (block by J. Holiday),,4,104,97,7,2505.0
6:12.0,Defensive rebound by L. Kornet,104-97, ,,4,104,97,7,2508.0
6:10.0,Turnover by J. Holiday (bad pass),104-97, ,,4,104,97,7,2510.0
6:10.0, ,104-97,M. Bridges enters the game for D. Smith,,4,104,97,7,2510.0
6:10.0, ,104-97,S. Dinwiddie enters the game for L. Walker,,4,104,97,7,2510.0
5:52.0, ,104-97,S. Dinwiddie misses 3-pt jump shot from 26 ft,,4,104,97,7,2528.0
5:49.0,Defensive rebound by J. Holiday,104-97, ,,4,104,97,7,2531.0
5:36.0,J. Tatum makes 3-pt jump shot from 27 ft,107-97, ,,4,107,97,10,2544.0
5:25.0, ,107-99,S. Dinwiddie makes 2-pt layup from 1 ft,,4,107,99,8,2555.0
5:11.0,J. Tatum makes 2-pt layup from 1 ft,109-99, ,,4,109,99,10,2569.0
5:10.0, ,109-99,Technical foul by J. Vaughn,,4,109,99,10,2570.0
5:10.0,J. Tatum makes technical free throw,110-99, ,,4,110,99,11,2570.0
5:10.0, ,110-99,Brooklyn full timeout,,4,110,99,11,2570.0
5:10.0,J. Brown enters the game for S. Hauser,110-99, ,,4,110,99,11,2570.0
5:10.0,K. Porziņģis enters the game for L. Kornet,110-99, ,,4,110,99,11,2570.0
4:48.0, ,110-102,M. Bridges makes 3-pt jump shot from 25 ft,,4,110,102,8,2592.0
4:29.0,J. Brown misses 3-pt jump shot from 23 ft,110-102, ,,4,110,102,8,2611.0
4:25.0, ,110-102,Defensive rebound by M. Bridges,,4,110,102,8,2615.0
4:20.0, ,110-102,Turnover by S. Dinwiddie (bad pass; steal by A. Horford),,4,110,102,8,2620.0
4:16.0,Personal foul by R. O'Neale (drawn by K. Porziņģis),110-102, ,,4,110,102,8,2624.0
4:03.0,J. Holiday misses 2-pt layup from 3 ft,110-102, ,,4,110,102,8,2637.0
4:01.0, ,110-102,Defensive rebound by S. Dinwiddie,,4,110,102,8,2639.0
3:57.0, ,110-102,S. Dinwiddie misses 2-pt layup from 1 ft,,4,110,102,8,2643.0
3:55.0,Defensive rebound by J. Tatum,110-102, ,,4,110,102,8,2645.0
3:51.0,A. Horford makes 2-pt layup from 2 ft (assist by J. Holiday),112-102, ,,4,112,102,10,2649.0
3:41.0, ,112-102,D. Finney-Smith misses 3-pt jump shot from 25 ft,,4,112,102,10,2659.0
3:38.0,Defensive rebound by Team,112-102, ,,4,112,102,10,2662.0
3:24.0,J. Brown misses 3-pt jump shot from 26 ft,112-102, ,,4,112,102,10,2676.0
3:21.0, ,112-102,Defensive rebound by M. Bridges,,4,112,102,10,2679.0
3:14.0, ,112-102,R. O'Neale misses 3-pt jump shot from 24 ft,,4,112,102,10,2686.0
3:11.0,Defensive rebound by J. Brown,112-102, ,,4,112,102,10,2689.0
3:00.0,Shooting foul by M. Bridges (drawn by K. Porziņģis),112-102, ,,4,112,102,10,2700.0
3:00.0,K. Porziņģis makes free throw 1 of 2,113-102, ,,4,113,102,11,2700.0
3:00.0,K. Porziņģis misses free throw 2 of 2,113-102, ,,4,113,102,11,2700.0
2:57.0, ,113-102,Defensive rebound by D. Finney-Smith,,4,113,102,11,2703.0
2:49.0, ,113-105,M. Bridges makes 3-pt jump shot from 25 ft (assist by R. O'Neale),,4,113,105,8,2711.0
2:33.0,A. Horford misses 3-pt jump shot from 23 ft,113-105, ,,4,113,105,8,2727.0
2:28.0,Offensive rebound by J. Holiday,113-105, ,,4,113,105,8,2732.0
2:27.0,J. Holiday misses 3-pt jump shot from 26 ft,113-105, ,,4,113,105,8,2733.0
2:24.0, ,113-105,Defensive rebound by C. Thomas,,4,113,105,8,2736.0
2:16.0, ,113-105,C. Thomas misses 3-pt jump shot from 25 ft,,4,113,105,8,2744.0
2:13.0,Defensive rebound by J. Holiday,113-105, ,,4,113,105,8,2747.0
2:10.0,J. Brown makes 2-pt layup from 1 ft (assist by J. Holiday),115-105, ,,4,115,105,10,2750.0
1:55.0, ,115-105,M. Bridges misses 3-pt jump shot from 25 ft,,4,115,105,10,2765.0
1:55.0,Defensive rebound by Team,115-105, ,,4,115,105,10,2765.0
1:42.0,J. Brown misses 3-pt jump shot from 26 ft,115-105, ,,4,115,105,10,2778.0
1:40.0,Offensive rebound by K. Porziņģis,115-105, ,,4,115,105,10,2780.0
1:40.0,K. Porziņģis makes 2-pt layup at rim,117-105, ,,4,117,105,12,2780.0
1:40.0, ,117-105,Brooklyn full timeout,,4,117,105,12,2780.0
1:32.0, ,117-105,C. Thomas misses 2-pt layup from 1 ft (block by K. Porziņģis),,4,117,105,12,2788.0
1:29.0,Defensive rebound by J. Tatum,117-105, ,,4,117,105,12,2791.0
1:28.0,A. Horford makes 2-pt dunk from 2 ft (assist by J. Brown),119-105, ,,4,119,105,14,2792.0
1:28.0,Technical foul by A. Horford,119-105, ,,4,119,105,14,2792.0
1:28.0, ,119-106,M. Bridges makes technical free throw,,4,119,106,13,2792.0
1:28.0, ,119-106,T. Watford enters the game for D. Finney-Smith,,4,119,106,13,2792.0
1:18.0, ,119-109,M. Bridges makes 3-pt jump shot from 24 ft (assist by T. Watford),,4,119,109,10,2802.0
1:05.0,Shooting foul by M. Bridges (drawn by J. Brown),119-109, ,,4,119,109,10,2815.0
1:05.0,J. Brown makes free throw 1 of 2,120-109, ,,4,120,109,11,2815.0
1:05.0,P. Pritchard enters the game for A. Horford,120-109, ,,4,120,109,11,2815.0
1:05.0, ,120-109,A. Brooks enters the game for M. Bridges,,4,120,109,11,2815.0
1:05.0, ,120-109,D. Sharpe enters the game for S. Dinwiddie,,4,120,109,11,2815.0
1:05.0, ,120-109,J. Wilson enters the game for R. O'Neale,,4,120,109,11,2815.0
1:05.0,J. Brown makes free throw 2 of 2,121-109, ,,4,121,109,12,2815.0
0:57.0, ,121-112,C. Thomas makes 3-pt jump shot from 26 ft (assist by D. Sharpe),,4,121,112,9,2823.0
0:34.0,J. Brown makes 3-pt jump shot from 35 ft,124-112, ,,4,124,112,12,2846.0
0:18.0, ,124-114,C. Thomas makes 2-pt jump shot from 8 ft,,4,124,114,10,2862.0
0:00.0,End of 4th quarter,124-114,,,4,124,114,10,2880.0
