Time,Minnesota,Score,Boston,Event,Quarter,TeamScore,OpponentScore,PointDifference,ElapsedTime
12:00.0,Jump ball: K. Towns vs. A. Horford (J. Brown gains possession),0-0,,,1,0,0,0,0.0
11:41.0, ,0-0,Turnover by J. Holiday (bad pass),,1,0,0,0,19.0
11:30.0,Personal foul by J. Holiday (drawn by A. Edwards),0-0, ,,1,0,0,0,30.0
11:23.0,N. Alexander-Walker misses 3-pt jump shot from 25 ft,0-0, ,,1,0,0,0,37.0
11:20.0, ,0-0,Defensive rebound by A. Horford,,1,0,0,0,40.0
11:14.0, ,0-0,Personal foul by K. Anderson (drawn by J. Tatum),,1,0,0,0,46.0
11:03.0, ,0-3,J. Tatum makes 3-pt jump shot from 23 ft (assist by D. White),,1,3,0,3,57.0
10:44.0,J. McDaniels misses 2-pt jump shot from 15 ft,0-3, ,,1,3,0,3,76.0
10:41.0,Offensive rebound by K. Anderson,0-3, ,,1,3,0,3,79.0
10:37.0,J. McDaniels misses 2-pt jump shot from 6 ft,0-3, ,,1,3,0,3,83.0
10:36.0, ,0-3,Defensive rebound by J. Holiday,,1,3,0,3,84.0
10:30.0, ,0-3,J. Holiday misses 3-pt jump shot from 28 ft,,1,3,0,3,90.0
10:28.0,Defensive rebound by K. Anderson,0-3, ,,1,3,0,3,92.0
10:20.0,K. Anderson makes 2-pt hook shot from 10 ft,2-3, ,,1,3,2,1,100.0
10:03.0, ,2-6,J. Brown makes 3-pt jump shot from 25 ft (assist by J. Holiday),,1,6,2,4,117.0
9:45.0,N. Alexander-Walker misses 3-pt jump shot from 25 ft,2-6, ,,1,6,2,4,135.0
9:43.0, ,2-6,Defensive rebound by D. White,,1,6,2,4,137.0
9:39.0, ,2-6,D. White misses 2-pt jump shot from 16 ft,,1,6,2,4,141.0
9:35.0,Defensive rebound by K. Towns,2-6, ,,1,6,2,4,145.0
9:21.0,A. Edwards misses 2-pt jump shot from 12 ft,2-6, ,,1,6,2,4,159.0
9:19.0, ,2-6,Defensive rebound by A. Horford,,1,6,2,4,161.0
9:11.0, ,2-6,Shooting foul by N. Alexander-Walker (drawn by J. Tatum),,1,6,2,4,169.0
9:11.0, ,2-7,J. Tatum makes free throw 1 of 2,,1,7,2,5,169.0
9:11.0, ,2-8,J. Tatum makes free throw 2 of 2,,1,8,2,6,169.0
8:54.0,Shooting foul by J. Holiday (drawn by K. Towns),2-8, ,,1,8,2,6,186.0
8:54.0,K. Towns makes free throw 1 of 2,3-8, ,,1,8,3,5,186.0
8:54.0,K. Towns makes free throw 2 of 2,4-8, ,,1,8,4,4,186.0
8:40.0, ,4-11,J. Brown makes 3-pt jump shot from 26 ft (assist by A. Horford),,1,11,4,7,200.0
8:17.0,J. McDaniels misses 3-pt jump shot from 27 ft,4-11, ,,1,11,4,7,223.0
8:14.0, ,4-11,Defensive rebound by J. Holiday,,1,11,4,7,226.0
8:06.0, ,4-11,J. Brown misses 3-pt jump shot from 25 ft,,1,11,4,7,234.0
8:06.0,Defensive rebound by K. Towns,4-11, ,,1,11,4,7,234.0
7:50.0,K. Anderson misses 2-pt hook shot from 10 ft,4-11, ,,1,11,4,7,250.0
7:48.0, ,4-11,Defensive rebound by J. Tatum,,1,11,4,7,252.0
7:40.0, ,4-11,J. Tatum misses 2-pt jump shot from 16 ft,,1,11,4,7,260.0
7:36.0,Defensive rebound by J. McDaniels,4-11, ,,1,11,4,7,264.0
7:35.0,Turnover by J. McDaniels (discontinued dribble),4-11, ,,1,11,4,7,265.0
7:35.0,N. Reid enters the game for K. Anderson,4-11, ,,1,11,4,7,265.0
7:29.0, ,4-11,Shooting foul by N. Reid (drawn by J. Brown),,1,11,4,7,271.0
7:29.0, ,4-12,J. Brown makes free throw 1 of 2,,1,12,4,8,271.0
7:29.0, ,4-12,S. Hauser enters the game for J. Holiday,,1,12,4,8,271.0
7:29.0, ,4-13,J. Brown makes free throw 2 of 2,,1,13,4,9,271.0
7:08.0,K. Towns makes 2-pt layup from 5 ft,6-13, ,,1,13,6,7,292.0
7:08.0,Shooting foul by S. Hauser (drawn by K. Towns),6-13, ,,1,13,6,7,292.0
7:08.0,K. Towns makes free throw 1 of 1,7-13, ,,1,13,7,6,292.0
6:51.0, ,7-13,J. Tatum misses 3-pt jump shot from 26 ft,,1,13,7,6,309.0
6:48.0,Defensive rebound by A. Edwards,7-13, ,,1,13,7,6,312.0
6:33.0,J. McDaniels makes 2-pt jump shot from 10 ft,9-13, ,,1,13,9,4,327.0
6:11.0, ,9-13,A. Horford misses 2-pt hook shot from 10 ft,,1,13,9,4,349.0
6:09.0,Defensive rebound by N. Reid,9-13, ,,1,13,9,4,351.0
6:00.0,N. Alexander-Walker misses 2-pt jump shot from 10 ft,9-13, ,,1,13,9,4,360.0
5:58.0,Offensive rebound by N. Reid,9-13, ,,1,13,9,4,362.0
5:58.0,N. Reid makes 2-pt layup at rim,11-13, ,,1,13,11,2,362.0
5:58.0, ,11-13,Boston full timeout,,1,13,11,2,362.0
5:58.0,J. McLaughlin enters the game for N. Alexander-Walker,11-13, ,,1,13,11,2,362.0
5:58.0, ,11-13,L. Kornet enters the game for J. Tatum,,1,13,11,2,362.0
5:41.0, ,11-15,L. Kornet makes 2-pt layup from 3 ft (assist by A. Horford),,1,15,11,4,379.0
5:23.0,A. Edwards makes 2-pt layup from 7 ft (assist by K. Towns),13-15, ,,1,15,13,2,397.0
5:11.0, ,13-18,A. Horford makes 3-pt jump shot from 25 ft (assist by D. White),,1,18,13,5,409.0
4:52.0,N. Reid misses 3-pt jump shot from 24 ft,13-18, ,,1,18,13,5,428.0
4:49.0, ,13-18,Defensive rebound by J. Brown,,1,18,13,5,431.0
4:44.0, ,13-18,D. White misses 3-pt jump shot from 26 ft,,1,18,13,5,436.0
4:42.0,Defensive rebound by K. Towns,13-18, ,,1,18,13,5,438.0
4:28.0,J. McLaughlin makes 3-pt jump shot from 24 ft (assist by N. Reid),16-18, ,,1,18,16,2,452.0
4:15.0, ,16-18,Personal foul by J. McDaniels (drawn by A. Horford),,1,18,16,2,465.0
4:15.0,K. Anderson enters the game for J. McDaniels,16-18, ,,1,18,16,2,465.0
4:15.0,T. Brown enters the game for K. Towns,16-18, ,,1,18,16,2,465.0
4:15.0, ,16-18,P. Pritchard enters the game for A. Horford,,1,18,16,2,465.0
4:07.0, ,16-20,J. Brown makes 2-pt jump shot from 20 ft,,1,20,16,4,473.0
3:44.0,K. Anderson misses 2-pt hook shot from 7 ft,16-20, ,,1,20,16,4,496.0
3:41.0, ,16-20,Defensive rebound by D. White,,1,20,16,4,499.0
3:36.0, ,16-22,J. Brown makes 2-pt layup from 5 ft,,1,22,16,6,504.0
3:23.0,A. Edwards makes 2-pt layup from 5 ft (assist by K. Anderson),18-22, ,,1,22,18,4,517.0
3:14.0, ,18-25,J. Brown makes 3-pt jump shot from 27 ft,,1,25,18,7,526.0
2:50.0,A. Edwards misses 2-pt jump shot from 15 ft,18-25, ,,1,25,18,7,550.0
2:48.0, ,18-25,Defensive rebound by L. Kornet,,1,25,18,7,552.0
2:39.0, ,18-28,P. Pritchard makes 3-pt jump shot from 26 ft (assist by D. White),,1,28,18,10,561.0
2:16.0,N. Reid makes 2-pt hook shot from 11 ft (assist by K. Anderson),20-28, ,,1,28,20,8,584.0
2:03.0, ,20-28,J. Brown misses 3-pt jump shot from 25 ft,,1,28,20,8,597.0
2:00.0,Defensive rebound by T. Brown,20-28, ,,1,28,20,8,600.0
1:56.0,N. Reid makes 2-pt dunk from 2 ft (assist by T. Brown),22-28, ,,1,28,22,6,604.0
1:40.0, ,22-28,S. Hauser misses 3-pt jump shot from 26 ft,,1,28,22,6,620.0
1:38.0,Defensive rebound by N. Reid,22-28, ,,1,28,22,6,622.0
1:30.0,Personal foul by D. White (drawn by N. Reid),22-28, ,,1,28,22,6,630.0
1:30.0,Minnesota full timeout,22-28, ,,1,28,22,6,630.0
1:30.0, ,22-28,J. Tatum enters the game for J. Brown,,1,28,22,6,630.0
1:15.0,K. Anderson makes 2-pt jump shot from 10 ft,24-28, ,,1,28,24,4,645.0
0:58.0, ,24-30,D. White makes 2-pt jump shot from 16 ft,,1,30,24,6,662.0
0:49.0,T. Brown misses 3-pt jump shot from 26 ft,24-30, ,,1,30,24,6,671.0
0:47.0, ,24-30,Defensive rebound by D. White,,1,30,24,6,673.0
0:33.0, ,24-30,J. Tatum misses 3-pt jump shot from 26 ft,,1,30,24,6,687.0
0:31.0, ,24-30,Offensive rebound by Team,,1,30,24,6,689.0
0:31.0,Loose ball foul by K. Anderson (drawn by L. Kornet),24-30, ,,1,30,24,6,689.0
0:31.0, ,24-31,L. Kornet makes free throw 1 of 2,,1,31,24,7,689.0
0:31.0, ,24-32,L. Kornet makes free throw 2 of 2,,1,32,24,8,689.0
0:14.0,J. McLaughlin makes 3-pt jump shot from 26 ft (assist by K. Anderson),27-32, ,,1,32,27,5,706.0
0:01.0, ,27-32,Turnover by D. White (bad pass; steal by K. Anderson),,1,32,27,5,719.0
0:00.0,End of 1st quarter,27-32,,,1,32,27,5,720.0
12:00.0,Start of 2nd quarter,27-32,,,2,32,27,5,720.0
11:48.0,N. Reid makes 3-pt jump shot from 27 ft (assist by J. McDaniels),30-32, ,,2,32,30,2,732.0
11:27.0, ,30-34,L. Kornet makes 2-pt dunk from 1 ft (assist by J. Holiday),,2,34,30,4,753.0
11:18.0,T. Brown makes 2-pt layup from 4 ft,32-34, ,,2,34,32,2,762.0
10:56.0, ,32-34,J. Tatum misses 2-pt jump shot from 19 ft,,2,34,32,2,784.0
10:54.0,Defensive rebound by N. Reid,32-34, ,,2,34,32,2,786.0
10:46.0,K. Towns misses 3-pt jump shot from 26 ft,32-34, ,,2,34,32,2,794.0
10:43.0, ,32-34,Defensive rebound by P. Pritchard,,2,34,32,2,797.0
10:40.0, ,32-34,Personal foul by J. McLaughlin (drawn by P. Pritchard),,2,34,32,2,800.0
10:29.0, ,32-36,J. Holiday makes 2-pt hook shot from 8 ft,,2,36,32,4,811.0
10:15.0,T. Brown misses 3-pt jump shot from 25 ft,32-36, ,,2,36,32,4,825.0
10:13.0,Offensive rebound by N. Reid,32-36, ,,2,36,32,4,827.0
10:11.0,N. Reid misses 2-pt hook shot from 12 ft,32-36, ,,2,36,32,4,829.0
10:07.0,Offensive rebound by K. Towns,32-36, ,,2,36,32,4,833.0
10:07.0,K. Towns makes 2-pt layup from 2 ft,34-36, ,,2,36,34,2,833.0
9:49.0, ,34-38,L. Kornet makes 2-pt layup from 1 ft (assist by P. Pritchard),,2,38,34,4,851.0
9:28.0,K. Towns misses 2-pt jump shot from 13 ft,34-38, ,,2,38,34,4,872.0
9:26.0, ,34-38,Defensive rebound by J. Tatum,,2,38,34,4,874.0
9:20.0, ,34-38,S. Hauser misses 3-pt jump shot from 24 ft,,2,38,34,4,880.0
9:15.0, ,34-38,Offensive rebound by L. Kornet,,2,38,34,4,885.0
9:15.0, ,34-38,L. Kornet misses 2-pt layup at rim,,2,38,34,4,885.0
9:14.0,Defensive rebound by J. McLaughlin,34-38, ,,2,38,34,4,886.0
9:08.0,J. McDaniels misses 3-pt jump shot from 26 ft,34-38, ,,2,38,34,4,892.0
9:05.0, ,34-38,Defensive rebound by J. Tatum,,2,38,34,4,895.0
9:02.0, ,34-40,J. Holiday makes 2-pt layup from 1 ft (assist by J. Tatum),,2,40,34,6,898.0
8:47.0,N. Reid misses 2-pt layup from 12 ft (block by L. Kornet),34-40, ,,2,40,34,6,913.0
8:44.0,Offensive rebound by N. Reid,34-40, ,,2,40,34,6,916.0
8:43.0,Turnover by N. Reid (bad pass; steal by J. Holiday),34-40, ,,2,40,34,6,917.0
8:30.0, ,34-43,J. Tatum makes 3-pt jump shot from 26 ft,,2,43,34,9,930.0
8:29.0,Minnesota full timeout,34-43, ,,2,43,34,9,931.0
8:29.0,N. Alexander-Walker enters the game for T. Brown,34-43, ,,2,43,34,9,931.0
8:29.0,K. Anderson enters the game for J. McLaughlin,34-43, ,,2,43,34,9,931.0
8:29.0,A. Edwards enters the game for N. Reid,34-43, ,,2,43,34,9,931.0
8:29.0, ,34-43,O. Brissett enters the game for S. Hauser,,2,43,34,9,931.0
8:29.0, ,34-43,A. Horford enters the game for L. Kornet,,2,43,34,9,931.0
8:18.0,K. Towns misses 2-pt hook shot from 13 ft,34-43, ,,2,43,34,9,942.0
8:14.0,Offensive rebound by K. Anderson,34-43, ,,2,43,34,9,946.0
8:14.0,K. Anderson makes 2-pt layup at rim,36-43, ,,2,43,36,7,946.0
7:56.0, ,36-43,J. Holiday misses 3-pt jump shot from 26 ft,,2,43,36,7,964.0
7:54.0,Defensive rebound by K. Towns,36-43, ,,2,43,36,7,966.0
7:45.0,A. Edwards makes 2-pt dunk from 2 ft (assist by K. Towns),38-43, ,,2,43,38,5,975.0
7:28.0, ,38-43,Shooting foul by J. McDaniels (drawn by J. Tatum),,2,43,38,5,992.0
7:28.0, ,38-44,J. Tatum makes free throw 1 of 2,,2,44,38,6,992.0
7:28.0, ,38-45,J. Tatum makes free throw 2 of 2,,2,45,38,7,992.0
7:14.0,A. Edwards misses 2-pt jump shot from 13 ft,38-45, ,,2,45,38,7,1006.0
7:12.0, ,38-45,Defensive rebound by O. Brissett,,2,45,38,7,1008.0
7:00.0, ,38-45,A. Horford misses 3-pt jump shot from 26 ft,,2,45,38,7,1020.0
6:58.0,Defensive rebound by A. Edwards,38-45, ,,2,45,38,7,1022.0
6:51.0,Personal foul by O. Brissett (drawn by K. Towns),38-45, ,,2,45,38,7,1029.0
6:51.0, ,38-45,Personal foul by K. Towns (drawn by O. Brissett),,2,45,38,7,1029.0
6:51.0, ,38-45,J. Brown enters the game for P. Pritchard,,2,45,38,7,1029.0
6:47.0,Jump ball: K. Towns vs. A. Horford (K. Anderson gains possession),38-45,,,2,45,38,7,1033.0
6:34.0,K. Towns misses 3-pt jump shot from 26 ft,38-45, ,,2,45,38,7,1046.0
6:32.0, ,38-45,Defensive rebound by O. Brissett,,2,45,38,7,1048.0
6:21.0, ,38-45,Personal foul by J. McDaniels (drawn by O. Brissett),,2,45,38,7,1059.0
6:12.0, ,38-45,J. Tatum misses 2-pt jump shot from 17 ft,,2,45,38,7,1068.0
6:09.0,Defensive rebound by K. Towns,38-45, ,,2,45,38,7,1071.0
5:53.0,J. McDaniels misses 3-pt jump shot from 27 ft,38-45, ,,2,45,38,7,1087.0
5:50.0, ,38-45,Defensive rebound by J. Brown,,2,45,38,7,1090.0
5:45.0, ,38-45,Turnover by J. Brown (bad pass; steal by K. Towns),,2,45,38,7,1095.0
5:36.0,A. Edwards makes 2-pt dunk from 2 ft (assist by K. Anderson),40-45, ,,2,45,40,5,1104.0
5:36.0, ,40-45,Boston full timeout,,2,45,40,5,1104.0
5:36.0,N. Reid enters the game for J. McDaniels,40-45, ,,2,45,40,5,1104.0
5:36.0, ,40-45,D. White enters the game for J. Tatum,,2,45,40,5,1104.0
5:23.0, ,40-45,D. White misses 3-pt jump shot from 27 ft,,2,45,40,5,1117.0
5:19.0,Defensive rebound by K. Anderson,40-45, ,,2,45,40,5,1121.0
5:08.0,K. Towns misses 3-pt jump shot from 27 ft,40-45, ,,2,45,40,5,1132.0
5:04.0, ,40-45,Defensive rebound by D. White,,2,45,40,5,1136.0
4:54.0, ,40-45,Offensive foul by A. Horford (drawn by K. Anderson),,2,45,40,5,1146.0
4:54.0, ,40-45,Turnover by A. Horford (offensive foul),,2,45,40,5,1146.0
4:31.0,Shooting foul by A. Horford (drawn by K. Anderson),40-45, ,,2,45,40,5,1169.0
4:31.0,K. Anderson makes free throw 1 of 2,41-45, ,,2,45,41,4,1169.0
4:31.0,K. Anderson makes free throw 2 of 2,42-45, ,,2,45,42,3,1169.0
4:08.0, ,42-45,J. Holiday misses 3-pt jump shot from 26 ft,,2,45,42,3,1192.0
4:05.0,Defensive rebound by A. Edwards,42-45, ,,2,45,42,3,1195.0
3:57.0,A. Edwards misses 2-pt jump shot from 18 ft,42-45, ,,2,45,42,3,1203.0
3:54.0, ,42-45,Defensive rebound by A. Horford,,2,45,42,3,1206.0
3:40.0, ,42-45,A. Horford misses 3-pt jump shot from 24 ft,,2,45,42,3,1220.0
3:38.0,Defensive rebound by A. Edwards,42-45, ,,2,45,42,3,1222.0
3:22.0,A. Edwards makes 2-pt jump shot from 17 ft,44-45, ,,2,45,44,1,1238.0
3:05.0, ,44-45,Shooting foul by N. Alexander-Walker (drawn by D. White),,2,45,44,1,1255.0
3:05.0, ,44-46,D. White makes free throw 1 of 2,,2,46,44,2,1255.0
3:05.0, ,44-46,J. Tatum enters the game for O. Brissett,,2,46,44,2,1255.0
3:05.0, ,44-47,D. White makes free throw 2 of 2,,2,47,44,3,1255.0
2:47.0,A. Edwards misses 2-pt jump shot from 19 ft,44-47, ,,2,47,44,3,1273.0
2:45.0, ,44-47,Defensive rebound by A. Horford,,2,47,44,3,1275.0
2:29.0, ,44-50,J. Holiday makes 3-pt jump shot from 27 ft (assist by D. White),,2,50,44,6,1291.0
2:06.0,Turnover by A. Edwards (bad pass),44-50, ,,2,50,44,6,1314.0
1:49.0, ,44-50,J. Holiday misses 2-pt layup from 2 ft (block by N. Reid),,2,50,44,6,1331.0
1:48.0,Defensive rebound by N. Reid,44-50, ,,2,50,44,6,1332.0
1:38.0,Shooting foul by D. White (drawn by N. Alexander-Walker),44-50, ,,2,50,44,6,1342.0
1:38.0,N. Alexander-Walker makes free throw 1 of 2,45-50, ,,2,50,45,5,1342.0
1:38.0,N. Alexander-Walker makes free throw 2 of 2,46-50, ,,2,50,46,4,1342.0
1:26.0, ,46-50,Shooting foul by K. Towns (drawn by J. Tatum),,2,50,46,4,1354.0
1:26.0, ,46-51,J. Tatum makes free throw 1 of 2,,2,51,46,5,1354.0
1:26.0, ,46-52,J. Tatum makes free throw 2 of 2,,2,52,46,6,1354.0
1:09.0,Personal foul by J. Tatum (drawn by K. Towns),46-52, ,,2,52,46,6,1371.0
1:09.0,K. Towns makes free throw 1 of 2,47-52, ,,2,52,47,5,1371.0
1:09.0,K. Towns makes free throw 2 of 2,48-52, ,,2,52,48,4,1371.0
0:54.0, ,48-54,J. Brown makes 2-pt jump shot from 15 ft,,2,54,48,6,1386.0
0:38.0,Def 3 sec tech foul by Team,48-54, ,,2,54,48,6,1402.0
0:38.0,K. Towns makes technical free throw,49-54, ,,2,54,49,5,1402.0
0:29.0,A. Edwards makes 2-pt jump shot from 21 ft,51-54, ,,2,54,51,3,1411.0
0:10.0, ,51-54,Turnover by J. Tatum (bad pass; steal by K. Towns),,2,54,51,3,1430.0
0:07.0,A. Edwards makes 2-pt dunk from 2 ft (assist by K. Towns),53-54, ,,2,54,53,1,1433.0
0:03.0, ,53-54,A. Horford misses 3-pt jump shot from 24 ft,,2,54,53,1,1437.0
0:02.0,Defensive rebound by K. Anderson,53-54, ,,2,54,53,1,1438.0
0:00.0,End of 2nd quarter,53-54,,,2,54,53,1,1440.0
12:00.0,Start of 3rd quarter,53-54,,,3,54,53,1,1440.0
11:43.0,K. Towns makes 2-pt layup from 2 ft,55-54, ,Lead change,3,54,55,-1,1457.0
11:23.0, ,55-57,A. Horford makes 3-pt jump shot from 26 ft (assist by J. Brown),Lead change,3,57,55,2,1477.0
11:05.0,K. Towns makes 2-pt layup from 6 ft (assist by N. Alexander-Walker),57-57, ,Tie,3,57,57,0,1495.0
10:57.0, ,57-60,J. Brown makes 3-pt jump shot from 26 ft (assist by J. Tatum),,3,60,57,3,1503.0
10:45.0,K. Towns misses 2-pt jump shot from 20 ft,57-60, ,,3,60,57,3,1515.0
10:42.0, ,57-60,Defensive rebound by J. Brown,,3,60,57,3,1518.0
10:30.0, ,57-60,J. Holiday misses 3-pt jump shot from 27 ft,,3,60,57,3,1530.0
10:28.0,Defensive rebound by K. Towns,57-60, ,,3,60,57,3,1532.0
10:10.0,Personal foul by A. Horford (drawn by K. Anderson),57-60, ,,3,60,57,3,1550.0
9:59.0,J. McDaniels makes 3-pt jump shot from 25 ft (assist by K. Anderson),60-60, ,Tie,3,60,60,0,1561.0
9:43.0, ,60-60,J. Brown misses 2-pt layup from 7 ft,,3,60,60,0,1577.0
9:41.0,Defensive rebound by K. Towns,60-60, ,,3,60,60,0,1579.0
9:33.0,K. Towns misses 3-pt jump shot from 27 ft,60-60, ,,3,60,60,0,1587.0
9:32.0, ,60-60,Defensive rebound by A. Horford,,3,60,60,0,1588.0
9:23.0, ,60-60,Personal foul by J. McDaniels (drawn by J. Tatum),,3,60,60,0,1597.0
9:19.0, ,60-60,Shooting foul by A. Edwards (drawn by J. Brown),,3,60,60,0,1601.0
9:19.0, ,60-61,J. Brown makes free throw 1 of 2,,3,61,60,1,1601.0
9:19.0,S. Milton enters the game for J. McDaniels,60-61, ,,3,61,60,1,1601.0
9:19.0, ,60-62,J. Brown makes free throw 2 of 2,,3,62,60,2,1601.0
9:03.0,A. Edwards makes 2-pt jump shot from 18 ft,62-62, ,Tie,3,62,62,0,1617.0
8:55.0, ,62-62,Personal foul by K. Anderson (drawn by J. Brown),,3,62,62,0,1625.0
8:42.0, ,62-62,J. Tatum misses 2-pt jump shot from 18 ft,,3,62,62,0,1638.0
8:40.0,Defensive rebound by K. Anderson,62-62, ,,3,62,62,0,1640.0
8:23.0,A. Edwards makes 3-pt jump shot from 26 ft,65-62, ,Lead change,3,62,65,-3,1657.0
8:14.0, ,65-62,J. Brown misses 2-pt layup from 4 ft,,3,62,65,-3,1666.0
8:12.0,Defensive rebound by K. Towns,65-62, ,,3,62,65,-3,1668.0
8:08.0,Turnover by A. Edwards (lost ball; steal by J. Brown),65-62, ,,3,62,65,-3,1672.0
7:59.0, ,65-65,J. Tatum makes 3-pt jump shot from 27 ft (assist by A. Horford),Tie,3,65,65,0,1681.0
7:37.0,K. Towns makes 2-pt hook shot from 5 ft,67-65, ,,3,65,67,-2,1703.0
7:25.0, ,67-65,Shooting foul by N. Alexander-Walker (drawn by J. Brown),,3,65,67,-2,1715.0
7:25.0, ,67-66,J. Brown makes free throw 1 of 3,,3,66,67,-1,1715.0
7:25.0, ,67-67,J. Brown makes free throw 2 of 3,Tie,3,67,67,0,1715.0
7:25.0,N. Reid enters the game for K. Anderson,67-67, ,,3,67,67,0,1715.0
7:25.0, ,67-68,J. Brown makes free throw 3 of 3,Lead change,3,68,67,1,1715.0
7:07.0,A. Edwards misses 2-pt jump shot from 21 ft,67-68, ,,3,68,67,1,1733.0
7:05.0, ,67-68,Defensive rebound by J. Brown,,3,68,67,1,1735.0
6:58.0, ,67-68,J. Brown misses 2-pt layup from 11 ft (block by N. Alexander-Walker),,3,68,67,1,1742.0
6:57.0,Defensive rebound by Team,67-68, ,,3,68,67,1,1743.0
6:57.0, ,67-68,Boston full timeout,,3,68,67,1,1743.0
6:41.0,S. Milton misses 2-pt layup from 4 ft (block by J. Brown),67-68, ,,3,68,67,1,1759.0
6:38.0, ,67-68,Defensive rebound by A. Horford,,3,68,67,1,1762.0
6:34.0, ,67-68,D. White misses 3-pt jump shot from 26 ft,,3,68,67,1,1766.0
6:33.0, ,67-68,Offensive rebound by Team,,3,68,67,1,1767.0
6:23.0, ,67-70,J. Brown makes 2-pt layup from 4 ft (assist by A. Horford),,3,70,67,3,1777.0
6:13.0,N. Reid makes 2-pt hook shot from 8 ft,69-70, ,,3,70,69,1,1787.0
5:58.0, ,69-70,J. Holiday misses 3-pt jump shot from 27 ft,,3,70,69,1,1802.0
5:55.0,Defensive rebound by K. Towns,69-70, ,,3,70,69,1,1805.0
5:46.0,Shooting foul by D. White (drawn by N. Reid),69-70, ,,3,70,69,1,1814.0
5:46.0,N. Reid makes free throw 1 of 2,70-70, ,Tie,3,70,70,0,1814.0
5:46.0,N. Reid makes free throw 2 of 2,71-70, ,Lead change,3,70,71,-1,1814.0
5:31.0,Violation by Team (kicked ball),71-70, ,,3,70,71,-1,1829.0
5:22.0, ,71-73,D. White makes 3-pt jump shot from 24 ft (assist by J. Brown),Lead change,3,73,71,2,1838.0
5:02.0,S. Milton makes 2-pt layup from 2 ft (assist by A. Edwards),73-73, ,Tie,3,73,73,0,1858.0
5:02.0,Shooting foul by J. Holiday (drawn by S. Milton),73-73, ,,3,73,73,0,1858.0
5:02.0,S. Milton misses free throw 1 of 1,73-73, ,,3,73,73,0,1858.0
5:02.0, ,73-73,Defensive rebound by J. Holiday,,3,73,73,0,1858.0
4:50.0, ,73-75,J. Holiday makes 2-pt jump shot from 9 ft,,3,75,73,2,1870.0
4:28.0,K. Towns makes 3-pt jump shot from 28 ft (assist by N. Reid),76-75, ,Lead change,3,75,76,-1,1892.0
4:13.0, ,76-77,J. Tatum makes 2-pt layup from 3 ft,Lead change,3,77,76,1,1907.0
3:59.0,N. Reid makes 3-pt jump shot from 25 ft (assist by K. Towns),79-77, ,Lead change,3,77,79,-2,1921.0
3:34.0, ,79-77,D. White misses 2-pt layup from 9 ft (block by S. Milton),,3,77,79,-2,1946.0
3:31.0,Defensive rebound by S. Milton,79-77, ,,3,77,79,-2,1949.0
3:13.0,A. Edwards misses 2-pt jump shot from 18 ft,79-77, ,,3,77,79,-2,1967.0
3:12.0,Offensive rebound by Team,79-77, ,,3,77,79,-2,1968.0
3:12.0, ,79-77,Loose ball foul by J. Tatum (drawn by K. Towns),,3,77,79,-2,1968.0
3:12.0,Minnesota full timeout,79-77, ,,3,77,79,-2,1968.0
3:12.0,K. Anderson enters the game for N. Alexander-Walker,79-77, ,,3,77,79,-2,1968.0
3:12.0,J. McLaughlin enters the game for K. Towns,79-77, ,,3,77,79,-2,1968.0
3:12.0, ,79-77,S. Hauser enters the game for J. Brown,,3,77,79,-2,1968.0
3:12.0, ,79-77,L. Kornet enters the game for A. Horford,,3,77,79,-2,1968.0
3:12.0, ,79-77,P. Pritchard enters the game for D. White,,3,77,79,-2,1968.0
3:02.0,N. Reid misses 2-pt layup from 6 ft,79-77, ,,3,77,79,-2,1978.0
3:01.0, ,79-77,Defensive rebound by Team,,3,77,79,-2,1979.0
2:52.0, ,79-77,J. Holiday misses 2-pt jump shot from 20 ft,,3,77,79,-2,1988.0
2:49.0,Defensive rebound by N. Reid,79-77, ,,3,77,79,-2,1991.0
2:37.0,A. Edwards makes 3-pt jump shot from 27 ft,82-77, ,,3,77,82,-5,2003.0
2:15.0, ,82-79,J. Tatum makes 2-pt layup from 2 ft,,3,79,82,-3,2025.0
2:03.0,N. Reid misses 2-pt jump shot from 11 ft,82-79, ,,3,79,82,-3,2037.0
2:02.0, ,82-79,Defensive rebound by S. Hauser,,3,79,82,-3,2038.0
1:54.0, ,82-79,J. Tatum misses 3-pt jump shot from 26 ft,,3,79,82,-3,2046.0
1:52.0,Defensive rebound by A. Edwards,82-79, ,,3,79,82,-3,2048.0
1:49.0,A. Edwards misses 2-pt layup from 4 ft (block by S. Hauser),82-79, ,,3,79,82,-3,2051.0
1:48.0,Offensive rebound by Team,82-79, ,,3,79,82,-3,2052.0
1:40.0,Shooting foul by L. Kornet (drawn by K. Anderson),82-79, ,,3,79,82,-3,2060.0
1:40.0,K. Anderson misses free throw 1 of 2,82-79, ,,3,79,82,-3,2060.0
1:40.0,Offensive rebound by Team,82-79, ,,3,79,82,-3,2060.0
1:40.0,K. Anderson makes free throw 2 of 2,83-79, ,,3,79,83,-4,2060.0
1:27.0, ,83-79,J. Tatum misses 3-pt jump shot from 27 ft,,3,79,83,-4,2073.0
1:23.0, ,83-79,Offensive rebound by J. Holiday,,3,79,83,-4,2077.0
1:23.0, ,83-79,Turnover by J. Holiday (bad pass),,3,79,83,-4,2077.0
1:23.0,Minnesota full timeout,83-79, ,,3,79,83,-4,2077.0
1:23.0,Instant Replay (Challenge: Ruling Stands),83-79, ,,3,79,83,-4,2077.0
0:59.0,K. Anderson misses 2-pt jump shot from 8 ft,83-79, ,,3,79,83,-4,2101.0
0:57.0, ,83-79,Defensive rebound by L. Kornet,,3,79,83,-4,2103.0
0:49.0, ,83-79,J. Holiday misses 3-pt jump shot from 26 ft,,3,79,83,-4,2111.0
0:46.0,Defensive rebound by K. Anderson,83-79, ,,3,79,83,-4,2114.0
0:39.0,K. Anderson misses 2-pt layup from 4 ft,83-79, ,,3,79,83,-4,2121.0
0:38.0, ,83-79,Defensive rebound by L. Kornet,,3,79,83,-4,2122.0
0:22.0, ,83-79,S. Hauser misses 2-pt layup from 8 ft (block by K. Anderson),,3,79,83,-4,2138.0
0:19.0,Defensive rebound by S. Milton,83-79, ,,3,79,83,-4,2141.0
0:03.0,Shooting foul by S. Hauser (drawn by A. Edwards),83-79, ,,3,79,83,-4,2157.0
0:03.0,A. Edwards makes free throw 1 of 2,84-79, ,,3,79,84,-5,2157.0
0:03.0,A. Edwards makes free throw 2 of 2,85-79, ,,3,79,85,-6,2157.0
0:00.0, ,85-79,P. Pritchard misses 3-pt jump shot from 26 ft,,3,79,85,-6,2160.0
0:00.0, ,85-79,Offensive rebound by Team,,3,79,85,-6,2160.0
0:00.0,End of 3rd quarter,85-79,,,3,79,85,-6,2160.0
12:00.0,Start of 4th quarter,85-79,,,4,79,85,-6,2160.0
11:42.0, ,85-79,D. White misses 2-pt jump shot from 12 ft,,4,79,85,-6,2178.0
11:40.0, ,85-79,Offensive rebound by D. White,,4,79,85,-6,2180.0
11:39.0, ,85-79,D. White misses 2-pt layup from 6 ft,,4,79,85,-6,2181.0
11:37.0,Defensive rebound by N. Alexander-Walker,85-79, ,,4,79,85,-6,2183.0
11:18.0,N. Reid misses 3-pt jump shot from 24 ft,85-79, ,,4,79,85,-6,2202.0
11:16.0, ,85-79,Defensive rebound by J. Brown,,4,79,85,-6,2204.0
11:09.0, ,85-79,P. Pritchard misses 2-pt layup from 3 ft (block by N. Reid),,4,79,85,-6,2211.0
11:07.0,Defensive rebound by J. McLaughlin,85-79, ,,4,79,85,-6,2213.0
11:03.0,J. McLaughlin misses 2-pt layup from 3 ft,85-79, ,,4,79,85,-6,2217.0
11:03.0, ,85-79,Defensive rebound by J. Brown,,4,79,85,-6,2217.0
10:47.0, ,85-79,P. Pritchard misses 3-pt jump shot from 28 ft,,4,79,85,-6,2233.0
10:42.0,Defensive rebound by N. Alexander-Walker,85-79, ,,4,79,85,-6,2238.0
10:30.0,J. McLaughlin misses 3-pt jump shot from 27 ft,85-79, ,,4,79,85,-6,2250.0
10:27.0, ,85-79,Defensive rebound by S. Hauser,,4,79,85,-6,2253.0
10:25.0, ,85-79,Personal foul by N. Reid (drawn by L. Kornet),,4,79,85,-6,2255.0
10:17.0, ,85-82,S. Hauser makes 3-pt jump shot from 28 ft (assist by D. White),,4,82,85,-3,2263.0
9:57.0,N. Alexander-Walker makes 3-pt jump shot from 26 ft (assist by K. Towns),88-82, ,,4,82,88,-6,2283.0
9:43.0, ,88-85,S. Hauser makes 3-pt jump shot from 26 ft (assist by J. Brown),,4,85,88,-3,2297.0
9:25.0,N. Reid makes 3-pt jump shot from 27 ft (assist by N. Alexander-Walker),91-85, ,,4,85,91,-6,2315.0
9:18.0, ,91-85,Personal foul by J. McDaniels (drawn by J. Brown),,4,85,91,-6,2322.0
9:18.0,K. Anderson enters the game for J. McDaniels,91-85, ,,4,85,91,-6,2322.0
9:10.0, ,91-87,D. White makes 2-pt layup from 3 ft,,4,87,91,-4,2330.0
8:44.0,J. McLaughlin misses 2-pt layup from 1 ft,91-87, ,,4,87,91,-4,2356.0
8:42.0, ,91-87,Defensive rebound by S. Hauser,,4,87,91,-4,2358.0
8:36.0, ,91-87,Turnover by D. White (lost ball; steal by N. Alexander-Walker),,4,87,91,-4,2364.0
8:25.0,N. Reid misses 3-pt jump shot from 26 ft,91-87, ,,4,87,91,-4,2375.0
8:23.0, ,91-87,Defensive rebound by S. Hauser,,4,87,91,-4,2377.0
8:18.0, ,91-87,S. Hauser misses 3-pt jump shot from 26 ft,,4,87,91,-4,2382.0
8:15.0,Defensive rebound by N. Reid,91-87, ,,4,87,91,-4,2385.0
8:14.0,Minnesota full timeout,91-87, ,,4,87,91,-4,2386.0
8:14.0,A. Edwards enters the game for J. McLaughlin,91-87, ,,4,87,91,-4,2386.0
8:14.0, ,91-87,A. Horford enters the game for S. Hauser,,4,87,91,-4,2386.0
8:14.0, ,91-87,J. Tatum enters the game for P. Pritchard,,4,87,91,-4,2386.0
8:09.0,Personal foul by J. Brown (drawn by K. Anderson),91-87, ,,4,87,91,-4,2391.0
8:05.0,K. Anderson makes 2-pt layup from 8 ft (assist by N. Alexander-Walker),93-87, ,,4,87,93,-6,2395.0
7:50.0, ,93-90,J. Tatum makes 3-pt jump shot from 25 ft,,4,90,93,-3,2410.0
7:28.0,K. Anderson makes 2-pt jump shot from 11 ft,95-90, ,,4,90,95,-5,2432.0
7:08.0, ,95-90,J. Tatum misses 3-pt jump shot from 27 ft,,4,90,95,-5,2452.0
7:03.0, ,95-90,Offensive rebound by L. Kornet,,4,90,95,-5,2457.0
6:57.0, ,95-92,J. Brown makes 2-pt jump shot from 15 ft,,4,92,95,-3,2463.0
6:34.0,A. Edwards makes 3-pt jump shot from 25 ft (assist by N. Reid),98-92, ,,4,92,98,-6,2486.0
6:23.0, ,98-94,J. Tatum makes 2-pt layup from 3 ft,,4,94,98,-4,2497.0
6:23.0, ,98-94,Shooting foul by K. Anderson (drawn by J. Tatum),,4,94,98,-4,2497.0
6:23.0, ,98-94,J. Holiday enters the game for L. Kornet,,4,94,98,-4,2497.0
6:23.0, ,98-95,J. Tatum makes free throw 1 of 1,,4,95,98,-3,2497.0
6:03.0,A. Edwards misses 3-pt jump shot from 25 ft,98-95, ,,4,95,98,-3,2517.0
5:59.0, ,98-95,Defensive rebound by J. Holiday,,4,95,98,-3,2521.0
5:53.0, ,98-95,J. Tatum misses 2-pt jump shot from 8 ft,,4,95,98,-3,2527.0
5:50.0,Defensive rebound by A. Edwards,98-95, ,,4,95,98,-3,2530.0
5:44.0,K. Anderson makes 2-pt layup from 5 ft (assist by K. Towns),100-95, ,,4,95,100,-5,2536.0
5:31.0, ,100-95,D. White misses 3-pt jump shot from 27 ft,,4,95,100,-5,2549.0
5:27.0,Defensive rebound by K. Towns,100-95, ,,4,95,100,-5,2553.0
5:07.0,Personal foul by D. White (drawn by N. Alexander-Walker),100-95, ,,4,95,100,-5,2573.0
4:56.0,K. Anderson makes 2-pt jump shot from 5 ft,102-95, ,,4,95,102,-7,2584.0
4:32.0, ,102-95,J. Brown misses 2-pt jump shot from 17 ft,,4,95,102,-7,2608.0
4:30.0,Defensive rebound by N. Reid,102-95, ,,4,95,102,-7,2610.0
4:12.0,Jump ball: A. Edwards vs. J. Tatum (N. Alexander-Walker gains possession),102-95,,,4,95,102,-7,2628.0
4:09.0,N. Alexander-Walker makes 2-pt layup from 2 ft,104-95, ,,4,95,104,-9,2631.0
4:09.0, ,104-95,Boston full timeout,,4,95,104,-9,2631.0
4:09.0,J. McDaniels enters the game for K. Towns,104-95, ,,4,95,104,-9,2631.0
3:53.0, ,104-97,J. Tatum makes 2-pt layup from 3 ft (assist by J. Holiday),,4,97,104,-7,2647.0
3:35.0,N. Alexander-Walker makes 2-pt layup from 3 ft,106-97, ,,4,97,106,-9,2665.0
3:24.0, ,106-100,A. Horford makes 3-pt jump shot from 24 ft (assist by D. White),,4,100,106,-6,2676.0
3:22.0,Minnesota full timeout,106-100, ,,4,100,106,-6,2678.0
3:22.0,K. Towns enters the game for N. Reid,106-100, ,,4,100,106,-6,2678.0
3:06.0,Turnover by A. Edwards (lost ball; steal by J. Brown),106-100, ,,4,100,106,-6,2694.0
3:00.0, ,106-100,Shooting foul by K. Towns (drawn by J. Brown),,4,100,106,-6,2700.0
3:00.0, ,106-101,J. Brown makes free throw 1 of 2,,4,101,106,-5,2700.0
3:00.0, ,106-102,J. Brown makes free throw 2 of 2,,4,102,106,-4,2700.0
2:46.0,N. Alexander-Walker makes 3-pt jump shot from 28 ft,109-102, ,,4,102,109,-7,2714.0
2:38.0, ,109-102,J. Brown misses 3-pt jump shot from 25 ft,,4,102,109,-7,2722.0
2:37.0,Defensive rebound by K. Anderson,109-102, ,,4,102,109,-7,2723.0
2:18.0,A. Edwards misses 3-pt jump shot from 26 ft,109-102, ,,4,102,109,-7,2742.0
2:14.0,Offensive rebound by N. Alexander-Walker,109-102, ,,4,102,109,-7,2746.0
2:13.0,A. Edwards misses 2-pt jump shot from 15 ft (block by J. Holiday),109-102, ,,4,102,109,-7,2747.0
2:12.0, ,109-102,Defensive rebound by Team,,4,102,109,-7,2748.0
2:12.0, ,109-102,Boston full timeout,,4,102,109,-7,2748.0
2:12.0, ,109-102,Instant Replay (Challenge: Ruling Stands),,4,102,109,-7,2748.0
2:01.0, ,109-104,J. Tatum makes 2-pt layup from 3 ft,,4,104,109,-5,2759.0
1:55.0,Offensive foul by N. Alexander-Walker (drawn by D. White),109-104, ,,4,104,109,-5,2765.0
1:55.0,Turnover by N. Alexander-Walker (offensive foul),109-104, ,,4,104,109,-5,2765.0
1:41.0, ,109-107,J. Tatum makes 3-pt jump shot from 27 ft,,4,107,109,-2,2779.0
1:18.0,K. Anderson misses 2-pt jump shot from 7 ft,109-107, ,,4,107,109,-2,2802.0
1:17.0, ,109-107,Defensive rebound by A. Horford,,4,107,109,-2,2803.0
1:06.0, ,109-107,J. Tatum misses 2-pt jump shot from 18 ft,,4,107,109,-2,2814.0
1:02.0,Defensive rebound by K. Towns,109-107, ,,4,107,109,-2,2818.0
0:42.0,J. McDaniels misses 2-pt jump shot from 23 ft,109-107, ,,4,107,109,-2,2838.0
0:41.0, ,109-107,Defensive rebound by Team,,4,107,109,-2,2839.0
0:41.0, ,109-107,Boston full timeout,,4,107,109,-2,2839.0
0:36.0, ,109-107,Shooting foul by K. Towns (drawn by J. Tatum),,4,107,109,-2,2844.0
0:36.0, ,109-108,J. Tatum makes free throw 1 of 2,,4,108,109,-1,2844.0
0:36.0, ,109-108,J. Tatum misses free throw 2 of 2,,4,108,109,-1,2844.0
0:36.0, ,109-108,Offensive rebound by D. White,,4,108,109,-1,2844.0
0:25.0, ,109-111,J. Holiday makes 3-pt jump shot from 24 ft (assist by A. Horford),Lead change,4,111,109,2,2855.0
0:25.0,Minnesota full timeout,109-111, ,,4,111,109,2,2855.0
0:25.0,N. Reid enters the game for J. McDaniels,109-111, ,,4,111,109,2,2855.0
0:08.0,Shooting foul by D. White (drawn by A. Edwards),109-111, ,,4,111,109,2,2872.0
0:08.0, ,109-111,Boston full timeout,,4,111,109,2,2872.0
0:08.0, ,109-111,Instant Replay (Challenge: Ruling Stands),,4,111,109,2,2872.0
0:08.0,A. Edwards makes free throw 1 of 2,110-111, ,,4,111,110,1,2872.0
0:08.0,A. Edwards makes free throw 2 of 2,111-111, ,Tie,4,111,111,0,2872.0
0:08.0,J. McDaniels enters the game for K. Towns,111-111, ,,4,111,111,0,2872.0
0:01.0, ,111-111,J. Tatum misses 2-pt jump shot from 20 ft,,4,111,111,0,2879.0
0:00.0, ,111-111,Offensive rebound by Team,,4,111,111,0,2880.0
0:00.0,End of 4th quarter,111-111,,,4,111,111,0,2880.0
5:00.0,Start of 1st overtime,111-111,,,5,111,111,0,2880.0
5:00.0,Jump ball: K. Towns vs. A. Horford (K. Anderson gains possession),111-111,,,5,111,111,0,2880.0
4:43.0,K. Towns makes 2-pt layup from 5 ft,113-111, ,Lead change,5,111,113,-2,2897.0
4:43.0,Shooting foul by J. Tatum (drawn by K. Towns),113-111, ,,5,111,113,-2,2897.0
4:43.0,K. Towns makes free throw 1 of 1,114-111, ,,5,111,114,-3,2897.0
4:23.0, ,114-111,A. Horford misses 2-pt hook shot from 5 ft,,5,111,114,-3,2917.0
4:22.0,Defensive rebound by K. Towns,114-111, ,,5,111,114,-3,2918.0
4:16.0,Turnover by A. Edwards (bad pass; steal by J. Tatum),114-111, ,,5,111,114,-3,2924.0
4:16.0, ,114-111,Personal foul by J. McDaniels (drawn by J. Tatum),,5,111,114,-3,2924.0
4:16.0,N. Reid enters the game for J. McDaniels,114-111, ,,5,111,114,-3,2924.0
4:16.0, ,114-112,J. Tatum makes free throw 1 of 1,,5,112,114,-2,2924.0
4:06.0, ,114-114,J. Tatum makes 2-pt dunk from 1 ft,Tie,5,114,114,0,2934.0
3:48.0,K. Towns makes 3-pt jump shot from 26 ft (assist by A. Edwards),117-114, ,,5,114,117,-3,2952.0
3:32.0, ,117-114,J. Tatum misses 2-pt layup from 5 ft (block by N. Reid),,5,114,117,-3,2968.0
3:30.0, ,117-114,Offensive rebound by A. Horford,,5,114,117,-3,2970.0
3:30.0, ,117-114,Shooting foul by K. Towns (drawn by J. Brown),,5,114,117,-3,2970.0
3:30.0, ,117-115,J. Brown makes free throw 1 of 2,,5,115,117,-2,2970.0
3:30.0, ,117-116,J. Brown makes free throw 2 of 2,,5,116,117,-1,2970.0
3:08.0,A. Edwards misses 2-pt jump shot from 23 ft,117-116, ,,5,116,117,-1,2992.0
3:06.0, ,117-116,Defensive rebound by J. Brown,,5,116,117,-1,2994.0
3:00.0, ,117-116,Shooting foul by N. Reid (drawn by J. Brown),,5,116,117,-1,3000.0
3:00.0, ,117-117,J. Brown makes free throw 1 of 2,Tie,5,117,117,0,3000.0
3:00.0, ,117-118,J. Brown makes free throw 2 of 2,Lead change,5,118,117,1,3000.0
2:44.0,N. Alexander-Walker makes 3-pt jump shot from 24 ft (assist by A. Edwards),120-118, ,Lead change,5,118,120,-2,3016.0
2:25.0, ,120-118,J. Holiday misses 3-pt jump shot from 23 ft,,5,118,120,-2,3035.0
2:22.0, ,120-118,Offensive rebound by J. Brown,,5,118,120,-2,3038.0
2:15.0, ,120-118,J. Holiday misses 3-pt jump shot from 27 ft,,5,118,120,-2,3045.0
2:10.0,Defensive rebound by Team,120-118, ,,5,118,120,-2,3050.0
1:46.0,N. Reid misses 3-pt jump shot from 27 ft,120-118, ,,5,118,120,-2,3074.0
1:44.0, ,120-118,Defensive rebound by J. Tatum,,5,118,120,-2,3076.0
1:33.0, ,120-118,Personal foul by N. Reid (drawn by J. Tatum),,5,118,120,-2,3087.0
1:33.0, ,120-119,J. Tatum makes free throw 1 of 2,,5,119,120,-1,3087.0
1:33.0, ,120-120,J. Tatum makes free throw 2 of 2,Tie,5,120,120,0,3087.0
1:23.0,K. Towns misses 3-pt jump shot from 26 ft,120-120, ,,5,120,120,0,3097.0
1:20.0, ,120-120,Defensive rebound by J. Brown,,5,120,120,0,3100.0
1:04.0, ,120-122,J. Tatum makes 2-pt layup from 5 ft,Lead change,5,122,120,2,3116.0
0:56.0,Turnover by A. Edwards (bad pass; steal by J. Holiday),120-122, ,,5,122,120,2,3124.0
0:51.0, ,120-125,J. Tatum makes 3-pt jump shot from 25 ft (assist by J. Holiday),,5,125,120,5,3129.0
0:49.0,Minnesota full timeout,120-125, ,,5,125,120,5,3131.0
0:46.0,A. Edwards misses 3-pt jump shot from 28 ft,120-125, ,,5,125,120,5,3134.0
0:44.0,Offensive rebound by N. Alexander-Walker,120-125, ,,5,125,120,5,3136.0
0:40.0,K. Towns misses 2-pt jump shot from 19 ft,120-125, ,,5,125,120,5,3140.0
0:36.0, ,120-125,Defensive rebound by J. Brown,,5,125,120,5,3144.0
0:30.0, ,120-125,Boston full timeout,,5,125,120,5,3150.0
0:30.0,J. McLaughlin enters the game for K. Towns,120-125, ,,5,125,120,5,3150.0
0:23.0, ,120-125,Turnover by J. Brown (bad pass),,5,125,120,5,3157.0
0:23.0,K. Towns enters the game for J. McLaughlin,120-125, ,,5,125,120,5,3157.0
0:18.0,A. Edwards misses 2-pt jump shot from 11 ft,120-125, ,,5,125,120,5,3162.0
0:16.0, ,120-125,Defensive rebound by J. Brown,,5,125,120,5,3164.0
0:12.0, ,120-125,Personal take foul by K. Anderson (drawn by J. Tatum),,5,125,120,5,3168.0
0:12.0, ,120-126,J. Tatum makes free throw 1 of 2,,5,126,120,6,3168.0
0:12.0, ,120-127,J. Tatum makes free throw 2 of 2,,5,127,120,7,3168.0
0:12.0,Minnesota full timeout,120-127, ,,5,127,120,7,3168.0
0:10.0,Offensive foul by K. Towns (drawn by J. Brown),120-127, ,,5,127,120,7,3170.0
0:10.0,Turnover by K. Towns (offensive foul),120-127, ,,5,127,120,7,3170.0
0:00.0,End of 1st overtime,120-127,,,5,127,120,7,3180.0
