Time,Boston,Score,Cleveland,Event,Quarter,TeamScore,OpponentScore,PointDifference,ElapsedTime
12:00.0,Jump ball: K. Porziņģis vs. J. Allen (D. White gains possession),0-0,,,1,0,0,0,0.0
11:42.0,J. Brown misses 3-pt jump shot from 24 ft,0-0, ,,1,0,0,0,18.0
11:40.0,Offensive rebound by D. White,0-0, ,,1,0,0,0,20.0
11:37.0,J. Holiday misses 3-pt jump shot from 25 ft,0-0, ,,1,0,0,0,23.0
11:34.0, ,0-0,Defensive rebound by I. Okoro,,1,0,0,0,26.0
11:20.0, ,0-0,D. Garland misses 2-pt layup at rim,,1,0,0,0,40.0
11:15.0, ,0-0,Offensive rebound by J. Allen,,1,0,0,0,45.0
11:15.0, ,0-2,J. Allen makes 2-pt layup at rim,,1,0,2,-2,45.0
11:02.0,D. White misses 3-pt jump shot from 26 ft,0-2, ,,1,0,2,-2,58.0
10:59.0, ,0-2,Defensive rebound by E. Mobley,,1,0,2,-2,61.0
10:52.0, ,0-2,E. Mobley misses 2-pt layup from 1 ft,,1,0,2,-2,68.0
10:48.0,Defensive rebound by K. Porziņģis,0-2, ,,1,0,2,-2,72.0
10:45.0,J. Brown makes 3-pt jump shot from 25 ft,3-2, ,Lead change,1,3,2,1,75.0
10:24.0, ,3-4,J. Allen makes 2-pt jump shot from 14 ft (assist by D. Garland),Lead change,1,3,4,-1,96.0
10:11.0,J. Tatum makes 3-pt jump shot from 25 ft,6-4, ,Lead change,1,6,4,2,109.0
9:57.0, ,6-6,D. Garland makes 2-pt jump shot from 17 ft,Tie,1,6,6,0,123.0
9:44.0,J. Brown misses 3-pt jump shot from 23 ft,6-6, ,,1,6,6,0,136.0
9:40.0,Offensive rebound by K. Porziņģis,6-6, ,,1,6,6,0,140.0
9:39.0,K. Porziņģis misses 2-pt layup from 2 ft,6-6, ,,1,6,6,0,141.0
9:36.0, ,6-6,Defensive rebound by S. Merrill,,1,6,6,0,144.0
9:31.0, ,6-6,D. Garland misses 3-pt jump shot from 25 ft,,1,6,6,0,149.0
9:28.0, ,6-6,Offensive rebound by E. Mobley,,1,6,6,0,152.0
9:26.0, ,6-9,I. Okoro makes 3-pt jump shot from 24 ft (assist by E. Mobley),Lead change,1,6,9,-3,154.0
9:01.0,J. Tatum misses 2-pt dunk from 2 ft,6-9, ,,1,6,9,-3,179.0
9:00.0,Offensive rebound by K. Porziņģis,6-9, ,,1,6,9,-3,180.0
8:57.0,J. Brown misses 3-pt jump shot from 27 ft,6-9, ,,1,6,9,-3,183.0
8:53.0, ,6-9,Defensive rebound by J. Allen,,1,6,9,-3,187.0
8:44.0, ,6-9,D. Garland misses 3-pt jump shot from 25 ft,,1,6,9,-3,196.0
8:40.0,Defensive rebound by J. Tatum,6-9, ,,1,6,9,-3,200.0
8:31.0,J. Holiday misses 3-pt jump shot from 23 ft,6-9, ,,1,6,9,-3,209.0
8:28.0, ,6-9,Defensive rebound by E. Mobley,,1,6,9,-3,212.0
8:26.0, ,6-9,Turnover by E. Mobley (bad pass; steal by J. Holiday),,1,6,9,-3,214.0
8:15.0,J. Tatum makes 3-pt jump shot from 31 ft,9-9, ,Tie,1,9,9,0,225.0
7:51.0, ,9-9,D. Garland misses 2-pt jump shot from 10 ft,,1,9,9,0,249.0
7:50.0,Defensive rebound by K. Porziņģis,9-9, ,,1,9,9,0,250.0
7:41.0,J. Brown misses 2-pt layup from 2 ft,9-9, ,,1,9,9,0,259.0
7:37.0, ,9-9,Defensive rebound by I. Okoro,,1,9,9,0,263.0
7:36.0, ,9-9,E. Mobley misses 2-pt layup from 1 ft (block by K. Porziņģis),,1,9,9,0,264.0
7:36.0,Defensive rebound by Team,9-9, ,,1,9,9,0,264.0
7:36.0,Boston full timeout,9-9, ,,1,9,9,0,264.0
7:36.0,Instant Replay (Challenge: Ruling Stands),9-9, ,,1,9,9,0,264.0
7:16.0,K. Porziņģis makes 3-pt jump shot from 24 ft (assist by J. Holiday),12-9, ,Lead change,1,12,9,3,284.0
6:54.0, ,12-9,E. Mobley misses 2-pt jump shot from 12 ft,,1,12,9,3,306.0
6:52.0,Defensive rebound by J. Tatum,12-9, ,,1,12,9,3,308.0
6:42.0,J. Tatum makes 2-pt layup at rim,14-9, ,,1,14,9,5,318.0
6:27.0, ,14-9,J. Allen misses 2-pt jump shot from 7 ft,,1,14,9,5,333.0
6:26.0, ,14-9,Offensive rebound by J. Allen,,1,14,9,5,334.0
6:26.0, ,14-9,J. Allen misses 2-pt layup at rim,,1,14,9,5,334.0
6:26.0,Defensive rebound by Team,14-9, ,,1,14,9,5,334.0
6:26.0, ,14-9,C. LeVert enters the game for S. Merrill,,1,14,9,5,334.0
6:26.0,Jump ball: K. Porziņģis vs. J. Allen (J. Tatum gains possession),14-9,,,1,14,9,5,334.0
6:17.0,J. Brown makes 2-pt layup from 1 ft (assist by J. Tatum),16-9, ,,1,16,9,7,343.0
6:02.0, ,16-9,E. Mobley misses 3-pt jump shot from 24 ft,,1,16,9,7,358.0
5:58.0,Defensive rebound by J. Holiday,16-9, ,,1,16,9,7,362.0
5:49.0,J. Holiday makes 2-pt jump shot from 11 ft (assist by D. White),18-9, ,,1,18,9,9,371.0
5:33.0, ,18-9,E. Mobley misses 2-pt hook shot from 6 ft,,1,18,9,9,387.0
5:30.0,Defensive rebound by J. Tatum,18-9, ,,1,18,9,9,390.0
5:23.0,K. Porziņģis misses 2-pt jump shot from 18 ft,18-9, ,,1,18,9,9,397.0
5:21.0, ,18-9,Defensive rebound by J. Allen,,1,18,9,9,399.0
5:08.0, ,18-9,D. Garland misses 3-pt jump shot from 26 ft,,1,18,9,9,412.0
5:04.0,Defensive rebound by J. Holiday,18-9, ,,1,18,9,9,416.0
4:54.0,J. Brown misses 2-pt jump shot from 13 ft,18-9, ,,1,18,9,9,426.0
4:52.0,Offensive rebound by D. White,18-9, ,,1,18,9,9,428.0
4:51.0,Shooting foul by C. LeVert (drawn by K. Porziņģis),18-9, ,,1,18,9,9,429.0
4:51.0,Instant Replay,18-9, ,,1,18,9,9,429.0
4:51.0,K. Porziņģis makes free throw 1 of 2,19-9, ,,1,19,9,10,429.0
4:51.0,S. Hauser enters the game for J. Holiday,19-9, ,,1,19,9,10,429.0
4:51.0,A. Horford enters the game for J. Tatum,19-9, ,,1,19,9,10,429.0
4:51.0, ,19-9,D. Wade enters the game for E. Mobley,,1,19,9,10,429.0
4:51.0,K. Porziņģis makes free throw 2 of 2,20-9, ,,1,20,9,11,429.0
4:35.0, ,20-11,J. Allen makes 2-pt dunk from 1 ft (assist by C. LeVert),,1,20,11,9,445.0
4:35.0, ,20-11,Shooting foul by K. Porziņģis (drawn by J. Allen),,1,20,11,9,445.0
4:35.0, ,20-11,G. Niang enters the game for I. Okoro,,1,20,11,9,445.0
4:35.0, ,20-12,J. Allen makes free throw 1 of 1,,1,20,12,8,445.0
4:17.0,Turnover by K. Porziņģis (bad pass; steal by D. Wade),20-12, ,,1,20,12,8,463.0
4:12.0, ,20-12,D. Wade misses 3-pt jump shot from 25 ft,,1,20,12,8,468.0
4:11.0, ,20-12,Offensive rebound by Team,,1,20,12,8,469.0
4:05.0, ,20-15,D. Garland makes 3-pt jump shot from 26 ft (assist by J. Allen),,1,20,15,5,475.0
3:40.0,S. Hauser makes 3-pt jump shot from 28 ft (assist by K. Porziņģis),23-15, ,,1,23,15,8,500.0
3:24.0, ,23-17,J. Allen makes 2-pt hook shot from 2 ft (assist by D. Garland),,1,23,17,6,516.0
3:07.0,A. Horford misses 2-pt layup from 3 ft (block by J. Allen),23-17, ,,1,23,17,6,533.0
3:05.0,Offensive rebound by A. Horford,23-17, ,,1,23,17,6,535.0
3:01.0,K. Porziņģis makes 2-pt layup from 1 ft (assist by S. Hauser),25-17, ,,1,25,17,8,539.0
2:46.0, ,25-17,C. LeVert misses 3-pt jump shot from 28 ft,,1,25,17,8,554.0
2:46.0,Defensive rebound by A. Horford,25-17, ,,1,25,17,8,554.0
2:37.0,K. Porziņģis makes 3-pt jump shot from 29 ft (assist by J. Brown),28-17, ,,1,28,17,11,563.0
2:14.0, ,28-17,D. Garland misses 2-pt layup from 1 ft (block by K. Porziņģis),,1,28,17,11,586.0
2:11.0,Defensive rebound by D. White,28-17, ,,1,28,17,11,589.0
2:09.0,J. Brown misses 2-pt layup from 4 ft,28-17, ,,1,28,17,11,591.0
2:08.0,Offensive rebound by S. Hauser,28-17, ,,1,28,17,11,592.0
2:07.0,S. Hauser misses 2-pt layup at rim,28-17, ,,1,28,17,11,593.0
2:05.0, ,28-17,Defensive rebound by D. Wade,,1,28,17,11,595.0
1:56.0, ,28-20,G. Niang makes 3-pt jump shot from 25 ft (assist by C. LeVert),,1,28,20,8,604.0
1:38.0,Turnover by D. White (bad pass),28-20, ,,1,28,20,8,622.0
1:38.0, ,28-20,Cleveland full timeout,,1,28,20,8,622.0
1:38.0,J. Holiday enters the game for J. Brown,28-20, ,,1,28,20,8,622.0
1:38.0,P. Pritchard enters the game for K. Porziņģis,28-20, ,,1,28,20,8,622.0
1:38.0,J. Tatum enters the game for D. White,28-20, ,,1,28,20,8,622.0
1:38.0, ,28-20,E. Mobley enters the game for J. Allen,,1,28,20,8,622.0
1:38.0, ,28-20,C. Porter enters the game for D. Garland,,1,28,20,8,622.0
1:25.0, ,28-20,G. Niang misses 3-pt jump shot from 26 ft,,1,28,20,8,635.0
1:22.0,Defensive rebound by S. Hauser,28-20, ,,1,28,20,8,638.0
1:09.0,Shooting foul by E. Mobley (drawn by J. Tatum),28-20, ,,1,28,20,8,651.0
1:09.0,J. Tatum makes free throw 1 of 2,29-20, ,,1,29,20,9,651.0
1:09.0,J. Tatum makes free throw 2 of 2,30-20, ,,1,30,20,10,651.0
0:54.0, ,30-23,D. Wade makes 3-pt jump shot from 26 ft (assist by C. Porter),,1,30,23,7,666.0
0:42.0,S. Hauser misses 3-pt jump shot from 32 ft,30-23, ,,1,30,23,7,678.0
0:39.0,Offensive rebound by J. Holiday,30-23, ,,1,30,23,7,681.0
0:33.0,Turnover by P. Pritchard (bad pass; steal by D. Wade),30-23, ,,1,30,23,7,687.0
0:26.0, ,30-23,C. LeVert misses 2-pt layup from 1 ft,,1,30,23,7,694.0
0:24.0, ,30-23,Offensive rebound by D. Wade,,1,30,23,7,696.0
0:19.0, ,30-25,C. LeVert makes 2-pt jump shot from 5 ft,,1,30,25,5,701.0
0:00.0,J. Tatum makes 3-pt jump shot from 26 ft,33-25, ,,1,33,25,8,720.0
0:00.0,End of 1st quarter,33-25,,,1,33,25,8,720.0
12:00.0,Start of 2nd quarter,33-25,,,2,33,25,8,720.0
11:44.0, ,33-25,C. Porter misses 3-pt jump shot from 26 ft,,2,33,25,8,736.0
11:41.0,Defensive rebound by P. Pritchard,33-25, ,,2,33,25,8,739.0
11:18.0,P. Pritchard misses 2-pt jump shot from 12 ft,33-25, ,,2,33,25,8,762.0
11:16.0, ,33-25,Defensive rebound by E. Mobley,,2,33,25,8,764.0
11:09.0, ,33-28,C. LeVert makes 3-pt jump shot from 26 ft,,2,33,28,5,771.0
10:55.0,P. Pritchard misses 3-pt jump shot from 25 ft,33-28, ,,2,33,28,5,785.0
10:53.0, ,33-28,Defensive rebound by E. Mobley,,2,33,28,5,787.0
10:36.0, ,33-28,S. Merrill misses 3-pt jump shot from 26 ft,,2,33,28,5,804.0
10:36.0,Defensive rebound by Team,33-28, ,,2,33,28,5,804.0
10:13.0,J. Holiday makes 3-pt jump shot from 24 ft (assist by J. Tatum),36-28, ,,2,36,28,8,827.0
9:53.0, ,36-28,C. Porter misses 2-pt layup from 1 ft,,2,36,28,8,847.0
9:52.0,Defensive rebound by J. Tatum,36-28, ,,2,36,28,8,848.0
9:48.0,A. Horford misses 3-pt jump shot from 25 ft,36-28, ,,2,36,28,8,852.0
9:45.0, ,36-28,Defensive rebound by C. Porter,,2,36,28,8,855.0
9:39.0, ,36-28,S. Merrill misses 3-pt jump shot from 23 ft,,2,36,28,8,861.0
9:37.0,Defensive rebound by L. Kornet,36-28, ,,2,36,28,8,863.0
9:34.0,Offensive foul by A. Horford (drawn by S. Merrill),36-28, ,,2,36,28,8,866.0
9:34.0,Turnover by A. Horford (offensive foul),36-28, ,,2,36,28,8,866.0
9:24.0, ,36-31,S. Merrill makes 3-pt jump shot from 26 ft (assist by C. Porter),,2,36,31,5,876.0
9:09.0,Turnover by J. Holiday (bad pass; steal by E. Mobley),36-31, ,,2,36,31,5,891.0
8:59.0, ,36-31,E. Mobley misses 2-pt layup from 2 ft (block by L. Kornet),,2,36,31,5,901.0
8:59.0,Defensive rebound by L. Kornet,36-31, ,,2,36,31,5,901.0
8:59.0,J. Brown enters the game for J. Holiday,36-31, ,,2,36,31,5,901.0
8:59.0,S. Hauser enters the game for A. Horford,36-31, ,,2,36,31,5,901.0
8:37.0,J. Tatum makes 2-pt layup from 1 ft (assist by L. Kornet),38-31, ,,2,38,31,7,923.0
8:25.0, ,38-31,C. LeVert misses 2-pt layup from 3 ft,,2,38,31,7,935.0
8:23.0,Defensive rebound by P. Pritchard,38-31, ,,2,38,31,7,937.0
8:18.0,J. Brown misses 2-pt layup from 3 ft,38-31, ,,2,38,31,7,942.0
8:16.0, ,38-31,Defensive rebound by G. Niang,,2,38,31,7,944.0
8:10.0, ,38-31,C. Porter misses 2-pt layup from 1 ft (block by L. Kornet),,2,38,31,7,950.0
8:06.0, ,38-31,Offensive rebound by C. Porter,,2,38,31,7,954.0
7:57.0, ,38-31,C. LeVert misses 2-pt layup from 1 ft,,2,38,31,7,963.0
7:56.0,Defensive rebound by S. Hauser,38-31, ,,2,38,31,7,964.0
7:43.0,J. Tatum makes 3-pt jump shot from 27 ft,41-31, ,,2,41,31,10,977.0
7:41.0, ,41-31,Cleveland full timeout,,2,41,31,10,979.0
7:41.0,D. White enters the game for P. Pritchard,41-31, ,,2,41,31,10,979.0
7:41.0, ,41-31,J. Allen enters the game for C. LeVert,,2,41,31,10,979.0
7:41.0, ,41-31,D. Garland enters the game for E. Mobley,,2,41,31,10,979.0
7:41.0, ,41-31,I. Okoro enters the game for C. Porter,,2,41,31,10,979.0
7:19.0, ,41-31,I. Okoro misses 2-pt hook shot from 5 ft,,2,41,31,10,1001.0
7:16.0, ,41-31,Offensive rebound by J. Allen,,2,41,31,10,1004.0
7:15.0, ,41-33,J. Allen makes 2-pt hook shot from 1 ft,,2,41,33,8,1005.0
7:01.0,Shooting foul by G. Niang (drawn by J. Tatum),41-33, ,,2,41,33,8,1019.0
7:01.0,J. Tatum misses free throw 1 of 2,41-33, ,,2,41,33,8,1019.0
7:01.0,Offensive rebound by Team,41-33, ,,2,41,33,8,1019.0
7:01.0, ,41-33,D. Wade enters the game for G. Niang,,2,41,33,8,1019.0
7:01.0,J. Tatum makes free throw 2 of 2,42-33, ,,2,42,33,9,1019.0
6:39.0, ,42-33,D. Garland misses 2-pt jump shot from 8 ft,,2,42,33,9,1041.0
6:37.0,Defensive rebound by J. Tatum,42-33, ,,2,42,33,9,1043.0
6:22.0,S. Hauser misses 3-pt jump shot from 23 ft,42-33, ,,2,42,33,9,1058.0
6:20.0,Offensive rebound by J. Brown,42-33, ,,2,42,33,9,1060.0
6:19.0,S. Hauser makes 2-pt layup from 2 ft (assist by J. Brown),44-33, ,,2,44,33,11,1061.0
6:06.0, ,44-33,D. Wade misses 3-pt jump shot from 27 ft,,2,44,33,11,1074.0
6:03.0,Defensive rebound by D. White,44-33, ,,2,44,33,11,1077.0
5:57.0,J. Brown misses 2-pt layup from 2 ft,44-33, ,,2,44,33,11,1083.0
5:55.0, ,44-33,Defensive rebound by S. Merrill,,2,44,33,11,1085.0
5:49.0, ,44-33,J. Allen misses 2-pt jump shot from 17 ft,,2,44,33,11,1091.0
5:47.0,Defensive rebound by J. Tatum,44-33, ,,2,44,33,11,1093.0
5:37.0,J. Brown makes 2-pt layup from 1 ft,46-33, ,,2,46,33,13,1103.0
5:18.0, ,46-33,D. Wade misses 3-pt jump shot from 26 ft,,2,46,33,13,1122.0
5:15.0,Defensive rebound by J. Tatum,46-33, ,,2,46,33,13,1125.0
5:09.0,D. White misses 2-pt layup from 5 ft (block by I. Okoro),46-33, ,,2,46,33,13,1131.0
5:06.0, ,46-33,Defensive rebound by D. Garland,,2,46,33,13,1134.0
5:06.0,J. Holiday enters the game for S. Hauser,46-33, ,,2,46,33,13,1134.0
5:06.0,K. Porziņģis enters the game for J. Tatum,46-33, ,,2,46,33,13,1134.0
4:58.0, ,46-35,J. Allen makes 2-pt dunk at rim (assist by D. Garland),,2,46,35,11,1142.0
4:36.0,K. Porziņģis misses 3-pt jump shot from 29 ft,46-35, ,,2,46,35,11,1164.0
4:32.0, ,46-35,Defensive rebound by S. Merrill,,2,46,35,11,1168.0
4:24.0, ,46-35,I. Okoro misses 3-pt jump shot from 27 ft,,2,46,35,11,1176.0
4:21.0,Defensive rebound by K. Porziņģis,46-35, ,,2,46,35,11,1179.0
4:17.0,J. Brown misses 2-pt jump shot from 14 ft,46-35, ,,2,46,35,11,1183.0
4:13.0, ,46-35,Defensive rebound by S. Merrill,,2,46,35,11,1187.0
4:02.0, ,46-35,J. Allen misses 2-pt hook shot from 8 ft,,2,46,35,11,1198.0
4:00.0,Defensive rebound by L. Kornet,46-35, ,,2,46,35,11,1200.0
3:52.0,K. Porziņģis misses 2-pt jump shot from 8 ft,46-35, ,,2,46,35,11,1208.0
3:50.0, ,46-35,Defensive rebound by J. Allen,,2,46,35,11,1210.0
3:44.0, ,46-35,S. Merrill misses 2-pt jump shot from 17 ft (block by D. White),,2,46,35,11,1216.0
3:41.0,Defensive rebound by D. White,46-35, ,,2,46,35,11,1219.0
3:28.0,K. Porziņģis makes 2-pt dunk from 1 ft (assist by D. White),48-35, ,,2,48,35,13,1232.0
3:26.0, ,48-35,Cleveland full timeout,,2,48,35,13,1234.0
3:26.0, ,48-35,C. LeVert enters the game for S. Merrill,,2,48,35,13,1234.0
3:08.0, ,48-35,Personal foul by J. Holiday (drawn by D. Garland),,2,48,35,13,1252.0
3:08.0,J. Tatum enters the game for L. Kornet,48-35, ,,2,48,35,13,1252.0
3:08.0, ,48-35,E. Mobley enters the game for D. Wade,,2,48,35,13,1252.0
2:53.0, ,48-38,C. LeVert makes 3-pt jump shot from 26 ft (assist by D. Garland),,2,48,38,10,1267.0
2:27.0,K. Porziņģis makes 2-pt jump shot from 7 ft,50-38, ,,2,50,38,12,1293.0
2:11.0, ,50-38,I. Okoro misses 2-pt jump shot from 5 ft,,2,50,38,12,1309.0
2:08.0,Defensive rebound by K. Porziņģis,50-38, ,,2,50,38,12,1312.0
2:06.0,Turnover by J. Tatum (bad pass; steal by C. LeVert),50-38, ,,2,50,38,12,1314.0
1:59.0, ,50-38,Turnover by E. Mobley (lost ball; steal by J. Holiday),,2,50,38,12,1321.0
1:54.0,J. Tatum makes 3-pt jump shot from 25 ft (assist by J. Holiday),53-38, ,,2,53,38,15,1326.0
1:32.0, ,53-41,I. Okoro makes 3-pt jump shot from 24 ft (assist by D. Garland),,2,53,41,12,1348.0
1:11.0,K. Porziņģis misses 2-pt jump shot from 17 ft,53-41, ,,2,53,41,12,1369.0
1:09.0, ,53-41,Defensive rebound by I. Okoro,,2,53,41,12,1371.0
1:02.0, ,53-41,J. Allen misses 2-pt hook shot from 3 ft (block by D. White),,2,53,41,12,1378.0
1:00.0, ,53-41,Offensive rebound by J. Allen,,2,53,41,12,1380.0
0:57.0, ,53-41,J. Allen misses 2-pt jump shot from 9 ft,,2,53,41,12,1383.0
0:55.0,Defensive rebound by J. Tatum,53-41, ,,2,53,41,12,1385.0
0:48.0,J. Brown makes 2-pt hook shot from 6 ft,55-41, ,,2,55,41,14,1392.0
0:33.0, ,55-43,D. Garland makes 2-pt jump shot from 14 ft,,2,55,43,12,1407.0
0:28.0,J. Tatum misses 3-pt jump shot from 25 ft,55-43, ,,2,55,43,12,1412.0
0:25.0, ,55-43,Defensive rebound by C. LeVert,,2,55,43,12,1415.0
0:23.0, ,55-43,Shooting foul by J. Brown (drawn by I. Okoro),,2,55,43,12,1417.0
0:23.0, ,55-44,I. Okoro makes free throw 1 of 2,,2,55,44,11,1417.0
0:23.0, ,55-44,D. Wade enters the game for D. Garland,,2,55,44,11,1417.0
0:23.0, ,55-45,I. Okoro makes free throw 2 of 2,,2,55,45,10,1417.0
0:09.0,Personal foul by E. Mobley (drawn by K. Porziņģis),55-45, ,,2,55,45,10,1431.0
0:00.0,D. White misses 3-pt jump shot from 26 ft,55-45, ,,2,55,45,10,1440.0
0:00.0,Offensive rebound by Team,55-45, ,,2,55,45,10,1440.0
0:00.0,End of 2nd quarter,55-45,,,2,55,45,10,1440.0
12:00.0,Start of 3rd quarter,55-45,,,3,55,45,10,1440.0
11:43.0, ,55-47,E. Mobley makes 2-pt hook shot from 4 ft (assist by D. Garland),,3,55,47,8,1457.0
11:23.0,Shooting foul by I. Okoro (drawn by J. Tatum),55-47, ,,3,55,47,8,1477.0
11:23.0,J. Tatum makes free throw 1 of 2,56-47, ,,3,56,47,9,1477.0
11:23.0,J. Tatum makes free throw 2 of 2,57-47, ,,3,57,47,10,1477.0
11:11.0, ,57-50,D. Garland makes 3-pt jump shot from 27 ft,,3,57,50,7,1489.0
10:57.0,J. Tatum misses 3-pt jump shot from 25 ft,57-50, ,,3,57,50,7,1503.0
10:53.0, ,57-50,Defensive rebound by E. Mobley,,3,57,50,7,1507.0
10:45.0, ,57-50,J. Allen misses 2-pt hook shot from 2 ft (block by K. Porziņģis),,3,57,50,7,1515.0
10:42.0,Defensive rebound by J. Tatum,57-50, ,,3,57,50,7,1518.0
10:25.0,J. Tatum misses 2-pt jump shot from 15 ft,57-50, ,,3,57,50,7,1535.0
10:23.0,Offensive rebound by J. Tatum,57-50, ,,3,57,50,7,1537.0
10:19.0,Turnover by J. Holiday (bad pass; steal by S. Merrill),57-50, ,,3,57,50,7,1541.0
10:14.0, ,57-50,S. Merrill misses 3-pt jump shot from 25 ft,,3,57,50,7,1546.0
10:11.0,Defensive rebound by D. White,57-50, ,,3,57,50,7,1549.0
10:01.0,J. Holiday makes 3-pt jump shot from 24 ft (assist by D. White),60-50, ,,3,60,50,10,1559.0
9:42.0, ,60-53,S. Merrill makes 3-pt jump shot from 25 ft (assist by D. Garland),,3,60,53,7,1578.0
9:26.0,Turnover by J. Holiday (bad pass; steal by D. Garland),60-53, ,,3,60,53,7,1594.0
9:16.0, ,60-56,I. Okoro makes 3-pt jump shot from 23 ft (assist by E. Mobley),,3,60,56,4,1604.0
9:01.0,J. Brown makes 3-pt jump shot from 24 ft (assist by D. White),63-56, ,,3,63,56,7,1619.0
8:49.0, ,63-56,D. Garland misses 2-pt jump shot from 13 ft,,3,63,56,7,1631.0
8:47.0,Defensive rebound by K. Porziņģis,63-56, ,,3,63,56,7,1633.0
8:41.0,K. Porziņģis makes 2-pt layup from 1 ft (assist by J. Brown),65-56, ,,3,65,56,9,1639.0
8:25.0, ,65-56,Personal foul by J. Brown (drawn by D. Garland),,3,65,56,9,1655.0
8:14.0, ,65-58,J. Allen makes 2-pt hook shot from 6 ft (assist by E. Mobley),,3,65,58,7,1666.0
7:53.0,J. Brown misses 3-pt jump shot from 23 ft,65-58, ,,3,65,58,7,1687.0
7:50.0, ,65-58,Defensive rebound by J. Allen,,3,65,58,7,1690.0
7:41.0, ,65-58,D. Garland misses 3-pt jump shot from 26 ft,,3,65,58,7,1699.0
7:39.0,Defensive rebound by J. Tatum,65-58, ,,3,65,58,7,1701.0
7:36.0,J. Tatum misses 2-pt layup at rim,65-58, ,,3,65,58,7,1704.0
7:36.0, ,65-58,Defensive rebound by Team,,3,65,58,7,1704.0
7:36.0,Loose ball foul by J. Tatum (drawn by E. Mobley),65-58, ,,3,65,58,7,1704.0
7:29.0, ,65-58,Turnover by D. Garland (bad pass; steal by K. Porziņģis),,3,65,58,7,1711.0
7:21.0,J. Brown misses 2-pt dunk from 1 ft,65-58, ,,3,65,58,7,1719.0
7:19.0,Offensive rebound by J. Brown,65-58, ,,3,65,58,7,1721.0
7:18.0,J. Brown makes 2-pt layup at rim,67-58, ,,3,67,58,9,1722.0
7:03.0, ,67-58,I. Okoro misses 3-pt jump shot from 24 ft,,3,67,58,9,1737.0
6:59.0,Defensive rebound by K. Porziņģis,67-58, ,,3,67,58,9,1741.0
6:47.0,J. Holiday makes 2-pt jump shot from 8 ft (assist by J. Brown),69-58, ,,3,69,58,11,1753.0
6:31.0, ,69-58,I. Okoro misses 3-pt jump shot from 23 ft,,3,69,58,11,1769.0
6:29.0,Defensive rebound by K. Porziņģis,69-58, ,,3,69,58,11,1771.0
6:17.0,Turnover by J. Tatum (lost ball; steal by E. Mobley),69-58, ,,3,69,58,11,1783.0
6:10.0, ,69-60,J. Allen makes 2-pt dunk from 1 ft (assist by E. Mobley),,3,69,60,9,1790.0
5:40.0,K. Porziņģis misses 2-pt jump shot from 11 ft,69-60, ,,3,69,60,9,1820.0
5:38.0, ,69-60,Defensive rebound by J. Allen,,3,69,60,9,1822.0
5:29.0, ,69-62,E. Mobley makes 2-pt dunk from 1 ft (assist by D. Garland),,3,69,62,7,1831.0
5:19.0,Personal foul by S. Merrill (drawn by D. White),69-62, ,,3,69,62,7,1841.0
5:19.0, ,69-62,Cleveland full timeout,,3,69,62,7,1841.0
5:19.0,S. Hauser enters the game for J. Holiday,69-62, ,,3,69,62,7,1841.0
5:19.0,A. Horford enters the game for J. Tatum,69-62, ,,3,69,62,7,1841.0
5:19.0, ,69-62,C. LeVert enters the game for E. Mobley,,3,69,62,7,1841.0
5:19.0, ,69-62,G. Niang enters the game for I. Okoro,,3,69,62,7,1841.0
5:13.0,K. Porziņģis misses 2-pt layup from 1 ft,69-62, ,,3,69,62,7,1847.0
5:11.0, ,69-62,Defensive rebound by J. Allen,,3,69,62,7,1849.0
5:02.0, ,69-65,D. Garland makes 3-pt jump shot from 25 ft (assist by S. Merrill),,3,69,65,4,1858.0
4:49.0,Personal foul by D. Garland (drawn by K. Porziņģis),69-65, ,,3,69,65,4,1871.0
4:38.0,Shooting foul by G. Niang (drawn by J. Brown),69-65, ,,3,69,65,4,1882.0
4:38.0,J. Brown makes free throw 1 of 2,70-65, ,,3,70,65,5,1882.0
4:38.0,J. Brown makes free throw 2 of 2,71-65, ,,3,71,65,6,1882.0
4:25.0, ,71-65,D. Garland misses 2-pt jump shot from 7 ft,,3,71,65,6,1895.0
4:23.0,Defensive rebound by A. Horford,71-65, ,,3,71,65,6,1897.0
4:10.0,Turnover by J. Brown (bad pass; steal by C. LeVert),71-65, ,,3,71,65,6,1910.0
3:58.0, ,71-67,J. Allen makes 2-pt dunk from 2 ft (assist by C. LeVert),,3,71,67,4,1922.0
3:37.0,J. Brown makes 2-pt hook shot from 5 ft (assist by D. White),73-67, ,,3,73,67,6,1943.0
3:23.0, ,73-67,Turnover by C. LeVert (bad pass; steal by S. Hauser),,3,73,67,6,1957.0
3:19.0,D. White makes 2-pt jump shot from 3 ft,75-67, ,,3,75,67,8,1961.0
3:19.0,Shooting foul by G. Niang (drawn by D. White),75-67, ,,3,75,67,8,1961.0
3:19.0,D. White makes free throw 1 of 1,76-67, ,,3,76,67,9,1961.0
3:09.0, ,76-67,Personal foul by J. Brown (drawn by J. Allen),,3,76,67,9,1971.0
3:09.0, ,76-67,I. Okoro enters the game for S. Merrill,,3,76,67,9,1971.0
2:56.0, ,76-67,D. Garland misses 3-pt jump shot from 24 ft (block by D. White),,3,76,67,9,1984.0
2:55.0, ,76-67,Offensive rebound by Team,,3,76,67,9,1985.0
2:55.0, ,76-67,Turnover by Team (shot clock),,3,76,67,9,1985.0
2:55.0,Boston full timeout,76-67, ,,3,76,67,9,1985.0
2:36.0,J. Brown misses 2-pt layup from 1 ft,76-67, ,,3,76,67,9,2004.0
2:34.0, ,76-67,Defensive rebound by I. Okoro,,3,76,67,9,2006.0
2:30.0, ,76-67,Turnover by G. Niang (bad pass; steal by A. Horford),,3,76,67,9,2010.0
2:19.0,A. Horford makes 3-pt jump shot from 24 ft (assist by D. White),79-67, ,,3,79,67,12,2021.0
1:56.0, ,79-67,D. Garland misses 2-pt jump shot from 20 ft,,3,79,67,12,2044.0
1:53.0,Defensive rebound by S. Hauser,79-67, ,,3,79,67,12,2047.0
1:38.0,A. Horford makes 2-pt layup from 1 ft (assist by K. Porziņģis),81-67, ,,3,81,67,14,2062.0
1:18.0, ,81-67,D. Garland misses 2-pt jump shot from 7 ft,,3,81,67,14,2082.0
1:15.0,Defensive rebound by J. Brown,81-67, ,,3,81,67,14,2085.0
1:02.0,Turnover by D. White (bad pass; steal by D. Garland),81-67, ,,3,81,67,14,2098.0
0:57.0, ,81-69,I. Okoro makes 2-pt layup from 1 ft (assist by D. Garland),,3,81,69,12,2103.0
0:43.0,K. Porziņģis makes 3-pt jump shot from 26 ft (assist by D. White),84-69, ,,3,84,69,15,2117.0
0:39.0, ,84-69,Personal foul by S. Hauser (drawn by D. Garland),,3,84,69,15,2121.0
0:39.0,J. Holiday enters the game for K. Porziņģis,84-69, ,,3,84,69,15,2121.0
0:39.0, ,84-69,S. Merrill enters the game for I. Okoro,,3,84,69,15,2121.0
0:28.0, ,84-69,C. LeVert misses 3-pt jump shot from 25 ft (block by D. White),,3,84,69,15,2132.0
0:25.0,Defensive rebound by S. Hauser,84-69, ,,3,84,69,15,2135.0
0:07.0,J. Brown makes 3-pt jump shot from 27 ft (assist by J. Holiday),87-69, ,,3,87,69,18,2153.0
0:07.0, ,87-69,Cleveland full timeout,,3,87,69,18,2153.0
0:07.0, ,87-69,Instant Replay (Challenge: Ruling Stands),,3,87,69,18,2153.0
0:07.0,P. Pritchard enters the game for A. Horford,87-69, ,,3,87,69,18,2153.0
0:00.0, ,87-71,D. Garland makes 2-pt layup from 1 ft,,3,87,71,16,2160.0
0:00.0,End of 3rd quarter,87-71,,,3,87,71,16,2160.0
12:00.0,Start of 4th quarter,87-71,,,4,87,71,16,2160.0
11:39.0,L. Kornet misses 2-pt hook shot from 7 ft,87-71, ,,4,87,71,16,2181.0
11:37.0, ,87-71,Defensive rebound by D. Wade,,4,87,71,16,2183.0
11:23.0, ,87-71,I. Okoro misses 3-pt jump shot from 26 ft,,4,87,71,16,2197.0
11:21.0,Defensive rebound by P. Pritchard,87-71, ,,4,87,71,16,2199.0
11:03.0,L. Kornet makes 2-pt dunk at rim (assist by P. Pritchard),89-71, ,,4,89,71,18,2217.0
10:47.0, ,89-71,C. LeVert misses 3-pt jump shot from 25 ft,,4,89,71,18,2233.0
10:47.0,Defensive rebound by Team,89-71, ,,4,89,71,18,2233.0
10:30.0,J. Tatum misses 3-pt jump shot from 26 ft,89-71, ,,4,89,71,18,2250.0
10:25.0,Offensive rebound by J. Holiday,89-71, ,,4,89,71,18,2255.0
10:21.0,Turnover by J. Holiday (bad pass; steal by I. Okoro),89-71, ,,4,89,71,18,2259.0
10:19.0, ,89-71,Shooting foul by J. Tatum (drawn by I. Okoro),,4,89,71,18,2261.0
10:19.0, ,89-71,I. Okoro misses free throw 1 of 2,,4,89,71,18,2261.0
10:19.0, ,89-71,Offensive rebound by Team,,4,89,71,18,2261.0
10:19.0, ,89-71,I. Okoro misses free throw 2 of 2,,4,89,71,18,2261.0
10:17.0,Defensive rebound by A. Horford,89-71, ,,4,89,71,18,2263.0
10:01.0,J. Tatum misses 2-pt layup from 2 ft,89-71, ,,4,89,71,18,2279.0
10:01.0,Offensive rebound by Team,89-71, ,,4,89,71,18,2279.0
9:57.0,Turnover by P. Pritchard (lost ball; steal by C. LeVert),89-71, ,,4,89,71,18,2283.0
9:47.0, ,89-71,S. Merrill misses 3-pt jump shot from 25 ft,,4,89,71,18,2293.0
9:45.0,Defensive rebound by P. Pritchard,89-71, ,,4,89,71,18,2295.0
9:33.0,A. Horford misses 3-pt jump shot from 24 ft,89-71, ,,4,89,71,18,2307.0
9:28.0,Offensive rebound by P. Pritchard,89-71, ,,4,89,71,18,2312.0
9:27.0,P. Pritchard makes 2-pt layup from 1 ft,91-71, ,,4,91,71,20,2313.0
9:20.0, ,91-71,Turnover by C. LeVert (step out of bounds),,4,91,71,20,2320.0
9:06.0,J. Tatum misses 2-pt jump shot from 8 ft,91-71, ,,4,91,71,20,2334.0
9:01.0,Offensive rebound by J. Tatum,91-71, ,,4,91,71,20,2339.0
9:00.0,J. Tatum makes 2-pt layup from 1 ft,93-71, ,,4,93,71,22,2340.0
8:52.0, ,93-74,D. Wade makes 3-pt jump shot from 25 ft (assist by C. LeVert),,4,93,74,19,2348.0
8:24.0,L. Kornet misses 2-pt hook shot from 10 ft,93-74, ,,4,93,74,19,2376.0
8:22.0, ,93-74,Defensive rebound by C. LeVert,,4,93,74,19,2378.0
8:10.0, ,93-76,C. LeVert makes 2-pt layup from 1 ft,,4,93,76,17,2390.0
7:54.0,J. Tatum misses 2-pt jump shot from 16 ft,93-76, ,,4,93,76,17,2406.0
7:51.0, ,93-76,Defensive rebound by C. LeVert,,4,93,76,17,2409.0
7:49.0, ,93-76,Personal foul by P. Pritchard (drawn by C. LeVert),,4,93,76,17,2411.0
7:41.0, ,93-79,D. Wade makes 3-pt jump shot from 25 ft (assist by C. LeVert),,4,93,79,14,2419.0
7:28.0,L. Kornet makes 2-pt dunk from 1 ft (assist by J. Holiday),95-79, ,,4,95,79,16,2432.0
7:17.0, ,95-82,I. Okoro makes 3-pt jump shot from 25 ft,,4,95,82,13,2443.0
6:58.0,J. Holiday misses 3-pt jump shot from 28 ft,95-82, ,,4,95,82,13,2462.0
6:56.0,Offensive rebound by A. Horford,95-82, ,,4,95,82,13,2464.0
6:56.0,A. Horford misses 2-pt jump shot from 3 ft (block by I. Okoro),95-82, ,,4,95,82,13,2464.0
6:56.0,Offensive rebound by Team,95-82, ,,4,95,82,13,2464.0
6:56.0, ,95-82,Cleveland full timeout,,4,95,82,13,2464.0
6:56.0, ,95-82,D. Garland enters the game for C. LeVert,,4,95,82,13,2464.0
6:48.0,J. Tatum misses 2-pt layup from 1 ft,95-82, ,,4,95,82,13,2472.0
6:48.0, ,95-82,Defensive rebound by Team,,4,95,82,13,2472.0
6:27.0, ,95-85,G. Niang makes 3-pt jump shot from 25 ft (assist by I. Okoro),,4,95,85,10,2493.0
6:11.0,A. Horford makes 2-pt hook shot from 3 ft,97-85, ,,4,97,85,12,2509.0
6:00.0, ,97-87,D. Wade makes 2-pt dunk from 1 ft (assist by G. Niang),,4,97,87,10,2520.0
5:27.0,A. Horford misses 3-pt jump shot from 23 ft,97-87, ,,4,97,87,10,2553.0
5:24.0, ,97-87,Defensive rebound by D. Wade,,4,97,87,10,2556.0
5:14.0, ,97-87,Shooting foul by L. Kornet (drawn by D. Wade),,4,97,87,10,2566.0
5:14.0, ,97-87,D. Wade misses free throw 1 of 2,,4,97,87,10,2566.0
5:14.0, ,97-87,Offensive rebound by Team,,4,97,87,10,2566.0
5:14.0,J. Brown enters the game for A. Horford,97-87, ,,4,97,87,10,2566.0
5:14.0,K. Porziņģis enters the game for L. Kornet,97-87, ,,4,97,87,10,2566.0
5:14.0,D. White enters the game for P. Pritchard,97-87, ,,4,97,87,10,2566.0
5:14.0, ,97-87,J. Allen enters the game for S. Merrill,,4,97,87,10,2566.0
5:14.0, ,97-87,C. LeVert enters the game for I. Okoro,,4,97,87,10,2566.0
5:14.0, ,97-88,D. Wade makes free throw 2 of 2,,4,97,88,9,2566.0
5:02.0,K. Porziņģis misses 3-pt jump shot from 31 ft,97-88, ,,4,97,88,9,2578.0
4:59.0, ,97-88,Defensive rebound by C. LeVert,,4,97,88,9,2581.0
4:51.0, ,97-91,D. Wade makes 3-pt jump shot from 25 ft (assist by D. Garland),,4,97,91,6,2589.0
4:28.0,J. Tatum misses 3-pt jump shot from 26 ft,97-91, ,,4,97,91,6,2612.0
4:25.0, ,97-91,Defensive rebound by D. Wade,,4,97,91,6,2615.0
4:18.0, ,97-94,D. Wade makes 3-pt jump shot from 28 ft (assist by D. Garland),,4,97,94,3,2622.0
4:18.0,Boston full timeout,97-94, ,,4,97,94,3,2622.0
3:54.0,K. Porziņģis makes 2-pt jump shot from 7 ft,99-94, ,,4,99,94,5,2646.0
3:42.0, ,99-94,Shooting foul by K. Porziņģis (drawn by J. Allen),,4,99,94,5,2658.0
3:42.0, ,99-95,J. Allen makes free throw 1 of 2,,4,99,95,4,2658.0
3:42.0, ,99-96,J. Allen makes free throw 2 of 2,,4,99,96,3,2658.0
3:27.0,D. White misses 2-pt jump shot from 3 ft,99-96, ,,4,99,96,3,2673.0
3:25.0, ,99-96,Defensive rebound by J. Allen,,4,99,96,3,2675.0
3:19.0, ,99-99,G. Niang makes 3-pt jump shot from 23 ft (assist by D. Wade),Tie,4,99,99,0,2681.0
2:59.0,J. Holiday misses 3-pt jump shot from 25 ft,99-99, ,,4,99,99,0,2701.0
2:57.0, ,99-99,Defensive rebound by D. Wade,,4,99,99,0,2703.0
2:34.0, ,99-102,D. Wade makes 3-pt jump shot from 26 ft (assist by J. Allen),Lead change,4,99,102,-3,2726.0
2:15.0,J. Tatum misses 2-pt jump shot from 10 ft,99-102, ,,4,99,102,-3,2745.0
2:12.0, ,99-102,Defensive rebound by J. Allen,,4,99,102,-3,2748.0
1:54.0, ,99-102,Personal foul by J. Tatum (drawn by D. Garland),,4,99,102,-3,2766.0
1:54.0, ,99-103,D. Garland makes free throw 1 of 2,,4,99,103,-4,2766.0
1:54.0, ,99-103,D. Garland misses free throw 2 of 2,,4,99,103,-4,2766.0
1:51.0,Defensive rebound by J. Tatum,99-103, ,,4,99,103,-4,2769.0
1:39.0,J. Holiday makes 2-pt layup from 1 ft (assist by K. Porziņģis),101-103, ,,4,101,103,-2,2781.0
1:18.0, ,101-103,Turnover by D. Garland (bad pass),,4,101,103,-2,2802.0
1:18.0, ,101-103,I. Okoro enters the game for D. Garland,,4,101,103,-2,2802.0
1:04.0,K. Porziņģis misses 3-pt jump shot from 29 ft,101-103, ,,4,101,103,-2,2816.0
1:01.0, ,101-103,Defensive rebound by D. Wade,,4,101,103,-2,2819.0
1:01.0, ,101-103,Cleveland full timeout,,4,101,103,-2,2819.0
1:01.0, ,101-103,D. Garland enters the game for I. Okoro,,4,101,103,-2,2819.0
0:40.0, ,101-103,Turnover by D. Garland (bad pass; steal by K. Porziņģis),,4,101,103,-2,2840.0
0:36.0,K. Porziņģis makes 2-pt layup at rim (assist by J. Holiday),103-103, ,Tie,4,103,103,0,2844.0
0:36.0,Shooting foul by D. Garland (drawn by K. Porziņģis),103-103, ,,4,103,103,0,2844.0
0:36.0,K. Porziņģis makes free throw 1 of 1,104-103, ,Lead change,4,104,103,1,2844.0
0:19.0, ,104-103,D. Garland misses 2-pt layup from 2 ft,,4,104,103,1,2861.0
0:19.0, ,104-103,Offensive rebound by D. Wade,,4,104,103,1,2861.0
0:19.0, ,104-105,D. Wade makes 2-pt dunk at rim,Lead change,4,104,105,-1,2861.0
0:01.0,J. Tatum misses 2-pt jump shot from 16 ft,104-105, ,,4,104,105,-1,2879.0
0:00.0,Offensive rebound by Team,104-105, ,,4,104,105,-1,2880.0
0:00.0, ,104-105,Cleveland full timeout,,4,104,105,-1,2880.0
0:00.0, ,104-105,Instant Replay (Challenge: Stands),,4,104,105,-1,2880.0
0:00.0,Jump ball: K. Porziņģis vs. J. Allen (D. White gains possession),104-105,,,4,104,105,-1,2880.0
0:00.0,End of 4th quarter,104-105,,,4,104,105,-1,2880.0
