Time,Score,Event,Quarter,MiamiScore,OpponentScore,PointDifference,ElapsedTime,Notes,OpponentName,id
12:00.0,0-0,,1,0,0,0,0.0,Jump ball: J. Duren vs. B. Adebayo (A. Thompson gains possession),Detroit,202310250MIA
12:00.0,29-26,,2,26,29,-3,720.0,Start of 2nd quarter,Detroit,202310250MIA
12:00.0,47-58,,3,58,47,11,1440.0,Start of 3rd quarter,Detroit,202310250MIA
12:00.0,75-83,,4,83,75,8,2160.0,Start of 4th quarter,Detroit,202310250MIA
0:00.0,102-103,,4,103,102,1,2880.0,End of 4th quarter,Detroit,202310250MIA
12:00.0,0-0,,1,0,0,0,0.0,Jump ball: B. Adebayo vs. K. Porziņģis (D. White gains possession),Boston,202310270BOS
12:00.0,28-25,,2,28,25,3,720.0,Start of 2nd quarter,Boston,202310270BOS
12:00.0,55-60,,3,55,60,-5,1440.0,Start of 3rd quarter,Boston,202310270BOS
12:00.0,88-87,,4,88,87,1,2160.0,Start of 4th quarter,Boston,202310270BOS
0:00.0,111-119,,4,111,119,-8,2880.0,End of 4th quarter,Boston,202310270BOS
12:00.0,0-0,,1,0,0,0,0.0,Jump ball: B. Adebayo vs. R. Gobert (K. Lowry gains possession),Minnesota,202310280MIN
12:00.0,0-0,,1,0,0,0,0.0, ,Minnesota,202310280MIN
12:00.0,31-26,,2,31,26,5,720.0,Start of 2nd quarter,Minnesota,202310280MIN
12:00.0,53-55,,3,53,55,-2,1440.0,Start of 3rd quarter,Minnesota,202310280MIN
12:00.0,73-80,,4,73,80,-7,2160.0,Start of 4th quarter,Minnesota,202310280MIN
0:00.0,90-106,,4,90,106,-16,2880.0,End of 4th quarter,Minnesota,202310280MIN
12:00.0,0-0,,1,0,0,0,0.0,Jump ball: T. Bryant vs. B. Lopez (K. Love gains possession),Milwaukee,202310300MIL
12:00.0,28-28,,2,28,28,0,720.0,Start of 2nd quarter,Milwaukee,202310300MIL
12:00.0,52-62,,3,52,62,-10,1440.0,Start of 3rd quarter,Milwaukee,202310300MIL
12:00.0,73-97,,4,73,97,-24,2160.0,Start of 4th quarter,Milwaukee,202310300MIL
0:00.0,114-122,,4,114,122,-8,2880.0,End of 4th quarter,Milwaukee,202310300MIL
12:00.0,0-0,,1,0,0,0,0.0,Jump ball: B. Simmons vs. B. Adebayo (K. Lowry gains possession),Brooklyn,202311010MIA
12:00.0,29-32,,2,32,29,3,720.0,Start of 2nd quarter,Brooklyn,202311010MIA
12:00.0,46-56,,3,56,46,10,1440.0,Start of 3rd quarter,Brooklyn,202311010MIA
12:00.0,75-83,,4,83,75,8,2160.0,Start of 4th quarter,Brooklyn,202311010MIA
0:00.0,109-105,,4,105,109,-4,2880.0,End of 4th quarter,Brooklyn,202311010MIA
12:00.0,0-0,,1,0,0,0,0.0,Jump ball: D. Gafford vs. B. Adebayo (H. Highsmith gains possession),Washington,202311030MIA
12:00.0,34-34,,2,34,34,0,720.0,Start of 2nd quarter,Washington,202311030MIA
12:00.0,54-60,,3,60,54,6,1440.0,Start of 3rd quarter,Washington,202311030MIA
12:00.0,81-101,,4,101,81,20,2160.0,Start of 4th quarter,Washington,202311030MIA
0:00.0,114-121,,4,121,114,7,2880.0,End of 4th quarter,Washington,202311030MIA
12:00.0,0-0,,1,0,0,0,0.0,Jump ball: A. Davis vs. B. Adebayo (K. Lowry gains possession),LA Lakers,202311060MIA
12:00.0,33-33,,2,33,33,0,720.0,Start of 2nd quarter,LA Lakers,202311060MIA
12:00.0,59-62,,3,62,59,3,1440.0,Start of 3rd quarter,LA Lakers,202311060MIA
12:00.0,79-90,,4,90,79,11,2160.0,Start of 4th quarter,LA Lakers,202311060MIA
0:00.0,107-108,,4,108,107,1,2880.0,End of 4th quarter,LA Lakers,202311060MIA
12:00.0,0-0,,1,0,0,0,0.0,Jump ball: B. Adebayo vs. J. Jackson (T. Herro gains possession),Memphis,202311080MEM
12:00.0,33-26,,2,33,26,7,720.0,Start of 2nd quarter,Memphis,202311080MEM
12:00.0,54-46,,3,54,46,8,1440.0,Start of 3rd quarter,Memphis,202311080MEM
12:00.0,77-76,,4,77,76,1,2160.0,Start of 4th quarter,Memphis,202311080MEM
0:00.0,108-102,,4,108,102,6,2880.0,End of 4th quarter,Memphis,202311080MEM
12:00.0,0-0,,1,0,0,0,0.0,Jump ball: B. Adebayo vs. C. Capela (K. Lowry gains possession),Atlanta,202311110ATL
12:00.0,41-24,,2,41,24,17,720.0,Start of 2nd quarter,Atlanta,202311110ATL
12:00.0,63-52,,3,63,52,11,1440.0,Start of 3rd quarter,Atlanta,202311110ATL
12:00.0,93-82,,4,93,82,11,2160.0,Start of 4th quarter,Atlanta,202311110ATL
0:00.0,117-109,,4,117,109,8,2880.0,End of 4th quarter,Atlanta,202311110ATL
12:00.0,0-0,,1,0,0,0,0.0,Jump ball: B. Adebayo vs. V. Wembanyama (J. Richardson gains possession),San Antonio,202311120SAS
12:00.0,15-29,,2,15,29,-14,720.0,Start of 2nd quarter,San Antonio,202311120SAS
12:00.0,50-53,,3,50,53,-3,1440.0,Start of 3rd quarter,San Antonio,202311120SAS
12:00.0,82-84,,4,82,84,-2,2160.0,Start of 4th quarter,San Antonio,202311120SAS
0:00.0,118-113,,4,118,113,5,2880.0,End of 4th quarter,San Antonio,202311120SAS
12:00.0,0-0,,1,0,0,0,0.0,Jump ball: B. Adebayo vs. M. Williams (K. Lowry gains possession),Charlotte,202311140CHO
12:00.0,24-32,,2,24,32,-8,720.0,Start of 2nd quarter,Charlotte,202311140CHO
12:00.0,57-48,,3,57,48,9,1440.0,Start of 3rd quarter,Charlotte,202311140CHO
12:00.0,87-80,,4,87,80,7,2160.0,Start of 4th quarter,Charlotte,202311140CHO
0:00.0,111-105,,4,111,105,6,2880.0,End of 4th quarter,Charlotte,202311140CHO
12:00.0,0-0,,1,0,0,0,0.0,Jump ball: N. Claxton vs. B. Adebayo (S. Dinwiddie gains possession),Brooklyn,202311160MIA
12:00.0,27-30,,2,30,27,3,720.0,Start of 2nd quarter,Brooklyn,202311160MIA
12:00.0,52-60,,3,60,52,8,1440.0,Start of 3rd quarter,Brooklyn,202311160MIA
12:00.0,83-95,,4,95,83,12,2160.0,Start of 4th quarter,Brooklyn,202311160MIA
0:00.0,115-122,,4,122,115,7,2880.0,End of 4th quarter,Brooklyn,202311160MIA
12:00.0,0-0,,1,0,0,0,0.0,Jump ball: B. Adebayo vs. N. Vučević (J. Butler gains possession),Chicago,202311180CHI
12:00.0,26-14,,2,26,14,12,720.0,Start of 2nd quarter,Chicago,202311180CHI
12:00.0,50-40,,3,50,40,10,1440.0,Start of 3rd quarter,Chicago,202311180CHI
12:00.0,76-68,,4,76,68,8,2160.0,Start of 4th quarter,Chicago,202311180CHI
0:00.0,97-102,,4,97,102,-5,2880.0,End of 4th quarter,Chicago,202311180CHI
12:00.0,0-0,,1,0,0,0,0.0,Jump ball: B. Adebayo vs. N. Vučević (J. Butler gains possession),Chicago,202311200CHI
12:00.0,33-27,,2,33,27,6,720.0,Start of 2nd quarter,Chicago,202311200CHI
12:00.0,65-53,,3,65,53,12,1440.0,Start of 3rd quarter,Chicago,202311200CHI
12:00.0,93-81,,4,93,81,12,2160.0,Start of 4th quarter,Chicago,202311200CHI
0:00.0,118-100,,4,118,100,18,2880.0,End of 4th quarter,Chicago,202311200CHI
12:00.0,0-0,,1,0,0,0,0.0,Jump ball: T. Bryant vs. J. Allen (D. Garland gains possession),Cleveland,202311220CLE
12:00.0,37-26,,2,37,26,11,720.0,Start of 2nd quarter,Cleveland,202311220CLE
12:00.0,69-55,,3,69,55,14,1440.0,Start of 3rd quarter,Cleveland,202311220CLE
12:00.0,101-79,,4,101,79,22,2160.0,Start of 4th quarter,Cleveland,202311220CLE
0:00.0,129-96,,4,129,96,33,2880.0,End of 4th quarter,Cleveland,202311220CLE
12:00.0,0-0,,1,0,0,0,0.0,Jump ball: B. Adebayo vs. M. Robinson (K. Lowry gains possession),New York,202311240NYK
12:00.0,28-25,,2,28,25,3,720.0,Start of 2nd quarter,New York,202311240NYK
12:00.0,50-51,,3,50,51,-1,1440.0,Start of 3rd quarter,New York,202311240NYK
12:00.0,87-71,,4,87,71,16,2160.0,Start of 4th quarter,New York,202311240NYK
0:00.0,98-100,,4,98,100,-2,2880.0,End of 4th quarter,New York,202311240NYK
12:00.0,0-0,,1,0,0,0,0.0,Jump ball: T. Bryant vs. N. Claxton (C. Johnson gains possession),Brooklyn,202311250BRK
12:00.0,22-26,,2,22,26,-4,720.0,Start of 2nd quarter,Brooklyn,202311250BRK
12:00.0,53-63,,3,53,63,-10,1440.0,Start of 3rd quarter,Brooklyn,202311250BRK
12:00.0,76-90,,4,76,90,-14,2160.0,Start of 4th quarter,Brooklyn,202311250BRK
0:00.0,97-112,,4,97,112,-15,2880.0,End of 4th quarter,Brooklyn,202311250BRK
12:00.0,0-0,,1,0,0,0,0.0,Jump ball: B. Lopez vs. B. Adebayo (G. Antetokounmpo gains possession),Milwaukee,202311280MIA
12:00.0,31-22,,2,22,31,-9,720.0,Start of 2nd quarter,Milwaukee,202311280MIA
12:00.0,59-62,,3,62,59,3,1440.0,Start of 3rd quarter,Milwaukee,202311280MIA
12:00.0,93-97,,4,97,93,4,2160.0,Start of 4th quarter,Milwaukee,202311280MIA
0:00.0,131-124,,4,124,131,-7,2880.0,End of 4th quarter,Milwaukee,202311280MIA
12:00.0,0-0,,1,0,0,0,0.0,Jump ball: M. Turner vs. B. Adebayo (J. Butler gains possession),Indiana,202311300MIA
12:00.0,38-33,,2,33,38,-5,720.0,Start of 2nd quarter,Indiana,202311300MIA
12:00.0,73-64,,3,64,73,-9,1440.0,Start of 3rd quarter,Indiana,202311300MIA
12:00.0,100-97,,4,97,100,-3,2160.0,Start of 4th quarter,Indiana,202311300MIA
0:00.0,132-142,,4,142,132,10,2880.0,End of 4th quarter,Indiana,202311300MIA
12:00.0,0-0,,1,0,0,0,0.0,Jump ball: M. Turner vs. O. Robinson (O. Toppin gains possession),Indiana,202312020MIA
12:00.0,25-31,,2,31,25,6,720.0,Start of 2nd quarter,Indiana,202312020MIA
12:00.0,65-65,,3,65,65,0,1440.0,Start of 3rd quarter,Indiana,202312020MIA
12:00.0,106-98,,4,98,106,-8,2160.0,Start of 4th quarter,Indiana,202312020MIA
0:00.0,144-129,,4,129,144,-15,2880.0,End of 4th quarter,Indiana,202312020MIA
12:00.0,0-0,,1,0,0,0,0.0,Jump ball: O. Robinson vs. J. Poeltl (S. Barnes gains possession),Toronto,202312060TOR
12:00.0,37-32,,2,37,32,5,720.0,Start of 2nd quarter,Toronto,202312060TOR
12:00.0,64-66,,3,64,66,-2,1440.0,Start of 3rd quarter,Toronto,202312060TOR
12:00.0,87-84,,4,87,84,3,2160.0,Start of 4th quarter,Toronto,202312060TOR
0:00.0,112-103,,4,112,103,9,2880.0,End of 4th quarter,Toronto,202312060TOR
12:00.0,0-0,,1,0,0,0,0.0,Jump ball: J. Allen vs. O. Robinson (M. Strus gains possession),Cleveland,202312080MIA
12:00.0,17-25,,2,25,17,8,720.0,Start of 2nd quarter,Cleveland,202312080MIA
12:00.0,53-52,,3,52,53,-1,1440.0,Start of 3rd quarter,Cleveland,202312080MIA
12:00.0,88-75,,4,75,88,-13,2160.0,Start of 4th quarter,Cleveland,202312080MIA
0:00.0,111-99,,4,99,111,-12,2880.0,End of 4th quarter,Cleveland,202312080MIA
12:00.0,0-0,,1,0,0,0,0.0,Jump ball: O. Robinson vs. N. Richards (T. Rozier gains possession),Charlotte,202312110CHO
12:00.0,29-24,,2,29,24,5,720.0,Start of 2nd quarter,Charlotte,202312110CHO
12:00.0,59-50,,3,59,50,9,1440.0,Start of 3rd quarter,Charlotte,202312110CHO
12:00.0,89-77,,4,89,77,12,2160.0,Start of 4th quarter,Charlotte,202312110CHO
0:00.0,116-114,,4,116,114,2,2880.0,End of 4th quarter,Charlotte,202312110CHO
12:00.0,0-0,,1,0,0,0,0.0,Jump ball: N. Richards vs. O. Robinson (T. Rozier gains possession),Charlotte,202312130MIA
12:00.0,23-22,,2,22,23,-1,720.0,Start of 2nd quarter,Charlotte,202312130MIA
12:00.0,45-56,,3,56,45,11,1440.0,Start of 3rd quarter,Charlotte,202312130MIA
12:00.0,70-91,,4,91,70,21,2160.0,Start of 4th quarter,Charlotte,202312130MIA
0:00.0,104-115,,4,115,104,11,2880.0,End of 4th quarter,Charlotte,202312130MIA
12:00.0,0-0,,1,0,0,0,0.0,Jump ball: N. Vučević vs. O. Robinson (C. White gains possession),Chicago,202312140MIA
12:00.0,36-22,,2,22,36,-14,720.0,Start of 2nd quarter,Chicago,202312140MIA
12:00.0,60-56,,3,56,60,-4,1440.0,Start of 3rd quarter,Chicago,202312140MIA
12:00.0,93-88,,4,88,93,-5,2160.0,Start of 4th quarter,Chicago,202312140MIA
0:00.0,124-116,,4,116,124,-8,2880.0,End of 4th quarter,Chicago,202312140MIA
12:00.0,0-0,,1,0,0,0,0.0,Jump ball: N. Vučević vs. O. Robinson (C. White gains possession),Chicago,202312160MIA
12:00.0,24-36,,2,36,24,12,720.0,Start of 2nd quarter,Chicago,202312160MIA
12:00.0,57-58,,3,58,57,1,1440.0,Start of 3rd quarter,Chicago,202312160MIA
12:00.0,80-91,,4,91,80,11,2160.0,Start of 4th quarter,Chicago,202312160MIA
0:00.0,116-118,,4,118,116,2,2880.0,End of 4th quarter,Chicago,202312160MIA
12:00.0,0-0,,1,0,0,0,0.0,Jump ball: R. Gobert vs. B. Adebayo (J. Butler gains possession),Minnesota,202312180MIA
12:00.0,22-33,,2,33,22,11,720.0,Start of 2nd quarter,Minnesota,202312180MIA
12:00.0,54-66,,3,66,54,12,1440.0,Start of 3rd quarter,Minnesota,202312180MIA
12:00.0,77-83,,4,83,77,6,2160.0,Start of 4th quarter,Minnesota,202312180MIA
0:00.0,112-108,,4,108,112,-4,2880.0,End of 4th quarter,Minnesota,202312180MIA
12:00.0,0-0,,1,0,0,0,0.0,Jump ball: B. Adebayo vs. W. Carter (K. Lowry gains possession),Orlando,202312200ORL
12:00.0,25-24,,2,25,24,1,720.0,Start of 2nd quarter,Orlando,202312200ORL
12:00.0,68-50,,3,68,50,18,1440.0,Start of 3rd quarter,Orlando,202312200ORL
12:00.0,89-72,,4,89,72,17,2160.0,Start of 4th quarter,Orlando,202312200ORL
0:00.0,115-106,,4,115,106,9,2880.0,End of 4th quarter,Orlando,202312200ORL
12:00.0,0-0,,1,0,0,0,0.0,Jump ball: C. Capela vs. B. Adebayo (K. Lowry gains possession),Atlanta,202312220MIA
12:00.0,26-33,,2,33,26,7,720.0,Start of 2nd quarter,Atlanta,202312220MIA
12:00.0,60-62,,3,62,60,2,1440.0,Start of 3rd quarter,Atlanta,202312220MIA
12:00.0,86-88,,4,88,86,2,2160.0,Start of 4th quarter,Atlanta,202312220MIA
0:00.0,113-122,,4,122,113,9,2880.0,End of 4th quarter,Atlanta,202312220MIA
12:00.0,0-0,,1,0,0,0,0.0,Jump ball: P. Reed vs. B. Adebayo (K. Oubre gains possession),Philadelphia,202312250MIA
12:00.0,22-26,,2,26,22,4,720.0,Start of 2nd quarter,Philadelphia,202312250MIA
12:00.0,49-63,,3,63,49,14,1440.0,Start of 3rd quarter,Philadelphia,202312250MIA
12:00.0,86-86,,4,86,86,0,2160.0,Start of 4th quarter,Philadelphia,202312250MIA
0:00.0,113-119,,4,119,113,6,2880.0,End of 4th quarter,Philadelphia,202312250MIA
12:00.0,0-0,,1,0,0,0,0.0,Jump ball: B. Adebayo vs. K. Looney (T. Herro gains possession),Golden State,202312280GSW
12:00.0,22-25,,2,22,25,-3,720.0,Start of 2nd quarter,Golden State,202312280GSW
12:00.0,58-51,,3,58,51,7,1440.0,Start of 3rd quarter,Golden State,202312280GSW
12:00.0,91-76,,4,91,76,15,2160.0,Start of 4th quarter,Golden State,202312280GSW
0:00.0,114-102,,4,114,102,12,2880.0,End of 4th quarter,Golden State,202312280GSW
12:00.0,0-0,,1,0,0,0,0.0,Jump ball: B. Adebayo vs. J. Collins (J. Butler gains possession),Utah,202312300UTA
12:00.0,28-27,,2,28,27,1,720.0,Start of 2nd quarter,Utah,202312300UTA
12:00.0,53-54,,3,53,54,-1,1440.0,Start of 3rd quarter,Utah,202312300UTA
12:00.0,88-88,,4,88,88,0,2160.0,Start of 4th quarter,Utah,202312300UTA
0:00.0,109-117,,4,109,117,-8,2880.0,End of 4th quarter,Utah,202312300UTA
12:00.0,0-0,,1,0,0,0,0.0,Jump ball: B. Adebayo vs. I. Zubac (K. Lowry gains possession),LA Clippers,202401010LAC
12:00.0,35-23,,2,35,23,12,720.0,Start of 2nd quarter,LA Clippers,202401010LAC
12:00.0,58-59,,3,58,59,-1,1440.0,Start of 3rd quarter,LA Clippers,202401010LAC
12:00.0,85-95,,4,85,95,-10,2160.0,Start of 4th quarter,LA Clippers,202401010LAC
0:00.0,104-121,,4,104,121,-17,2880.0,End of 4th quarter,LA Clippers,202401010LAC
12:00.0,0-0,,1,0,0,0,0.0,Jump ball: B. Adebayo vs. A. Davis (K. Lowry gains possession),LA Lakers,202401030LAL
12:00.0,25-18,,2,25,18,7,720.0,Start of 2nd quarter,LA Lakers,202401030LAL
12:00.0,53-45,,3,53,45,8,1440.0,Start of 3rd quarter,LA Lakers,202401030LAL
12:00.0,72-67,,4,72,67,5,2160.0,Start of 4th quarter,LA Lakers,202401030LAL
0:00.0,110-96,,4,110,96,14,2880.0,End of 4th quarter,LA Lakers,202401030LAL
12:00.0,0-0,,1,0,0,0,0.0,Jump ball: B. Adebayo vs. J. Nurkić (N. Jović gains possession),Phoenix,202401050PHO
12:00.0,29-33,,2,29,33,-4,720.0,Start of 2nd quarter,Phoenix,202401050PHO
12:00.0,29-33,,2,29,33,-4,720.0, ,Phoenix,202401050PHO
12:00.0,55-62,,3,55,62,-7,1440.0,Start of 3rd quarter,Phoenix,202401050PHO
12:00.0,75-94,,4,75,94,-19,2160.0,Start of 4th quarter,Phoenix,202401050PHO
0:00.0,97-113,,4,97,113,-16,2880.0,End of 4th quarter,Phoenix,202401050PHO
12:00.0,0-0,,1,0,0,0,0.0,Jump ball: A. Sengun vs. B. Adebayo (T. Herro gains possession),Houston,202401080MIA
12:00.0,27-34,,2,34,27,7,720.0,Start of 2nd quarter,Houston,202401080MIA
12:00.0,59-59,,3,59,59,0,1440.0,Start of 3rd quarter,Houston,202401080MIA
12:00.0,82-91,,4,91,82,9,2160.0,Start of 4th quarter,Houston,202401080MIA
0:00.0,113-120,,4,120,113,7,2880.0,End of 4th quarter,Houston,202401080MIA
12:00.0,0-0,,1,0,0,0,0.0,Jump ball: C. Holmgren vs. B. Adebayo (H. Highsmith gains possession),Oklahoma City,202401100MIA
12:00.0,29-35,,2,35,29,6,720.0,Start of 2nd quarter,Oklahoma City,202401100MIA
12:00.0,65-69,,3,69,65,4,1440.0,Start of 3rd quarter,Oklahoma City,202401100MIA
12:00.0,99-96,,4,96,99,-3,2160.0,Start of 4th quarter,Oklahoma City,202401100MIA
0:00.0,128-120,,4,120,128,-8,2880.0,End of 4th quarter,Oklahoma City,202401100MIA
12:00.0,0-0,,1,0,0,0,0.0,Jump ball: G. Bitadze vs. B. Adebayo (H. Highsmith gains possession),Orlando,202401120MIA
12:00.0,22-30,,2,30,22,8,720.0,Start of 2nd quarter,Orlando,202401120MIA
12:00.0,55-56,,3,56,55,1,1440.0,Start of 3rd quarter,Orlando,202401120MIA
12:00.0,73-75,,4,75,73,2,2160.0,Start of 4th quarter,Orlando,202401120MIA
0:00.0,96-99,,4,99,96,3,2880.0,End of 4th quarter,Orlando,202401120MIA
12:00.0,0-0,,1,0,0,0,0.0,Jump ball: N. Richards vs. B. Adebayo (N. Jović gains possession),Charlotte,202401140MIA
12:00.0,16-26,,2,26,16,10,720.0,Start of 2nd quarter,Charlotte,202401140MIA
12:00.0,31-52,,3,52,31,21,1440.0,Start of 3rd quarter,Charlotte,202401140MIA
12:00.0,61-77,,4,77,61,16,2160.0,Start of 4th quarter,Charlotte,202401140MIA
0:00.0,87-104,,4,104,87,17,2880.0,End of 4th quarter,Charlotte,202401140MIA
12:00.0,0-0,,1,0,0,0,0.0,Jump ball: B. Adebayo vs. N. Claxton (S. Dinwiddie gains possession),Brooklyn,202401150BRK
12:00.0,16-22,,2,16,22,-6,720.0,Start of 2nd quarter,Brooklyn,202401150BRK
12:00.0,31-45,,3,31,45,-14,1440.0,Start of 3rd quarter,Brooklyn,202401150BRK
12:00.0,68-69,,4,68,69,-1,2160.0,Start of 4th quarter,Brooklyn,202401150BRK
0:00.0,96-95,,5,96,95,1,3600.0,End of 1st overtime,Brooklyn,202401150BRK
12:00.0,0-0,,1,0,0,0,0.0,Jump ball: B. Adebayo vs. S. Barnes (K. Lowry gains possession),Toronto,202401170TOR
12:00.0,18-41,,2,18,41,-23,720.0,Start of 2nd quarter,Toronto,202401170TOR
12:00.0,43-78,,3,43,78,-35,1440.0,Start of 3rd quarter,Toronto,202401170TOR
12:00.0,73-94,,4,73,94,-21,2160.0,Start of 4th quarter,Toronto,202401170TOR
0:00.0,97-121,,4,97,121,-24,2880.0,End of 4th quarter,Toronto,202401170TOR
12:00.0,0-0,,1,0,0,0,0.0,Jump ball: C. Capela vs. B. Adebayo (D. Murray gains possession),Atlanta,202401190MIA
12:00.0,32-24,,2,24,32,-8,720.0,Start of 2nd quarter,Atlanta,202401190MIA
12:00.0,57-56,,3,56,57,-1,1440.0,Start of 3rd quarter,Atlanta,202401190MIA
12:00.0,81-83,,4,83,81,2,2160.0,Start of 4th quarter,Atlanta,202401190MIA
0:00.0,109-108,,4,108,109,-1,2880.0,End of 4th quarter,Atlanta,202401190MIA
12:00.0,0-0,,1,0,0,0,0.0,Jump ball: B. Adebayo vs. W. Carter (T. Herro gains possession),Orlando,202401210ORL
12:00.0,19-22,,2,19,22,-3,720.0,Start of 2nd quarter,Orlando,202401210ORL
12:00.0,46-48,,3,46,48,-2,1440.0,Start of 3rd quarter,Orlando,202401210ORL
12:00.0,69-81,,4,69,81,-12,2160.0,Start of 4th quarter,Orlando,202401210ORL
0:00.0,87-105,,4,87,105,-18,2880.0,End of 4th quarter,Orlando,202401210ORL
12:00.0,0-0,,1,0,0,0,0.0,Jump ball: J. Jackson vs. B. Adebayo (J. Konchar gains possession),Memphis,202401240MIA
12:00.0,21-22,,2,22,21,1,720.0,Start of 2nd quarter,Memphis,202401240MIA
12:00.0,49-42,,3,42,49,-7,1440.0,Start of 3rd quarter,Memphis,202401240MIA
12:00.0,82-68,,4,68,82,-14,2160.0,Start of 4th quarter,Memphis,202401240MIA
0:00.0,105-96,,4,96,105,-9,2880.0,End of 4th quarter,Memphis,202401240MIA
12:00.0,0-0,,1,0,0,0,0.0,Jump ball: K. Porziņģis vs. B. Adebayo (D. White gains possession),Boston,202401250MIA
12:00.0,42-29,,2,29,42,-13,720.0,Start of 2nd quarter,Boston,202401250MIA
12:00.0,77-64,,3,64,77,-13,1440.0,Start of 3rd quarter,Boston,202401250MIA
12:00.0,113-90,,4,90,113,-23,2160.0,Start of 4th quarter,Boston,202401250MIA
0:00.0,143-110,,4,110,143,-33,2880.0,End of 4th quarter,Boston,202401250MIA
12:00.0,0-0,,1,0,0,0,0.0,Jump ball: B. Adebayo vs. I. Hartenstein (T. Herro gains possession),New York,202401270NYK
12:00.0,30-27,,2,30,27,3,720.0,Start of 2nd quarter,New York,202401270NYK
12:00.0,51-61,,3,51,61,-10,1440.0,Start of 3rd quarter,New York,202401270NYK
12:00.0,86-89,,4,86,89,-3,2160.0,Start of 4th quarter,New York,202401270NYK
0:00.0,109-125,,4,109,125,-16,2880.0,End of 4th quarter,New York,202401270NYK
12:00.0,0-0,,1,0,0,0,0.0,Jump ball: J. Nurkić vs. B. Adebayo (B. Beal gains possession),Phoenix,202401290MIA
12:00.0,33-25,,2,25,33,-8,720.0,Start of 2nd quarter,Phoenix,202401290MIA
12:00.0,62-49,,3,49,62,-13,1440.0,Start of 3rd quarter,Phoenix,202401290MIA
12:00.0,100-74,,4,74,100,-26,2160.0,Start of 4th quarter,Phoenix,202401290MIA
0:00.0,118-105,,4,105,118,-13,2880.0,End of 4th quarter,Phoenix,202401290MIA
12:00.0,0-0,,1,0,0,0,0.0,Jump ball: D. Sabonis vs. B. Adebayo (J. Butler gains possession),Sacramento,202401310MIA
12:00.0,22-28,,2,28,22,6,720.0,Start of 2nd quarter,Sacramento,202401310MIA
12:00.0,55-59,,3,59,55,4,1440.0,Start of 3rd quarter,Sacramento,202401310MIA
12:00.0,84-90,,4,90,84,6,2160.0,Start of 4th quarter,Sacramento,202401310MIA
0:00.0,106-115,,4,115,106,9,2880.0,End of 4th quarter,Sacramento,202401310MIA
12:00.0,0-0,,1,0,0,0,0.0,Jump ball: B. Adebayo vs. D. Gafford (T. Rozier gains possession),Washington,202402020WAS
12:00.0,31-33,,2,31,33,-2,720.0,Start of 2nd quarter,Washington,202402020WAS
12:00.0,56-59,,3,56,59,-3,1440.0,Start of 3rd quarter,Washington,202402020WAS
12:00.0,87-74,,4,87,74,13,2160.0,Start of 4th quarter,Washington,202402020WAS
12:00.0,87-74,,4,87,74,13,2160.0,Violation by Team (delay of game),Washington,202402020WAS
0:00.0,110-102,,4,110,102,8,2880.0,End of 4th quarter,Washington,202402020WAS
12:00.0,0-0,,1,0,0,0,0.0,Jump ball: I. Zubac vs. B. Adebayo (T. Rozier gains possession),LA Clippers,202402040MIA
12:00.0,19-22,,2,22,19,3,720.0,Start of 2nd quarter,LA Clippers,202402040MIA
12:00.0,43-43,,3,43,43,0,1440.0,Start of 3rd quarter,LA Clippers,202402040MIA
12:00.0,69-67,,4,67,69,-2,2160.0,Start of 4th quarter,LA Clippers,202402040MIA
0:00.0,103-95,,4,95,103,-8,2880.0,End of 4th quarter,LA Clippers,202402040MIA
12:00.0,0-0,,1,0,0,0,0.0,Jump ball: W. Carter vs. B. Adebayo (J. Suggs gains possession),Orlando,202402060MIA
12:00.0,19-26,,2,26,19,7,720.0,Start of 2nd quarter,Orlando,202402060MIA
12:00.0,49-56,,3,56,49,7,1440.0,Start of 3rd quarter,Orlando,202402060MIA
12:00.0,75-96,,4,96,75,21,2160.0,Start of 4th quarter,Orlando,202402060MIA
0:00.0,95-121,,4,121,95,26,2880.0,End of 4th quarter,Orlando,202402060MIA
12:00.0,0-0,,1,0,0,0,0.0,Jump ball: V. Wembanyama vs. B. Adebayo (J. Butler gains possession),San Antonio,202402070MIA
12:00.0,31-32,,2,32,31,1,720.0,Start of 2nd quarter,San Antonio,202402070MIA
12:00.0,51-53,,3,53,51,2,1440.0,Start of 3rd quarter,San Antonio,202402070MIA
12:00.0,77-78,,4,78,77,1,2160.0,Start of 4th quarter,San Antonio,202402070MIA
0:00.0,104-116,,4,116,104,12,2880.0,End of 4th quarter,San Antonio,202402070MIA
12:00.0,0-0,,1,0,0,0,0.0,Jump ball: K. Porziņģis vs. B. Adebayo (D. White gains possession),Boston,202402110MIA
12:00.0,26-22,,2,22,26,-4,720.0,Start of 2nd quarter,Boston,202402110MIA
12:00.0,59-50,,3,50,59,-9,1440.0,Start of 3rd quarter,Boston,202402110MIA
12:00.0,86-79,,4,79,86,-7,2160.0,Start of 4th quarter,Boston,202402110MIA
0:00.0,110-106,,4,106,110,-4,2880.0,End of 4th quarter,Boston,202402110MIA
12:00.0,0-0,,1,0,0,0,0.0,Jump ball: B. Adebayo vs. B. Lopez (G. Antetokounmpo gains possession),Milwaukee,202402130MIL
12:00.0,40-28,,2,40,28,12,720.0,Start of 2nd quarter,Milwaukee,202402130MIL
12:00.0,69-52,,3,69,52,17,1440.0,Start of 3rd quarter,Milwaukee,202402130MIL
12:00.0,98-76,,4,98,76,22,2160.0,Start of 4th quarter,Milwaukee,202402130MIL
0:00.0,123-97,,4,123,97,26,2880.0,End of 4th quarter,Milwaukee,202402130MIL
12:00.0,0-0,,1,0,0,0,0.0,Jump ball: B. Adebayo vs. P. Reed (D. Robinson gains possession),Philadelphia,202402140PHI
12:00.0,33-33,,2,33,33,0,720.0,Start of 2nd quarter,Philadelphia,202402140PHI
12:00.0,60-62,,3,60,62,-2,1440.0,Start of 3rd quarter,Philadelphia,202402140PHI
12:00.0,83-82,,4,83,82,1,2160.0,Start of 4th quarter,Philadelphia,202402140PHI
0:00.0,109-104,,4,109,104,5,2880.0,End of 4th quarter,Philadelphia,202402140PHI
12:00.0,0-0,,1,0,0,0,0.0,Jump ball: B. Adebayo vs. J. Valančiūnas (C. McCollum gains possession),New Orleans,202402230NOP
12:00.0,31-24,,2,31,24,7,720.0,Start of 2nd quarter,New Orleans,202402230NOP
12:00.0,58-58,,3,58,58,0,1440.0,Start of 3rd quarter,New Orleans,202402230NOP
12:00.0,84-80,,4,84,80,4,2160.0,Start of 4th quarter,New Orleans,202402230NOP
0:00.0,106-95,,4,106,95,11,2880.0,End of 4th quarter,New Orleans,202402230NOP
12:00.0,0-0,,1,0,0,0,0.0,Jump ball: B. Adebayo vs. D. Sabonis (D. Robinson gains possession),Sacramento,202402260SAC
12:00.0,32-33,,2,32,33,-1,720.0,Start of 2nd quarter,Sacramento,202402260SAC
12:00.0,65-62,,3,65,62,3,1440.0,Start of 3rd quarter,Sacramento,202402260SAC
12:00.0,101-81,,4,101,81,20,2160.0,Start of 4th quarter,Sacramento,202402260SAC
0:00.0,121-110,,4,121,110,11,2880.0,End of 4th quarter,Sacramento,202402260SAC
12:00.0,0-0,,1,0,0,0,0.0,Jump ball: B. Adebayo vs. D. Ayton (A. Simons gains possession),Portland,202402270POR
12:00.0,15-28,,2,15,28,-13,720.0,Start of 2nd quarter,Portland,202402270POR
12:00.0,46-56,,3,46,56,-10,1440.0,Start of 3rd quarter,Portland,202402270POR
12:00.0,80-76,,4,80,76,4,2160.0,Start of 4th quarter,Portland,202402270POR
0:00.0,106-96,,4,106,96,10,2880.0,End of 4th quarter,Portland,202402270POR
12:00.0,0-0,,1,0,0,0,0.0,Jump ball: B. Adebayo vs. N. Jokić (J. Butler gains possession),Denver,202402290DEN
12:00.0,20-36,,2,20,36,-16,720.0,Start of 2nd quarter,Denver,202402290DEN
12:00.0,51-56,,3,51,56,-5,1440.0,Start of 3rd quarter,Denver,202402290DEN
12:00.0,70-83,,4,70,83,-13,2160.0,Start of 4th quarter,Denver,202402290DEN
0:00.0,97-103,,4,97,103,-6,2880.0,End of 4th quarter,Denver,202402290DEN
12:00.0,0-0,,1,0,0,0,0.0,Jump ball: J. Collins vs. B. Adebayo (J. Butler gains possession),Utah,202403020MIA
12:00.0,34-30,,2,30,34,-4,720.0,Start of 2nd quarter,Utah,202403020MIA
12:00.0,62-58,,3,58,62,-4,1440.0,Start of 3rd quarter,Utah,202403020MIA
12:00.0,90-90,,4,90,90,0,2160.0,Start of 4th quarter,Utah,202403020MIA
0:00.0,120-126,,4,126,120,6,2880.0,End of 4th quarter,Utah,202403020MIA
12:00.0,0-0,,1,0,0,0,0.0,Jump ball: J. Duren vs. B. Adebayo (J. Butler gains possession),Detroit,202403050MIA
12:00.0,26-36,,2,36,26,10,720.0,Start of 2nd quarter,Detroit,202403050MIA
12:00.0,26-36,,2,36,26,10,720.0,Technical foul by N. Jović,Detroit,202403050MIA
12:00.0,27-36,,2,36,27,9,720.0, ,Detroit,202403050MIA
12:00.0,60-61,,3,61,60,1,1440.0,Start of 3rd quarter,Detroit,202403050MIA
12:00.0,88-93,,4,93,88,5,2160.0,Start of 4th quarter,Detroit,202403050MIA
0:00.0,110-118,,4,118,110,8,2880.0,End of 4th quarter,Detroit,202403050MIA
12:00.0,0-0,,1,0,0,0,0.0,Jump ball: B. Adebayo vs. D. Gafford (D. Robinson gains possession),Dallas,202403070DAL
12:00.0,36-28,,2,36,28,8,720.0,Start of 2nd quarter,Dallas,202403070DAL
12:00.0,58-54,,3,58,54,4,1440.0,Start of 3rd quarter,Dallas,202403070DAL
12:00.0,83-91,,4,83,91,-8,2160.0,Start of 4th quarter,Dallas,202403070DAL
0:00.0,108-114,,4,108,114,-6,2880.0,End of 4th quarter,Dallas,202403070DAL
12:00.0,0-0,,1,0,0,0,0.0,Jump ball: B. Adebayo vs. C. Holmgren (S. Gilgeous-Alexander gains possession),Oklahoma City,202403080OKC
12:00.0,29-27,,2,29,27,2,720.0,Start of 2nd quarter,Oklahoma City,202403080OKC
12:00.0,57-47,,3,57,47,10,1440.0,Start of 3rd quarter,Oklahoma City,202403080OKC
12:00.0,73-77,,4,73,77,-4,2160.0,Start of 4th quarter,Oklahoma City,202403080OKC
0:00.0,100-107,,4,100,107,-7,2880.0,End of 4th quarter,Oklahoma City,202403080OKC
12:00.0,0-0,,1,0,0,0,0.0,Jump ball: K. Kuzma vs. B. Adebayo (J. Butler gains possession),Washington,202403100MIA
12:00.0,25-27,,2,27,25,2,720.0,Start of 2nd quarter,Washington,202403100MIA
12:00.0,48-54,,3,54,48,6,1440.0,Start of 3rd quarter,Washington,202403100MIA
12:00.0,81-82,,4,82,81,1,2160.0,Start of 4th quarter,Washington,202403100MIA
0:00.0,110-108,,4,108,110,-2,2880.0,End of 4th quarter,Washington,202403100MIA
12:00.0,0-0,,1,0,0,0,0.0,Jump ball: N. Jokić vs. B. Adebayo (J. Murray gains possession),Denver,202403130MIA
12:00.0,26-19,,2,19,26,-7,720.0,Start of 2nd quarter,Denver,202403130MIA
12:00.0,50-44,,3,44,50,-6,1440.0,Start of 3rd quarter,Denver,202403130MIA
12:00.0,72-71,,4,71,72,-1,2160.0,Start of 4th quarter,Denver,202403130MIA
0:00.0,100-88,,4,88,100,-12,2880.0,End of 4th quarter,Denver,202403130MIA
12:00.0,0-0,,1,0,0,0,0.0,Jump ball: B. Adebayo vs. J. Duren (N. Jović gains possession),Detroit,202403150DET
12:00.0,27-28,,2,27,28,-1,720.0,Start of 2nd quarter,Detroit,202403150DET
12:00.0,56-54,,3,56,54,2,1440.0,Start of 3rd quarter,Detroit,202403150DET
12:00.0,84-72,,4,84,72,12,2160.0,Start of 4th quarter,Detroit,202403150DET
0:00.0,108-95,,4,108,95,13,2880.0,End of 4th quarter,Detroit,202403150DET
12:00.0,0-0,,1,0,0,0,0.0,Jump ball: B. Adebayo vs. J. Duren (T. Rozier gains possession),Detroit,202403170DET
12:00.0,21-23,,2,21,23,-2,720.0,Start of 2nd quarter,Detroit,202403170DET
12:00.0,60-50,,3,60,50,10,1440.0,Start of 3rd quarter,Detroit,202403170DET
12:00.0,79-76,,4,79,76,3,2160.0,Start of 4th quarter,Detroit,202403170DET
0:00.0,104-101,,4,104,101,3,2880.0,End of 4th quarter,Detroit,202403170DET
12:00.0,0-0,,1,0,0,0,0.0,Jump ball: B. Adebayo vs. M. Bamba (T. Maxey gains possession),Philadelphia,202403180PHI
12:00.0,23-31,,2,23,31,-8,720.0,Start of 2nd quarter,Philadelphia,202403180PHI
12:00.0,49-51,,3,49,51,-2,1440.0,Start of 3rd quarter,Philadelphia,202403180PHI
12:00.0,65-79,,4,65,79,-14,2160.0,Start of 4th quarter,Philadelphia,202403180PHI
0:00.0,91-98,,4,91,98,-7,2880.0,End of 4th quarter,Philadelphia,202403180PHI
12:00.0,0-0,,1,0,0,0,0.0,Jump ball: T. Bryant vs. J. Allen (D. Garland gains possession),Cleveland,202403200CLE
12:00.0,31-30,,2,31,30,1,720.0,Start of 2nd quarter,Cleveland,202403200CLE
12:00.0,61-57,,3,61,57,4,1440.0,Start of 3rd quarter,Cleveland,202403200CLE
12:00.0,83-75,,4,83,75,8,2160.0,Start of 4th quarter,Cleveland,202403200CLE
0:00.0,107-104,,4,107,104,3,2880.0,End of 4th quarter,Cleveland,202403200CLE
12:00.0,0-0,,1,0,0,0,0.0,Jump ball: J. Valančiūnas vs. B. Adebayo (C. McCollum gains possession),New Orleans,202403220MIA
12:00.0,21-20,,2,20,21,-1,720.0,Start of 2nd quarter,New Orleans,202403220MIA
12:00.0,46-42,,3,42,46,-4,1440.0,Start of 3rd quarter,New Orleans,202403220MIA
12:00.0,76-66,,4,66,76,-10,2160.0,Start of 4th quarter,New Orleans,202403220MIA
0:00.0,111-88,,4,88,111,-23,2880.0,End of 4th quarter,New Orleans,202403220MIA
12:00.0,0-0,,1,0,0,0,0.0,Jump ball: J. Allen vs. B. Adebayo (T. Rozier gains possession),Cleveland,202403240MIA
12:00.0,22-32,,2,32,22,10,720.0,Start of 2nd quarter,Cleveland,202403240MIA
12:00.0,39-60,,3,60,39,21,1440.0,Start of 3rd quarter,Cleveland,202403240MIA
12:00.0,57-90,,4,90,57,33,2160.0,Start of 4th quarter,Cleveland,202403240MIA
0:00.0,84-121,,4,121,84,37,2880.0,End of 4th quarter,Cleveland,202403240MIA
12:00.0,0-0,,1,0,0,0,0.0,Jump ball: D. Green vs. B. Adebayo (T. Rozier gains possession),Golden State,202403260MIA
12:00.0,24-26,,2,26,24,2,720.0,Start of 2nd quarter,Golden State,202403260MIA
12:00.0,53-55,,3,55,53,2,1440.0,Start of 3rd quarter,Golden State,202403260MIA
12:00.0,85-75,,4,75,85,-10,2160.0,Start of 4th quarter,Golden State,202403260MIA
0:00.0,113-92,,4,92,113,-21,2880.0,End of 4th quarter,Golden State,202403260MIA
12:00.0,0-0,,1,0,0,0,0.0,Jump ball: D. Ayton vs. B. Adebayo (J. Walker gains possession),Portland,202403290MIA
12:00.0,19-29,,2,29,19,10,720.0,Start of 2nd quarter,Portland,202403290MIA
12:00.0,40-74,,3,74,40,34,1440.0,Start of 3rd quarter,Portland,202403290MIA
12:00.0,63-107,,4,107,63,44,2160.0,Start of 4th quarter,Portland,202403290MIA
0:00.0,82-142,,4,142,82,60,2880.0,End of 4th quarter,Portland,202403290MIA
12:00.0,0-0,,1,0,0,0,0.0,Jump ball: B. Adebayo vs. M. Bagley (J. Butler gains possession),Washington,202403310WAS
12:00.0,29-29,,2,29,29,0,720.0,Start of 2nd quarter,Washington,202403310WAS
12:00.0,66-59,,3,66,59,7,1440.0,Start of 3rd quarter,Washington,202403310WAS
12:00.0,95-80,,4,95,80,15,2160.0,Start of 4th quarter,Washington,202403310WAS
0:00.0,119-107,,4,119,107,12,2880.0,End of 4th quarter,Washington,202403310WAS
