Time,Sacramento,Score,Atlanta,Event,Quarter,TeamScore,OpponentScore,PointDifference,ElapsedTime
12:00.0,Jump ball: D. Sabonis vs. C. Capela (S. Bey gains possession),0-0,,,1,0,0,0,0.0
11:35.0, ,0-2,S. Bey makes 2-pt dunk from 1 ft (assist by T. Young),,1,2,0,2,25.0
11:19.0,D. Sabonis misses 2-pt hook shot from 7 ft,0-2, ,,1,2,0,2,41.0
11:16.0, ,0-2,Defensive rebound by J. Johnson,,1,2,0,2,44.0
11:01.0, ,0-2,Turnover by C. Capela (bad pass; steal by D. Fox),,1,2,0,2,59.0
10:49.0,K. Huerter misses 3-pt jump shot from 25 ft,0-2, ,,1,2,0,2,71.0
10:44.0, ,0-2,Defensive rebound by C. Capela,,1,2,0,2,76.0
10:35.0, ,0-2,J. Johnson misses 3-pt jump shot from 26 ft,,1,2,0,2,85.0
10:30.0,Defensive rebound by K. Huerter,0-2, ,,1,2,0,2,90.0
10:26.0,D. Fox misses 2-pt layup from 3 ft,0-2, ,,1,2,0,2,94.0
10:25.0, ,0-2,Defensive rebound by Team,,1,2,0,2,95.0
10:15.0, ,0-5,T. Young makes 3-pt jump shot from 26 ft,,1,5,0,5,105.0
9:58.0,H. Barnes misses 3-pt jump shot from 25 ft,0-5, ,,1,5,0,5,122.0
9:54.0, ,0-5,Defensive rebound by J. Johnson,,1,5,0,5,126.0
9:43.0, ,0-5,S. Bey misses 3-pt jump shot from 23 ft,,1,5,0,5,137.0
9:40.0, ,0-5,Offensive rebound by C. Capela,,1,5,0,5,140.0
9:34.0, ,0-8,D. Murray makes 3-pt jump shot from 25 ft,,1,8,0,8,146.0
9:12.0,D. Fox makes 2-pt jump shot from 12 ft (assist by D. Sabonis),2-8, ,,1,8,2,6,168.0
9:00.0, ,2-10,C. Capela makes 2-pt layup from 4 ft (assist by T. Young),,1,10,2,8,180.0
9:00.0, ,2-10,Shooting foul by K. Murray (drawn by C. Capela),,1,10,2,8,180.0
9:00.0, ,2-11,C. Capela makes free throw 1 of 1,,1,11,2,9,180.0
8:47.0,K. Huerter makes 2-pt jump shot from 13 ft (assist by D. Sabonis),4-11, ,,1,11,4,7,193.0
8:35.0, ,4-13,D. Murray makes 2-pt layup from 2 ft (assist by T. Young),,1,13,4,9,205.0
8:28.0,K. Huerter misses 3-pt jump shot from 26 ft,4-13, ,,1,13,4,9,212.0
8:24.0,Offensive rebound by D. Fox,4-13, ,,1,13,4,9,216.0
8:22.0,D. Fox misses 3-pt jump shot from 25 ft,4-13, ,,1,13,4,9,218.0
8:19.0, ,4-13,Defensive rebound by C. Capela,,1,13,4,9,221.0
8:08.0, ,4-13,S. Bey misses 3-pt jump shot from 25 ft,,1,13,4,9,232.0
8:07.0,Defensive rebound by Team,4-13, ,,1,13,4,9,233.0
7:49.0,H. Barnes misses 3-pt jump shot from 23 ft,4-13, ,,1,13,4,9,251.0
7:45.0, ,4-13,Defensive rebound by J. Johnson,,1,13,4,9,255.0
7:37.0, ,4-13,Shooting foul by D. Fox (drawn by C. Capela),,1,13,4,9,263.0
7:37.0, ,4-13,C. Capela misses free throw 1 of 2,,1,13,4,9,263.0
7:37.0, ,4-13,Offensive rebound by Team,,1,13,4,9,263.0
7:37.0, ,4-13,C. Capela misses free throw 2 of 2,,1,13,4,9,263.0
7:36.0, ,4-13,Offensive rebound by Team,,1,13,4,9,264.0
7:33.0, ,4-13,D. Murray misses 3-pt jump shot from 23 ft,,1,13,4,9,267.0
7:29.0,Defensive rebound by K. Huerter,4-13, ,,1,13,4,9,271.0
7:25.0,D. Sabonis makes 2-pt layup from 1 ft (assist by K. Huerter),6-13, ,,1,13,6,7,275.0
7:13.0, ,6-15,C. Capela makes 2-pt dunk from 1 ft (assist by T. Young),,1,15,6,9,287.0
7:13.0, ,6-15,Shooting foul by D. Sabonis (drawn by C. Capela),,1,15,6,9,287.0
7:13.0, ,6-16,C. Capela makes free throw 1 of 1,,1,16,6,10,287.0
7:04.0,D. Sabonis misses 2-pt layup from 2 ft (block by C. Capela),6-16, ,,1,16,6,10,296.0
7:00.0, ,6-16,Defensive rebound by S. Bey,,1,16,6,10,300.0
6:55.0, ,6-18,C. Capela makes 2-pt layup from 1 ft (assist by D. Murray),,1,18,6,12,305.0
6:55.0,Sacramento full timeout,6-18, ,,1,18,6,12,305.0
6:55.0,T. Lyles enters the game for H. Barnes,6-18, ,,1,18,6,12,305.0
6:55.0,M. Monk enters the game for K. Huerter,6-18, ,,1,18,6,12,305.0
6:55.0, ,6-18,B. Bogdanović enters the game for J. Johnson,,1,18,6,12,305.0
6:55.0, ,6-18,G. Mathews enters the game for T. Young,,1,18,6,12,305.0
6:32.0,M. Monk misses 3-pt jump shot from 23 ft,6-18, ,,1,18,6,12,328.0
6:27.0, ,6-18,Defensive rebound by C. Capela,,1,18,6,12,333.0
6:15.0, ,6-21,S. Bey makes 3-pt jump shot from 26 ft (assist by B. Bogdanović),,1,21,6,15,345.0
6:01.0,K. Murray makes 2-pt dunk at rim (assist by D. Sabonis),8-21, ,,1,21,8,13,359.0
5:41.0, ,8-21,B. Bogdanović misses 2-pt layup from 3 ft (block by K. Murray),,1,21,8,13,379.0
5:37.0, ,8-21,Offensive rebound by C. Capela,,1,21,8,13,383.0
5:36.0, ,8-24,G. Mathews makes 3-pt jump shot from 25 ft (assist by C. Capela),,1,24,8,16,384.0
5:31.0,Turnover by M. Monk (bad pass),8-24, ,,1,24,8,16,389.0
5:31.0,C. Duarte enters the game for D. Fox,8-24, ,,1,24,8,16,389.0
5:31.0, ,8-24,O. Okongwu enters the game for C. Capela,,1,24,8,16,389.0
5:19.0, ,8-26,B. Bogdanović makes 2-pt jump shot from 7 ft (assist by D. Murray),,1,26,8,18,401.0
5:04.0,K. Murray misses 3-pt jump shot from 22 ft,8-26, ,,1,26,8,18,416.0
5:01.0, ,8-26,Defensive rebound by D. Murray,,1,26,8,18,419.0
4:55.0, ,8-26,Turnover by D. Murray (bad pass; steal by C. Duarte),,1,26,8,18,425.0
4:52.0,Turnover by T. Lyles (bad pass; steal by G. Mathews),8-26, ,,1,26,8,18,428.0
4:45.0, ,8-26,Shooting foul by T. Lyles (drawn by S. Bey),,1,26,8,18,435.0
4:45.0, ,8-27,S. Bey makes free throw 1 of 2,,1,27,8,19,435.0
4:45.0, ,8-28,S. Bey makes free throw 2 of 2,,1,28,8,20,435.0
4:30.0,K. Murray misses 3-pt jump shot from 25 ft,8-28, ,,1,28,8,20,450.0
4:25.0, ,8-28,Defensive rebound by D. Murray,,1,28,8,20,455.0
4:17.0, ,8-28,S. Bey misses 2-pt layup from 4 ft,,1,28,8,20,463.0
4:16.0, ,8-28,Offensive rebound by S. Bey,,1,28,8,20,464.0
4:16.0, ,8-28,S. Bey misses 2-pt layup from 3 ft,,1,28,8,20,464.0
4:15.0, ,8-28,Offensive rebound by S. Bey,,1,28,8,20,465.0
4:15.0, ,8-28,S. Bey misses 2-pt layup from 1 ft,,1,28,8,20,465.0
4:14.0, ,8-28,Offensive rebound by S. Bey,,1,28,8,20,466.0
4:14.0, ,8-28,S. Bey misses 2-pt layup at rim,,1,28,8,20,466.0
4:13.0,Defensive rebound by M. Monk,8-28, ,,1,28,8,20,467.0
4:02.0,M. Monk misses 2-pt layup from 1 ft,8-28, ,,1,28,8,20,478.0
4:01.0, ,8-28,Defensive rebound by D. Murray,,1,28,8,20,479.0
3:46.0, ,8-31,D. Murray makes 3-pt jump shot from 26 ft (assist by S. Bey),,1,31,8,23,494.0
3:44.0,Sacramento full timeout,8-31, ,,1,31,8,23,496.0
3:44.0,D. Fox enters the game for K. Murray,8-31, ,,1,31,8,23,496.0
3:44.0,A. Len enters the game for D. Sabonis,8-31, ,,1,31,8,23,496.0
3:33.0,T. Lyles makes 3-pt jump shot from 26 ft (assist by D. Fox),11-31, ,,1,31,11,20,507.0
3:15.0, ,11-31,O. Okongwu misses 2-pt layup from 1 ft,,1,31,11,20,525.0
3:12.0,Defensive rebound by T. Lyles,11-31, ,,1,31,11,20,528.0
2:54.0,A. Len makes 2-pt layup from 1 ft (assist by C. Duarte),13-31, ,,1,31,13,18,546.0
2:36.0, ,13-31,Personal foul by T. Lyles (drawn by O. Okongwu),,1,31,13,18,564.0
2:36.0, ,13-31,O. Okongwu misses free throw 1 of 2,,1,31,13,18,564.0
2:36.0, ,13-31,Offensive rebound by Team,,1,31,13,18,564.0
2:36.0, ,13-31,J. Johnson enters the game for S. Bey,,1,31,13,18,564.0
2:36.0, ,13-31,T. Young enters the game for D. Murray,,1,31,13,18,564.0
2:36.0, ,13-32,O. Okongwu makes free throw 2 of 2,,1,32,13,19,564.0
2:25.0,Shooting foul by G. Mathews (drawn by D. Fox),13-32, ,,1,32,13,19,575.0
2:25.0,D. Fox misses free throw 1 of 2,13-32, ,,1,32,13,19,575.0
2:25.0,Offensive rebound by Team,13-32, ,,1,32,13,19,575.0
2:25.0,D. Fox misses free throw 2 of 2,13-32, ,,1,32,13,19,575.0
2:23.0, ,13-32,Defensive rebound by J. Johnson,,1,32,13,19,577.0
2:06.0, ,13-32,J. Johnson misses 2-pt layup from 1 ft,,1,32,13,19,594.0
2:02.0,Defensive rebound by A. Len,13-32, ,,1,32,13,19,598.0
1:58.0,M. Monk makes 2-pt dunk from 1 ft (assist by D. Fox),15-32, ,,1,32,15,17,602.0
1:48.0, ,15-32,Turnover by T. Young (bad pass; steal by M. Monk),,1,32,15,17,612.0
1:45.0,M. Monk makes 2-pt layup from 1 ft,17-32, ,,1,32,17,15,615.0
1:35.0, ,17-32,Personal foul by C. Duarte (drawn by T. Young),,1,32,17,15,625.0
1:35.0, ,17-33,T. Young makes free throw 1 of 2,,1,33,17,16,625.0
1:35.0, ,17-34,T. Young makes free throw 2 of 2,,1,34,17,17,625.0
1:23.0,M. Monk makes 3-pt jump shot from 25 ft (assist by D. Fox),20-34, ,,1,34,20,14,637.0
0:57.0, ,20-34,G. Mathews misses 3-pt jump shot from 26 ft,,1,34,20,14,663.0
0:55.0, ,20-34,Offensive rebound by B. Bogdanović,,1,34,20,14,665.0
0:55.0, ,20-34,Shooting foul by M. Monk (drawn by B. Bogdanović),,1,34,20,14,665.0
0:55.0, ,20-35,B. Bogdanović makes free throw 1 of 2,,1,35,20,15,665.0
0:55.0, ,20-35,P. Mills enters the game for G. Mathews,,1,35,20,15,665.0
0:55.0, ,20-36,B. Bogdanović makes free throw 2 of 2,,1,36,20,16,665.0
0:35.0,T. Lyles makes 2-pt layup from 1 ft (assist by A. Len),22-36, ,,1,36,22,14,685.0
0:35.0,Shooting foul by B. Bogdanović (drawn by T. Lyles),22-36, ,,1,36,22,14,685.0
0:35.0,T. Lyles makes free throw 1 of 1,23-36, ,,1,36,23,13,685.0
0:29.0, ,23-36,T. Young misses 2-pt jump shot from 9 ft,,1,36,23,13,691.0
0:25.0,Defensive rebound by T. Lyles,23-36, ,,1,36,23,13,695.0
0:04.0,T. Lyles misses 3-pt jump shot from 24 ft,23-36, ,,1,36,23,13,716.0
0:02.0, ,23-36,Defensive rebound by T. Young,,1,36,23,13,718.0
0:00.0,End of 1st quarter,23-36,,,1,36,23,13,720.0
12:00.0,Start of 2nd quarter,23-36,,,2,36,23,13,720.0
11:45.0,D. Fox makes 3-pt jump shot from 25 ft (assist by A. Len),26-36, ,,2,36,26,10,735.0
11:27.0, ,26-36,B. Bogdanović misses 3-pt jump shot from 26 ft,,2,36,26,10,753.0
11:24.0,Defensive rebound by A. Len,26-36, ,,2,36,26,10,756.0
11:18.0,A. Len misses 2-pt dunk from 3 ft (block by O. Okongwu),26-36, ,,2,36,26,10,762.0
11:15.0, ,26-36,Defensive rebound by C. Capela,,2,36,26,10,765.0
11:02.0, ,26-38,O. Okongwu makes 2-pt dunk from 1 ft (assist by B. Bogdanović),,2,38,26,12,778.0
10:46.0,T. Lyles makes 3-pt jump shot from 22 ft (assist by C. Duarte),29-38, ,,2,38,29,9,794.0
10:33.0, ,29-38,T. Young misses 3-pt jump shot from 26 ft,,2,38,29,9,807.0
10:28.0, ,29-38,Offensive rebound by O. Okongwu,,2,38,29,9,812.0
10:25.0, ,29-38,B. Bogdanović misses 3-pt jump shot from 25 ft,,2,38,29,9,815.0
10:21.0,Defensive rebound by A. Len,29-38, ,,2,38,29,9,819.0
10:12.0,C. Duarte misses 3-pt jump shot from 25 ft,29-38, ,,2,38,29,9,828.0
10:08.0, ,29-38,Defensive rebound by O. Okongwu,,2,38,29,9,832.0
10:02.0, ,29-41,B. Bogdanović makes 3-pt jump shot from 25 ft (assist by T. Young),,2,41,29,12,838.0
9:48.0,T. Lyles makes 3-pt jump shot from 23 ft (assist by M. Monk),32-41, ,,2,41,32,9,852.0
9:38.0, ,32-44,P. Mills makes 3-pt jump shot from 24 ft (assist by B. Bogdanović),,2,44,32,12,862.0
9:26.0,T. Lyles misses 3-pt jump shot from 25 ft,32-44, ,,2,44,32,12,874.0
9:22.0,Offensive rebound by A. Len,32-44, ,,2,44,32,12,878.0
9:17.0,M. Monk makes 3-pt jump shot from 25 ft,35-44, ,,2,44,35,9,883.0
9:04.0, ,35-44,T. Young misses 2-pt jump shot from 9 ft,,2,44,35,9,896.0
9:02.0, ,35-44,Offensive rebound by C. Capela,,2,44,35,9,898.0
9:02.0, ,35-46,C. Capela makes 2-pt layup at rim,,2,46,35,11,898.0
9:02.0,Sacramento full timeout,35-46, ,,2,46,35,11,898.0
9:02.0,D. Mitchell enters the game for C. Duarte,35-46, ,,2,46,35,11,898.0
9:02.0,K. Murray enters the game for D. Fox,35-46, ,,2,46,35,11,898.0
9:02.0,D. Sabonis enters the game for A. Len,35-46, ,,2,46,35,11,898.0
9:02.0, ,35-46,J. Johnson enters the game for C. Capela,,2,46,35,11,898.0
9:02.0, ,35-46,D. Murray enters the game for T. Young,,2,46,35,11,898.0
8:40.0,Shooting foul by O. Okongwu (drawn by D. Sabonis),35-46, ,,2,46,35,11,920.0
8:40.0,D. Sabonis misses free throw 1 of 2,35-46, ,,2,46,35,11,920.0
8:40.0,Offensive rebound by Team,35-46, ,,2,46,35,11,920.0
8:40.0,D. Sabonis misses free throw 2 of 2,35-46, ,,2,46,35,11,920.0
8:36.0, ,35-46,Defensive rebound by O. Okongwu,,2,46,35,11,924.0
8:26.0, ,35-46,O. Okongwu misses 2-pt layup from 1 ft,,2,46,35,11,934.0
8:23.0,Defensive rebound by D. Sabonis,35-46, ,,2,46,35,11,937.0
8:10.0,M. Monk makes 2-pt layup from 1 ft,37-46, ,,2,46,37,9,950.0
7:49.0, ,37-46,D. Murray misses 2-pt jump shot from 11 ft,,2,46,37,9,971.0
7:45.0,Defensive rebound by K. Murray,37-46, ,,2,46,37,9,975.0
7:33.0,K. Murray misses 3-pt jump shot from 26 ft,37-46, ,,2,46,37,9,987.0
7:30.0, ,37-46,Defensive rebound by J. Johnson,,2,46,37,9,990.0
7:21.0, ,37-46,J. Johnson misses 2-pt jump shot from 11 ft,,2,46,37,9,999.0
7:20.0,Defensive rebound by Team,37-46, ,,2,46,37,9,1000.0
7:20.0, ,37-46,Loose ball foul by O. Okongwu (drawn by D. Sabonis),,2,46,37,9,1000.0
7:20.0, ,37-46,S. Bey enters the game for P. Mills,,2,46,37,9,1000.0
7:05.0,Def 3 sec tech foul by Team,37-46, ,,2,46,37,9,1015.0
7:05.0,M. Monk makes technical free throw,38-46, ,,2,46,38,8,1015.0
6:53.0,D. Sabonis makes 2-pt layup from 1 ft,40-46, ,,2,46,40,6,1027.0
6:38.0, ,40-48,B. Bogdanović makes 2-pt jump shot from 6 ft,,2,48,40,8,1042.0
6:28.0,K. Murray makes 3-pt jump shot from 26 ft (assist by D. Mitchell),43-48, ,,2,48,43,5,1052.0
6:12.0, ,43-48,D. Murray misses 2-pt layup from 2 ft (block by M. Monk),,2,48,43,5,1068.0
6:08.0,Defensive rebound by K. Murray,43-48, ,,2,48,43,5,1072.0
6:06.0,T. Lyles misses 3-pt jump shot from 22 ft,43-48, ,,2,48,43,5,1074.0
6:06.0, ,43-48,Defensive rebound by Team,,2,48,43,5,1074.0
6:06.0, ,43-48,C. Capela enters the game for B. Bogdanović,,2,48,43,5,1074.0
6:06.0, ,43-48,T. Young enters the game for O. Okongwu,,2,48,43,5,1074.0
5:57.0, ,43-48,Shooting foul by D. Mitchell (drawn by J. Johnson),,2,48,43,5,1083.0
5:57.0, ,43-48,J. Johnson misses free throw 1 of 2,,2,48,43,5,1083.0
5:57.0, ,43-48,Offensive rebound by Team,,2,48,43,5,1083.0
5:57.0,D. Fox enters the game for M. Monk,43-48, ,,2,48,43,5,1083.0
5:57.0, ,43-49,J. Johnson makes free throw 2 of 2,,2,49,43,6,1083.0
5:44.0,D. Fox misses 3-pt jump shot from 25 ft,43-49, ,,2,49,43,6,1096.0
5:40.0,Offensive rebound by D. Mitchell,43-49, ,,2,49,43,6,1100.0
5:38.0,D. Mitchell misses 3-pt jump shot from 24 ft,43-49, ,,2,49,43,6,1102.0
5:38.0, ,43-49,Defensive rebound by J. Johnson,,2,49,43,6,1102.0
5:25.0, ,43-51,D. Murray makes 2-pt layup from 3 ft (assist by J. Johnson),,2,51,43,8,1115.0
5:08.0,D. Sabonis misses 2-pt layup from 1 ft,43-51, ,,2,51,43,8,1132.0
5:05.0, ,43-51,Defensive rebound by J. Johnson,,2,51,43,8,1135.0
5:01.0, ,43-53,J. Johnson makes 2-pt dunk from 1 ft (assist by T. Young),,2,53,43,10,1139.0
4:36.0,D. Sabonis makes 2-pt jump shot from 14 ft (assist by T. Lyles),45-53, ,,2,53,45,8,1164.0
4:21.0, ,45-53,S. Bey misses 2-pt layup from 2 ft (block by K. Murray),,2,53,45,8,1179.0
4:19.0, ,45-53,Offensive rebound by S. Bey,,2,53,45,8,1181.0
4:18.0, ,45-56,D. Murray makes 3-pt jump shot from 26 ft (assist by S. Bey),,2,56,45,11,1182.0
4:10.0,Personal foul by C. Capela (drawn by D. Sabonis),45-56, ,,2,56,45,11,1190.0
4:10.0,C. Duarte enters the game for T. Lyles,45-56, ,,2,56,45,11,1190.0
4:10.0,M. Monk enters the game for D. Mitchell,45-56, ,,2,56,45,11,1190.0
3:57.0,C. Duarte makes 2-pt dunk at rim (assist by D. Fox),47-56, ,,2,56,47,9,1203.0
3:41.0, ,47-56,Personal foul by M. Monk (drawn by J. Johnson),,2,56,47,9,1219.0
3:28.0, ,47-56,T. Young misses 3-pt jump shot from 26 ft,,2,56,47,9,1232.0
3:25.0, ,47-56,Offensive rebound by C. Capela,,2,56,47,9,1235.0
3:23.0, ,47-59,D. Murray makes 3-pt jump shot from 23 ft (assist by C. Capela),,2,59,47,12,1237.0
3:05.0,Personal foul by J. Johnson (drawn by C. Duarte),47-59, ,,2,59,47,12,1255.0
2:58.0,Turnover by D. Fox (bad pass; steal by T. Young),47-59, ,,2,59,47,12,1262.0
2:50.0, ,47-59,Turnover by T. Young (bad pass; steal by D. Fox),,2,59,47,12,1270.0
2:43.0,D. Fox misses 3-pt jump shot from 25 ft,47-59, ,,2,59,47,12,1277.0
2:40.0,Offensive rebound by D. Sabonis,47-59, ,,2,59,47,12,1280.0
2:38.0,D. Sabonis makes 2-pt layup from 1 ft,49-59, ,,2,59,49,10,1282.0
2:32.0, ,49-59,Atlanta full timeout,,2,59,49,10,1288.0
2:25.0, ,49-59,Shooting foul by K. Murray (drawn by J. Johnson),,2,59,49,10,1295.0
2:25.0, ,49-60,J. Johnson makes free throw 1 of 2,,2,60,49,11,1295.0
2:25.0, ,49-61,J. Johnson makes free throw 2 of 2,,2,61,49,12,1295.0
2:13.0,Turnover by M. Monk (bad pass; steal by T. Young),49-61, ,,2,61,49,12,1307.0
2:09.0, ,49-63,J. Johnson makes 2-pt dunk from 1 ft (assist by T. Young),,2,63,49,14,1311.0
2:01.0,Turnover by M. Monk (lost ball; steal by T. Young),49-63, ,,2,63,49,14,1319.0
1:56.0, ,49-63,S. Bey misses 3-pt jump shot from 24 ft,,2,63,49,14,1324.0
1:52.0,Defensive rebound by K. Murray,49-63, ,,2,63,49,14,1328.0
1:40.0,D. Sabonis makes 2-pt layup from 1 ft (assist by C. Duarte),51-63, ,,2,63,51,12,1340.0
1:26.0, ,51-63,D. Murray misses 2-pt layup from 1 ft,,2,63,51,12,1354.0
1:24.0,Defensive rebound by D. Sabonis,51-63, ,,2,63,51,12,1356.0
1:16.0,D. Sabonis makes 2-pt layup from 1 ft (assist by C. Duarte),53-63, ,,2,63,53,10,1364.0
0:53.0, ,53-66,J. Johnson makes 3-pt jump shot from 26 ft (assist by D. Murray),,2,66,53,13,1387.0
0:34.0,Turnover by D. Fox (bad pass; steal by C. Capela),53-66, ,,2,66,53,13,1406.0
0:31.0, ,53-68,J. Johnson makes 2-pt dunk from 1 ft (assist by C. Capela),,2,68,53,15,1409.0
0:08.0,K. Murray misses 3-pt jump shot from 23 ft,53-68, ,,2,68,53,15,1432.0
0:05.0, ,53-68,Defensive rebound by J. Johnson,,2,68,53,15,1435.0
0:00.0, ,53-70,T. Young makes 2-pt layup from 3 ft,,2,70,53,17,1440.0
0:00.0, ,53-70,Shooting foul by M. Monk (drawn by T. Young),,2,70,53,17,1440.0
0:00.0, ,53-71,T. Young makes free throw 1 of 1,,2,71,53,18,1440.0
0:00.0,C. Duarte misses 3-pt jump shot from 40 ft,53-71, ,,2,71,53,18,1440.0
0:00.0,Offensive rebound by Team,53-71, ,,2,71,53,18,1440.0
0:00.0,End of 2nd quarter,53-71,,,2,71,53,18,1440.0
12:00.0,Start of 3rd quarter,53-71,,,3,71,53,18,1440.0
11:43.0,Personal foul by T. Young (drawn by H. Barnes),53-71, ,,3,71,53,18,1457.0
11:35.0,D. Fox makes 3-pt jump shot from 22 ft (assist by D. Sabonis),56-71, ,,3,71,56,15,1465.0
11:13.0, ,56-73,T. Young makes 2-pt jump shot from 16 ft (assist by S. Bey),,3,73,56,17,1487.0
11:13.0, ,56-73,Shooting foul by D. Fox (drawn by T. Young),,3,73,56,17,1487.0
11:13.0, ,56-74,T. Young makes free throw 1 of 1,,3,74,56,18,1487.0
10:58.0,D. Sabonis makes 2-pt jump shot from 12 ft,58-74, ,,3,74,58,16,1502.0
10:39.0, ,58-74,Turnover by C. Capela (lost ball; steal by D. Fox),,3,74,58,16,1521.0
10:35.0,D. Fox misses 3-pt jump shot from 26 ft,58-74, ,,3,74,58,16,1525.0
10:32.0, ,58-74,Defensive rebound by D. Murray,,3,74,58,16,1528.0
10:26.0, ,58-74,D. Murray misses 2-pt jump shot from 5 ft,,3,74,58,16,1534.0
10:22.0,Defensive rebound by K. Murray,58-74, ,,3,74,58,16,1538.0
10:17.0,K. Huerter misses 2-pt layup from 2 ft,58-74, ,,3,74,58,16,1543.0
10:14.0,Offensive rebound by D. Sabonis,58-74, ,,3,74,58,16,1546.0
10:12.0,K. Huerter makes 3-pt jump shot from 24 ft (assist by D. Sabonis),61-74, ,,3,74,61,13,1548.0
9:49.0, ,61-76,D. Murray makes 2-pt jump shot from 8 ft (assist by S. Bey),,3,76,61,15,1571.0
9:29.0,K. Murray misses 2-pt jump shot from 20 ft,61-76, ,,3,76,61,15,1591.0
9:27.0, ,61-76,Defensive rebound by J. Johnson,,3,76,61,15,1593.0
9:24.0, ,61-76,Turnover by J. Johnson (lost ball; steal by K. Murray),,3,76,61,15,1596.0
9:17.0,D. Fox misses 3-pt jump shot from 25 ft,61-76, ,,3,76,61,15,1603.0
9:14.0, ,61-76,Defensive rebound by J. Johnson,,3,76,61,15,1606.0
9:07.0, ,61-76,D. Murray misses 2-pt layup from 4 ft,,3,76,61,15,1613.0
9:04.0,Defensive rebound by D. Sabonis,61-76, ,,3,76,61,15,1616.0
8:54.0,K. Murray misses 2-pt jump shot from 7 ft,61-76, ,,3,76,61,15,1626.0
8:51.0, ,61-76,Defensive rebound by S. Bey,,3,76,61,15,1629.0
8:43.0, ,61-78,J. Johnson makes 2-pt dunk from 1 ft (assist by T. Young),,3,78,61,17,1637.0
8:43.0,Sacramento full timeout,61-78, ,,3,78,61,17,1637.0
8:29.0,K. Huerter makes 2-pt jump shot from 11 ft (assist by D. Sabonis),63-78, ,,3,78,63,15,1651.0
8:15.0, ,63-78,Turnover by J. Johnson (traveling),,3,78,63,15,1665.0
8:05.0,D. Fox misses 2-pt jump shot from 18 ft,63-78, ,,3,78,63,15,1675.0
8:01.0, ,63-78,Defensive rebound by C. Capela,,3,78,63,15,1679.0
7:53.0, ,63-78,S. Bey misses 3-pt jump shot from 23 ft,,3,78,63,15,1687.0
7:50.0,Defensive rebound by K. Huerter,63-78, ,,3,78,63,15,1690.0
7:43.0,D. Sabonis makes 2-pt layup from 1 ft (assist by D. Fox),65-78, ,,3,78,65,13,1697.0
7:26.0, ,65-78,T. Young misses 3-pt jump shot from 26 ft,,3,78,65,13,1714.0
7:22.0,Defensive rebound by K. Murray,65-78, ,,3,78,65,13,1718.0
7:20.0,Shooting foul by T. Young (drawn by H. Barnes),65-78, ,,3,78,65,13,1720.0
7:20.0,H. Barnes makes free throw 1 of 2,66-78, ,,3,78,66,12,1720.0
7:20.0,M. Monk enters the game for K. Huerter,66-78, ,,3,78,66,12,1720.0
7:20.0,H. Barnes makes free throw 2 of 2,67-78, ,,3,78,67,11,1720.0
7:07.0, ,67-78,C. Capela misses 2-pt hook shot from 4 ft,,3,78,67,11,1733.0
7:02.0,Defensive rebound by D. Fox,67-78, ,,3,78,67,11,1738.0
6:57.0,K. Murray misses 3-pt jump shot from 22 ft,67-78, ,,3,78,67,11,1743.0
6:56.0, ,67-78,Defensive rebound by Team,,3,78,67,11,1744.0
6:56.0,Loose ball foul by H. Barnes (drawn by T. Young),67-78, ,,3,78,67,11,1744.0
6:43.0, ,67-78,C. Capela misses 2-pt layup from 8 ft,,3,78,67,11,1757.0
6:42.0, ,67-78,Offensive rebound by Team,,3,78,67,11,1758.0
6:40.0, ,67-78,D. Murray misses 3-pt jump shot from 23 ft,,3,78,67,11,1760.0
6:37.0,Defensive rebound by D. Sabonis,67-78, ,,3,78,67,11,1763.0
6:34.0,Shooting foul by J. Johnson (drawn by D. Fox),67-78, ,,3,78,67,11,1766.0
6:34.0,D. Fox makes free throw 1 of 2,68-78, ,,3,78,68,10,1766.0
6:34.0, ,68-78,B. Bogdanović enters the game for J. Johnson,,3,78,68,10,1766.0
6:34.0, ,68-78,G. Mathews enters the game for T. Young,,3,78,68,10,1766.0
6:34.0,D. Fox makes free throw 2 of 2,69-78, ,,3,78,69,9,1766.0
6:22.0, ,69-78,Turnover by D. Murray (bad pass; steal by D. Fox),,3,78,69,9,1778.0
6:16.0,D. Fox makes 2-pt layup from 1 ft,71-78, ,,3,78,71,7,1784.0
6:16.0,Shooting foul by D. Murray (drawn by D. Fox),71-78, ,,3,78,71,7,1784.0
6:16.0, ,71-78,Atlanta full timeout,,3,78,71,7,1784.0
6:16.0, ,71-78,O. Okongwu enters the game for C. Capela,,3,78,71,7,1784.0
6:16.0,D. Fox misses free throw 1 of 1,71-78, ,,3,78,71,7,1784.0
6:12.0, ,71-78,Defensive rebound by B. Bogdanović,,3,78,71,7,1788.0
6:09.0, ,71-78,Personal foul by D. Sabonis (drawn by O. Okongwu),,3,78,71,7,1791.0
5:51.0, ,71-81,S. Bey makes 3-pt jump shot from 23 ft (assist by O. Okongwu),,3,81,71,10,1809.0
5:32.0,D. Sabonis misses 2-pt layup from 2 ft,71-81, ,,3,81,71,10,1828.0
5:29.0, ,71-81,Defensive rebound by B. Bogdanović,,3,81,71,10,1831.0
5:26.0, ,71-81,Turnover by B. Bogdanović (bad pass),,3,81,71,10,1834.0
5:17.0,M. Monk misses 3-pt jump shot from 25 ft,71-81, ,,3,81,71,10,1843.0
5:15.0,Offensive rebound by Team,71-81, ,,3,81,71,10,1845.0
5:15.0,T. Lyles enters the game for H. Barnes,71-81, ,,3,81,71,10,1845.0
5:15.0,D. Mitchell enters the game for D. Fox,71-81, ,,3,81,71,10,1845.0
5:05.0,D. Sabonis misses 2-pt layup at rim,71-81, ,,3,81,71,10,1855.0
5:00.0, ,71-81,Defensive rebound by G. Mathews,,3,81,71,10,1860.0
4:56.0, ,71-81,Offensive foul by S. Bey (drawn by D. Mitchell),,3,81,71,10,1864.0
4:56.0, ,71-81,Turnover by S. Bey (offensive foul),,3,81,71,10,1864.0
4:44.0,Turnover by D. Sabonis (out of bounds lost ball),71-81, ,,3,81,71,10,1876.0
4:31.0, ,71-81,B. Bogdanović misses 3-pt jump shot from 26 ft,,3,81,71,10,1889.0
4:27.0,Defensive rebound by T. Lyles,71-81, ,,3,81,71,10,1893.0
4:22.0,Turnover by M. Monk (bad pass; steal by S. Bey),71-81, ,,3,81,71,10,1898.0
4:20.0, ,71-81,Shooting foul by T. Lyles (drawn by S. Bey),,3,81,71,10,1900.0
4:20.0, ,71-82,S. Bey makes free throw 1 of 2,,3,82,71,11,1900.0
4:20.0, ,71-82,T. Young enters the game for G. Mathews,,3,82,71,11,1900.0
4:20.0, ,71-83,S. Bey makes free throw 2 of 2,,3,83,71,12,1900.0
3:59.0,K. Murray makes 2-pt jump shot from 19 ft (assist by M. Monk),73-83, ,,3,83,73,10,1921.0
3:45.0, ,73-83,Turnover by D. Murray (lost ball; steal by K. Murray),,3,83,73,10,1935.0
3:43.0,Turnover by T. Lyles (bad pass; steal by T. Young),73-83, ,,3,83,73,10,1937.0
3:37.0, ,73-83,D. Murray misses 3-pt jump shot from 23 ft,,3,83,73,10,1943.0
3:33.0, ,73-83,Offensive rebound by B. Bogdanović,,3,83,73,10,1947.0
3:28.0, ,73-85,T. Young makes 2-pt jump shot from 11 ft,,3,85,73,12,1952.0
3:15.0,Turnover by M. Monk (bad pass; steal by O. Okongwu),73-85, ,,3,85,73,12,1965.0
3:11.0, ,73-85,B. Bogdanović misses 3-pt jump shot from 26 ft,,3,85,73,12,1969.0
3:06.0,Defensive rebound by D. Sabonis,73-85, ,,3,85,73,12,1974.0
2:54.0,D. Sabonis makes 2-pt jump shot from 12 ft (assist by M. Monk),75-85, ,,3,85,75,10,1986.0
2:53.0, ,75-85,Atlanta full timeout,,3,85,75,10,1987.0
2:53.0,D. Fox enters the game for M. Monk,75-85, ,,3,85,75,10,1987.0
2:53.0,A. Len enters the game for D. Sabonis,75-85, ,,3,85,75,10,1987.0
2:53.0, ,75-85,J. Johnson enters the game for S. Bey,,3,85,75,10,1987.0
2:53.0, ,75-85,P. Mills enters the game for D. Murray,,3,85,75,10,1987.0
2:38.0, ,75-87,O. Okongwu makes 2-pt layup from 1 ft (assist by J. Johnson),,3,87,75,12,2002.0
2:20.0,D. Fox makes 3-pt jump shot from 25 ft (assist by A. Len),78-87, ,,3,87,78,9,2020.0
2:09.0, ,78-87,Personal foul by D. Mitchell (drawn by T. Young),,3,87,78,9,2031.0
2:09.0, ,78-88,T. Young makes free throw 1 of 2,,3,88,78,10,2031.0
2:09.0, ,78-89,T. Young makes free throw 2 of 2,,3,89,78,11,2031.0
1:53.0,K. Murray misses 2-pt layup from 6 ft (block by J. Johnson),78-89, ,,3,89,78,11,2047.0
1:51.0,Offensive rebound by Team,78-89, ,,3,89,78,11,2049.0
1:51.0,Jump ball: K. Murray vs. J. Johnson (D. Fox gains possession),78-89,,,3,89,78,11,2049.0
1:43.0,D. Fox makes 3-pt jump shot from 26 ft,81-89, ,,3,89,81,8,2057.0
1:33.0, ,81-89,O. Okongwu misses 2-pt dunk from 2 ft,,3,89,81,8,2067.0
1:29.0,Defensive rebound by T. Lyles,81-89, ,,3,89,81,8,2071.0
1:21.0,T. Lyles makes 3-pt jump shot from 24 ft (assist by D. Fox),84-89, ,,3,89,84,5,2079.0
1:09.0, ,84-89,J. Johnson misses 3-pt jump shot from 25 ft,,3,89,84,5,2091.0
1:06.0,Defensive rebound by D. Fox,84-89, ,,3,89,84,5,2094.0
0:58.0,D. Fox misses 3-pt jump shot from 27 ft,84-89, ,,3,89,84,5,2102.0
0:55.0, ,84-89,Defensive rebound by J. Johnson,,3,89,84,5,2105.0
0:49.0, ,84-89,Shooting foul by K. Murray (drawn by J. Johnson),,3,89,84,5,2111.0
0:49.0, ,84-90,J. Johnson makes free throw 1 of 2,,3,90,84,6,2111.0
0:49.0, ,84-91,J. Johnson makes free throw 2 of 2,,3,91,84,7,2111.0
0:33.0,D. Mitchell makes 2-pt layup from 1 ft (assist by A. Len),86-91, ,,3,91,86,5,2127.0
0:23.0, ,86-91,Offensive foul by T. Young (drawn by D. Mitchell),,3,91,86,5,2137.0
0:23.0, ,86-91,Turnover by T. Young (offensive foul),,3,91,86,5,2137.0
0:23.0,M. Monk enters the game for D. Mitchell,86-91, ,,3,91,86,5,2137.0
0:05.0,T. Lyles misses 3-pt jump shot from 23 ft,86-91, ,,3,91,86,5,2155.0
0:01.0, ,86-91,Defensive rebound by T. Young,,3,91,86,5,2159.0
0:00.0, ,86-91,T. Young misses 3-pt jump shot from 44 ft,,3,91,86,5,2160.0
0:00.0, ,86-91,Offensive rebound by Team,,3,91,86,5,2160.0
0:00.0,End of 3rd quarter,86-91,,,3,91,86,5,2160.0
12:00.0,Start of 4th quarter,86-91,,,4,91,86,5,2160.0
11:47.0, ,86-91,B. Bogdanović misses 3-pt jump shot from 26 ft,,4,91,86,5,2173.0
11:43.0,Defensive rebound by T. Lyles,86-91, ,,4,91,86,5,2177.0
11:21.0,D. Fox makes 3-pt jump shot from 25 ft,89-91, ,,4,91,89,2,2199.0
11:07.0, ,89-91,T. Young misses 2-pt jump shot from 7 ft,,4,91,89,2,2213.0
11:03.0, ,89-91,Offensive rebound by T. Young,,4,91,89,2,2217.0
11:00.0, ,89-94,T. Young makes 3-pt jump shot from 23 ft (assist by B. Bogdanović),,4,94,89,5,2220.0
10:40.0,T. Lyles makes 2-pt layup from 1 ft (assist by D. Mitchell),91-94, ,,4,94,91,3,2240.0
10:28.0, ,91-94,J. Johnson misses 2-pt layup from 3 ft,,4,94,91,3,2252.0
10:26.0,Defensive rebound by D. Fox,91-94, ,,4,94,91,3,2254.0
10:22.0,T. Lyles misses 3-pt jump shot from 26 ft,91-94, ,,4,94,91,3,2258.0
10:17.0, ,91-94,Defensive rebound by J. Johnson,,4,94,91,3,2263.0
10:09.0, ,91-94,J. Johnson misses 3-pt jump shot from 23 ft,,4,94,91,3,2271.0
10:06.0,Defensive rebound by T. Lyles,91-94, ,,4,94,91,3,2274.0
10:00.0,D. Mitchell misses 2-pt layup from 4 ft,91-94, ,,4,94,91,3,2280.0
9:58.0, ,91-94,Defensive rebound by J. Johnson,,4,94,91,3,2282.0
9:48.0, ,91-94,J. Johnson misses 2-pt layup from 4 ft,,4,94,91,3,2292.0
9:46.0, ,91-94,Offensive rebound by J. Johnson,,4,94,91,3,2294.0
9:43.0, ,91-97,B. Bogdanović makes 3-pt jump shot from 23 ft (assist by J. Johnson),,4,97,91,6,2297.0
9:17.0,Offensive foul by D. Fox (drawn by P. Mills),91-97, ,,4,97,91,6,2323.0
9:17.0,Turnover by D. Fox (offensive foul),91-97, ,,4,97,91,6,2323.0
9:17.0, ,91-97,D. Murray enters the game for P. Mills,,4,97,91,6,2323.0
9:07.0, ,91-99,O. Okongwu makes 2-pt dunk from 1 ft (assist by J. Johnson),,4,99,91,8,2333.0
8:50.0,Turnover by C. Duarte (bad pass; steal by D. Murray),91-99, ,,4,99,91,8,2350.0
8:45.0, ,91-102,T. Young makes 3-pt jump shot from 23 ft (assist by B. Bogdanović),,4,102,91,11,2355.0
8:43.0,Sacramento full timeout,91-102, ,,4,102,91,11,2357.0
8:43.0,M. Monk enters the game for A. Len,91-102, ,,4,102,91,11,2357.0
8:43.0,D. Sabonis enters the game for D. Mitchell,91-102, ,,4,102,91,11,2357.0
8:43.0, ,91-102,S. Bey enters the game for J. Johnson,,4,102,91,11,2357.0
8:39.0,T. Lyles makes 2-pt dunk at rim (assist by D. Fox),93-102, ,,4,102,93,9,2361.0
8:39.0, ,93-102,Violation by Team (def goaltending),,4,102,93,9,2361.0
8:16.0, ,93-105,S. Bey makes 3-pt jump shot from 23 ft (assist by T. Young),,4,105,93,12,2384.0
8:00.0,D. Fox makes 3-pt jump shot from 26 ft (assist by D. Sabonis),96-105, ,,4,105,96,9,2400.0
7:36.0, ,96-105,S. Bey misses 3-pt jump shot from 25 ft,,4,105,96,9,2424.0
7:33.0, ,96-105,Offensive rebound by D. Murray,,4,105,96,9,2427.0
7:31.0, ,96-105,B. Bogdanović misses 3-pt jump shot from 25 ft,,4,105,96,9,2429.0
7:31.0,Defensive rebound by D. Sabonis,96-105, ,,4,105,96,9,2429.0
7:16.0,D. Sabonis makes 2-pt dunk from 1 ft (assist by M. Monk),98-105, ,,4,105,98,7,2444.0
6:59.0, ,98-105,B. Bogdanović misses 3-pt jump shot from 26 ft,,4,105,98,7,2461.0
6:58.0,Defensive rebound by Team,98-105, ,,4,105,98,7,2462.0
6:58.0,K. Murray enters the game for T. Lyles,98-105, ,,4,105,98,7,2462.0
6:58.0, ,98-105,C. Capela enters the game for O. Okongwu,,4,105,98,7,2462.0
6:46.0,D. Sabonis makes 2-pt layup from 1 ft (assist by D. Fox),100-105, ,,4,105,100,5,2474.0
6:45.0, ,100-105,Atlanta full timeout,,4,105,100,5,2475.0
6:45.0, ,100-105,J. Johnson enters the game for B. Bogdanović,,4,105,100,5,2475.0
6:31.0, ,100-105,D. Murray misses 2-pt jump shot from 14 ft,,4,105,100,5,2489.0
6:28.0,Defensive rebound by D. Fox,100-105, ,,4,105,100,5,2492.0
6:18.0,D. Fox makes 3-pt jump shot from 26 ft,103-105, ,,4,105,103,2,2502.0
6:04.0, ,103-105,Turnover by J. Johnson (traveling),,4,105,103,2,2516.0
5:48.0,D. Fox makes 3-pt jump shot from 23 ft (assist by M. Monk),106-105, ,Lead change,4,105,106,-1,2532.0
5:30.0, ,106-105,T. Young misses 3-pt jump shot from 26 ft,,4,105,106,-1,2550.0
5:26.0, ,106-105,Offensive rebound by S. Bey,,4,105,106,-1,2554.0
5:20.0, ,106-105,D. Murray misses 2-pt layup from 2 ft,,4,105,106,-1,2560.0
5:14.0, ,106-105,Offensive rebound by C. Capela,,4,105,106,-1,2566.0
5:14.0, ,106-107,C. Capela makes 2-pt layup at rim,Lead change,4,107,106,1,2566.0
5:14.0, ,106-107,Violation by Team (delay of game),,4,107,106,1,2566.0
4:59.0,D. Sabonis makes 2-pt dunk from 1 ft (assist by M. Monk),108-107, ,Lead change,4,107,108,-1,2581.0
4:45.0, ,108-109,T. Young makes 2-pt jump shot from 12 ft,Lead change,4,109,108,1,2595.0
4:45.0, ,108-109,Shooting foul by K. Murray (drawn by T. Young),,4,109,108,1,2595.0
4:45.0, ,108-110,T. Young makes free throw 1 of 1,,4,110,108,2,2595.0
4:39.0, ,108-110,Violation by Team (kicked ball),,4,110,108,2,2601.0
4:32.0,M. Monk makes 2-pt layup from 2 ft,110-110, ,Tie,4,110,110,0,2608.0
4:20.0, ,110-110,Personal foul by K. Murray (drawn by T. Young),,4,110,110,0,2620.0
4:20.0, ,110-110,Atlanta full timeout,,4,110,110,0,2620.0
4:08.0, ,110-110,D. Murray misses 2-pt jump shot from 13 ft,,4,110,110,0,2632.0
4:05.0,Defensive rebound by D. Sabonis,110-110, ,,4,110,110,0,2635.0
3:56.0,M. Monk misses 3-pt jump shot from 26 ft,110-110, ,,4,110,110,0,2644.0
3:54.0, ,110-110,Defensive rebound by Team,,4,110,110,0,2646.0
3:38.0, ,110-110,T. Young misses 3-pt jump shot from 28 ft,,4,110,110,0,2662.0
3:34.0,Defensive rebound by M. Monk,110-110, ,,4,110,110,0,2666.0
3:27.0,C. Duarte makes 3-pt jump shot from 22 ft (assist by M. Monk),113-110, ,Lead change,4,110,113,-3,2673.0
3:09.0, ,113-110,T. Young misses 2-pt jump shot from 14 ft,,4,110,113,-3,2691.0
3:05.0,Defensive rebound by M. Monk,113-110, ,,4,110,113,-3,2695.0
2:51.0,D. Fox misses 3-pt jump shot from 23 ft,113-110, ,,4,110,113,-3,2709.0
2:47.0, ,113-110,Defensive rebound by D. Murray,,4,110,113,-3,2713.0
2:35.0, ,113-110,D. Murray misses 2-pt jump shot from 10 ft,,4,110,113,-3,2725.0
2:30.0,Defensive rebound by D. Sabonis,113-110, ,,4,110,113,-3,2730.0
2:16.0,Shooting foul by S. Bey (drawn by D. Sabonis),113-110, ,,4,110,113,-3,2744.0
2:16.0,D. Sabonis misses free throw 1 of 2,113-110, ,,4,110,113,-3,2744.0
2:16.0,Offensive rebound by Team,113-110, ,,4,110,113,-3,2744.0
2:16.0,D. Sabonis makes free throw 2 of 2,114-110, ,,4,110,114,-4,2744.0
2:05.0, ,114-110,Offensive foul by T. Young (drawn by C. Duarte),,4,110,114,-4,2755.0
2:05.0, ,114-110,Turnover by T. Young (offensive foul),,4,110,114,-4,2755.0
2:05.0,Sacramento full timeout,114-110, ,,4,110,114,-4,2755.0
2:05.0,Instant Replay (Challenge: Ruling Stands),114-110, ,,4,110,114,-4,2755.0
2:05.0, ,114-110,B. Bogdanović enters the game for S. Bey,,4,110,114,-4,2755.0
1:54.0,D. Fox misses 3-pt jump shot from 26 ft,114-110, ,,4,110,114,-4,2766.0
1:52.0,Offensive rebound by Team,114-110, ,,4,110,114,-4,2768.0
1:44.0, ,114-110,Violation by Team (kicked ball),,4,110,114,-4,2776.0
1:32.0,C. Duarte misses 2-pt layup from 2 ft (block by C. Capela),114-110, ,,4,110,114,-4,2788.0
1:31.0, ,114-110,Defensive rebound by Team,,4,110,114,-4,2789.0
1:15.0, ,114-110,D. Murray misses 3-pt jump shot from 23 ft,,4,110,114,-4,2805.0
1:13.0,Defensive rebound by Team,114-110, ,,4,110,114,-4,2807.0
0:49.0,K. Murray makes 2-pt jump shot from 7 ft (assist by M. Monk),116-110, ,,4,110,116,-6,2831.0
0:32.0, ,116-110,B. Bogdanović misses 3-pt jump shot from 24 ft,,4,110,116,-6,2848.0
0:29.0, ,116-110,Offensive rebound by C. Capela,,4,110,116,-6,2851.0
0:26.0, ,116-110,B. Bogdanović misses 2-pt jump shot from 12 ft,,4,110,116,-6,2854.0
0:24.0,Defensive rebound by M. Monk,116-110, ,,4,110,116,-6,2856.0
0:19.0,Personal take foul by D. Murray (drawn by M. Monk),116-110, ,,4,110,116,-6,2861.0
0:18.0,Personal foul by D. Murray (drawn by D. Fox),116-110, ,,4,110,116,-6,2862.0
0:18.0,D. Fox makes free throw 1 of 2,117-110, ,,4,110,117,-7,2862.0
0:18.0,D. Fox misses free throw 2 of 2,117-110, ,,4,110,117,-7,2862.0
0:17.0, ,117-110,Defensive rebound by C. Capela,,4,110,117,-7,2863.0
0:16.0, ,117-110,Atlanta full timeout,,4,110,117,-7,2864.0
0:12.0, ,117-110,T. Young misses 3-pt jump shot from 24 ft,,4,110,117,-7,2868.0
0:07.0, ,117-110,Offensive rebound by J. Johnson,,4,110,117,-7,2873.0
0:06.0, ,117-110,Turnover by J. Johnson (bad pass; steal by D. Fox),,4,110,117,-7,2874.0
0:00.0,End of 4th quarter,117-110,,,4,110,117,-7,2880.0
