Time,Atlanta,Score,Minnesota,Event,Quarter,TeamScore,OpponentScore,PointDifference,ElapsedTime
12:00.0,Jump ball: C. Capela vs. R. Gobert (B. Bogdanović gains possession),0-0,,,1,0,0,0,0.0
11:45.0,Shooting foul by K. Towns (drawn by D. Hunter),0-0, ,,1,0,0,0,15.0
11:45.0,D. Hunter makes free throw 1 of 3,1-0, ,,1,1,0,1,15.0
11:45.0,D. Hunter makes free throw 2 of 3,2-0, ,,1,2,0,2,15.0
11:45.0,D. Hunter makes free throw 3 of 3,3-0, ,,1,3,0,3,15.0
11:23.0, ,3-0,M. Conley misses 3-pt jump shot from 25 ft,,1,3,0,3,37.0
11:19.0,Defensive rebound by C. Capela,3-0, ,,1,3,0,3,41.0
11:12.0,D. Murray misses 2-pt jump shot from 12 ft,3-0, ,,1,3,0,3,48.0
11:09.0, ,3-0,Defensive rebound by R. Gobert,,1,3,0,3,51.0
11:05.0, ,3-0,Personal foul by D. Murray (drawn by J. McDaniels),,1,3,0,3,55.0
11:00.0, ,3-0,K. Towns misses 3-pt jump shot from 24 ft,,1,3,0,3,60.0
10:59.0,Defensive rebound by Team,3-0, ,,1,3,0,3,61.0
10:49.0,T. Young makes 2-pt jump shot from 12 ft (assist by C. Capela),5-0, ,,1,5,0,5,71.0
10:31.0, ,5-0,A. Edwards misses 2-pt layup from 2 ft,,1,5,0,5,89.0
10:28.0, ,5-0,Offensive rebound by K. Towns,,1,5,0,5,92.0
10:28.0, ,5-2,K. Towns makes 2-pt layup at rim,,1,5,2,3,92.0
10:19.0,C. Capela makes 2-pt layup from 3 ft (assist by D. Murray),7-2, ,,1,7,2,5,101.0
10:07.0, ,7-2,Turnover by A. Edwards (bad pass),,1,7,2,5,113.0
9:57.0,D. Hunter misses 3-pt jump shot from 25 ft,7-2, ,,1,7,2,5,123.0
9:54.0, ,7-2,Defensive rebound by M. Conley,,1,7,2,5,126.0
9:51.0, ,7-2,Personal foul by D. Hunter (drawn by K. Towns),,1,7,2,5,129.0
9:41.0, ,7-4,R. Gobert makes 2-pt dunk from 1 ft (assist by K. Towns),,1,7,4,3,139.0
9:30.0,B. Bogdanović makes 2-pt jump shot from 19 ft,9-4, ,,1,9,4,5,150.0
9:12.0, ,9-6,R. Gobert makes 2-pt dunk at rim (assist by M. Conley),,1,9,6,3,168.0
8:59.0,T. Young misses 3-pt jump shot from 27 ft,9-6, ,,1,9,6,3,181.0
8:56.0, ,9-6,Defensive rebound by K. Towns,,1,9,6,3,184.0
8:46.0, ,9-6,Personal foul by D. Hunter (drawn by K. Towns),,1,9,6,3,194.0
8:40.0, ,9-8,R. Gobert makes 2-pt dunk from 1 ft (assist by K. Towns),,1,9,8,1,200.0
8:25.0,D. Hunter misses 2-pt layup from 3 ft,9-8, ,,1,9,8,1,215.0
8:23.0, ,9-8,Defensive rebound by K. Towns,,1,9,8,1,217.0
8:22.0, ,9-8,Turnover by K. Towns (bad pass; steal by T. Young),,1,9,8,1,218.0
8:17.0,T. Young misses 3-pt jump shot from 25 ft,9-8, ,,1,9,8,1,223.0
8:17.0,Offensive rebound by C. Capela,9-8, ,,1,9,8,1,223.0
8:15.0,C. Capela makes 2-pt layup at rim,11-8, ,,1,11,8,3,225.0
7:59.0, ,11-11,J. McDaniels makes 3-pt jump shot from 25 ft (assist by M. Conley),Tie,1,11,11,0,241.0
7:53.0,Personal foul by A. Edwards (drawn by D. Murray),11-11, ,,1,11,11,0,247.0
7:40.0,T. Young makes 2-pt jump shot from 9 ft,13-11, ,,1,13,11,2,260.0
7:40.0,Shooting foul by J. McDaniels (drawn by T. Young),13-11, ,,1,13,11,2,260.0
7:40.0,T. Young makes free throw 1 of 1,14-11, ,,1,14,11,3,260.0
7:23.0, ,14-11,M. Conley misses 2-pt layup from 2 ft,,1,14,11,3,277.0
7:22.0,Defensive rebound by C. Capela,14-11, ,,1,14,11,3,278.0
7:21.0,Turnover by C. Capela (step out of bounds),14-11, ,,1,14,11,3,279.0
7:17.0, ,14-11,K. Towns misses 2-pt jump shot from 10 ft,,1,14,11,3,283.0
7:17.0,Defensive rebound by C. Capela,14-11, ,,1,14,11,3,283.0
7:07.0,D. Murray makes 2-pt jump shot from 17 ft,16-11, ,,1,16,11,5,293.0
6:49.0, ,16-11,A. Edwards misses 3-pt jump shot from 25 ft,,1,16,11,5,311.0
6:47.0, ,16-11,Offensive rebound by R. Gobert,,1,16,11,5,313.0
6:41.0, ,16-11,Turnover by M. Conley (bad pass),,1,16,11,5,319.0
6:41.0, ,16-11,Minnesota full timeout,,1,16,11,5,319.0
6:41.0,M. Gueye enters the game for D. Hunter,16-11, ,,1,16,11,5,319.0
6:41.0,G. Mathews enters the game for T. Young,16-11, ,,1,16,11,5,319.0
6:41.0, ,16-11,N. Alexander-Walker enters the game for M. Conley,,1,16,11,5,319.0
6:41.0, ,16-11,N. Reid enters the game for K. Towns,,1,16,11,5,319.0
6:22.0,C. Capela misses 2-pt hook shot from 6 ft,16-11, ,,1,16,11,5,338.0
6:19.0, ,16-11,Defensive rebound by R. Gobert,,1,16,11,5,341.0
6:08.0, ,16-14,N. Alexander-Walker makes 3-pt jump shot from 23 ft (assist by A. Edwards),,1,16,14,2,352.0
5:53.0,B. Bogdanović misses 2-pt layup from 2 ft (block by R. Gobert),16-14, ,,1,16,14,2,367.0
5:53.0,Offensive rebound by Team,16-14, ,,1,16,14,2,367.0
5:53.0,B. Fernando enters the game for C. Capela,16-14, ,,1,16,14,2,367.0
5:53.0, ,16-14,M. Morris enters the game for A. Edwards,,1,16,14,2,367.0
5:48.0,D. Murray makes 2-pt jump shot from 17 ft (assist by B. Fernando),18-14, ,,1,18,14,4,372.0
5:33.0, ,18-14,Shooting foul by M. Gueye (drawn by N. Reid),,1,18,14,4,387.0
5:33.0, ,18-15,N. Reid makes free throw 1 of 2,,1,18,15,3,387.0
5:33.0, ,18-16,N. Reid makes free throw 2 of 2,,1,18,16,2,387.0
5:23.0,D. Murray misses 3-pt jump shot from 25 ft,18-16, ,,1,18,16,2,397.0
5:19.0, ,18-16,Defensive rebound by M. Morris,,1,18,16,2,401.0
5:14.0, ,18-16,N. Reid misses 3-pt jump shot from 24 ft,,1,18,16,2,406.0
5:11.0,Defensive rebound by D. Murray,18-16, ,,1,18,16,2,409.0
4:59.0,M. Gueye misses 3-pt jump shot from 24 ft,18-16, ,,1,18,16,2,421.0
4:56.0, ,18-16,Defensive rebound by M. Morris,,1,18,16,2,424.0
4:41.0, ,18-16,Shooting foul by M. Gueye (drawn by N. Reid),,1,18,16,2,439.0
4:41.0, ,18-17,N. Reid makes free throw 1 of 2,,1,18,17,1,439.0
4:41.0,A. Griffin enters the game for B. Bogdanović,18-17, ,,1,18,17,1,439.0
4:41.0, ,18-17,K. Anderson enters the game for J. McDaniels,,1,18,17,1,439.0
4:41.0, ,18-17,N. Reid misses free throw 2 of 2,,1,18,17,1,439.0
4:40.0,Defensive rebound by B. Fernando,18-17, ,,1,18,17,1,440.0
4:28.0,B. Fernando misses 2-pt hook shot from 7 ft (block by R. Gobert),18-17, ,,1,18,17,1,452.0
4:23.0, ,18-17,Defensive rebound by R. Gobert,,1,18,17,1,457.0
4:11.0, ,18-17,N. Alexander-Walker misses 3-pt jump shot from 23 ft,,1,18,17,1,469.0
4:07.0, ,18-17,Offensive rebound by R. Gobert,,1,18,17,1,473.0
4:02.0, ,18-19,R. Gobert makes 2-pt dunk from 1 ft (assist by N. Reid),Lead change,1,18,19,-1,478.0
3:38.0,D. Murray makes 2-pt jump shot from 14 ft,20-19, ,Lead change,1,20,19,1,502.0
3:19.0, ,20-19,Shooting foul by B. Fernando (drawn by N. Alexander-Walker),,1,20,19,1,521.0
3:19.0, ,20-20,N. Alexander-Walker makes free throw 1 of 2,Tie,1,20,20,0,521.0
3:19.0, ,20-20,K. Towns enters the game for R. Gobert,,1,20,20,0,521.0
3:19.0, ,20-21,N. Alexander-Walker makes free throw 2 of 2,Lead change,1,20,21,-1,521.0
3:04.0,G. Mathews misses 3-pt jump shot from 24 ft,20-21, ,,1,20,21,-1,536.0
3:03.0,Offensive rebound by Team,20-21, ,,1,20,21,-1,537.0
3:03.0,Atlanta full timeout,20-21, ,,1,20,21,-1,537.0
3:03.0,T. Young enters the game for D. Murray,20-21, ,,1,20,21,-1,537.0
2:53.0,Turnover by A. Griffin (lost ball; steal by K. Anderson),20-21, ,,1,20,21,-1,547.0
2:45.0, ,20-21,Turnover by N. Reid (out of bounds lost ball),,1,20,21,-1,555.0
2:31.0,M. Gueye makes 2-pt dunk from 1 ft (assist by B. Fernando),22-21, ,Lead change,1,22,21,1,569.0
2:16.0, ,22-21,Shooting foul by G. Mathews (drawn by K. Towns),,1,22,21,1,584.0
2:16.0, ,22-22,K. Towns makes free throw 1 of 2,Tie,1,22,22,0,584.0
2:16.0, ,22-22,A. Edwards enters the game for N. Alexander-Walker,,1,22,22,0,584.0
2:16.0, ,22-23,K. Towns makes free throw 2 of 2,Lead change,1,22,23,-1,584.0
1:56.0,T. Young makes 2-pt jump shot from 8 ft (assist by M. Gueye),24-23, ,Lead change,1,24,23,1,604.0
1:46.0, ,24-23,Turnover by K. Towns (bad pass),,1,24,23,1,614.0
1:27.0, ,24-23,Violation by Team (kicked ball),,1,24,23,1,633.0
1:18.0,G. Mathews misses 2-pt layup from 4 ft,24-23, ,,1,24,23,1,642.0
1:16.0, ,24-23,Defensive rebound by K. Towns,,1,24,23,1,644.0
1:05.0, ,24-25,A. Edwards makes 2-pt layup from 2 ft (assist by N. Reid),Lead change,1,24,25,-1,655.0
0:59.0,Shooting foul by A. Edwards (drawn by T. Young),24-25, ,,1,24,25,-1,661.0
0:59.0,T. Young misses free throw 1 of 2,24-25, ,,1,24,25,-1,661.0
0:59.0,Offensive rebound by Team,24-25, ,,1,24,25,-1,661.0
0:59.0,T. Young makes free throw 2 of 2,25-25, ,Tie,1,25,25,0,661.0
0:41.0, ,25-25,M. Morris misses 3-pt jump shot from 25 ft,,1,25,25,0,679.0
0:37.0,Defensive rebound by A. Griffin,25-25, ,,1,25,25,0,683.0
0:34.0,B. Fernando makes 2-pt dunk from 2 ft (assist by T. Young),27-25, ,Lead change,1,27,25,2,686.0
0:23.0, ,27-25,N. Reid misses 3-pt jump shot from 25 ft,,1,27,25,2,697.0
0:21.0,Defensive rebound by B. Fernando,27-25, ,,1,27,25,2,699.0
0:01.0,Shooting foul by A. Edwards (drawn by B. Fernando),27-25, ,,1,27,25,2,719.0
0:01.0,B. Fernando misses free throw 1 of 2,27-25, ,,1,27,25,2,719.0
0:01.0,Offensive rebound by Team,27-25, ,,1,27,25,2,719.0
0:01.0,B. Fernando misses free throw 2 of 2,27-25, ,,1,27,25,2,719.0
0:00.0, ,27-25,Defensive rebound by K. Towns,,1,27,25,2,720.0
0:00.0,End of 1st quarter,27-25,,,1,27,25,2,720.0
12:00.0,Start of 2nd quarter,27-25,,,2,27,25,2,720.0
11:34.0, ,27-25,K. Anderson misses 2-pt jump shot from 12 ft,,2,27,25,2,746.0
11:31.0,Defensive rebound by A. Griffin,27-25, ,,2,27,25,2,749.0
11:19.0,B. Fernando makes 2-pt hook shot from 7 ft (assist by B. Bogdanović),29-25, ,,2,29,25,4,761.0
11:06.0, ,29-25,M. Conley misses 3-pt jump shot from 25 ft,,2,29,25,4,774.0
11:04.0, ,29-25,Offensive rebound by J. McLaughlin,,2,29,25,4,776.0
10:58.0, ,29-25,J. McLaughlin misses 3-pt jump shot from 22 ft,,2,29,25,4,782.0
10:55.0,Defensive rebound by M. Gueye,29-25, ,,2,29,25,4,785.0
10:34.0,T. Young misses 2-pt jump shot from 14 ft,29-25, ,,2,29,25,4,806.0
10:30.0, ,29-25,Defensive rebound by M. Conley,,2,29,25,4,810.0
10:25.0, ,29-25,N. Alexander-Walker misses 3-pt jump shot from 22 ft,,2,29,25,4,815.0
10:22.0,Defensive rebound by B. Fernando,29-25, ,,2,29,25,4,818.0
10:09.0,M. Gueye misses 3-pt jump shot from 23 ft,29-25, ,,2,29,25,4,831.0
10:07.0, ,29-25,Defensive rebound by R. Gobert,,2,29,25,4,833.0
10:04.0, ,29-25,Personal foul by T. Young (drawn by J. McLaughlin),,2,29,25,4,836.0
10:04.0,D. Murray enters the game for T. Young,29-25, ,,2,29,25,4,836.0
9:51.0, ,29-25,Personal foul by M. Gueye (drawn by N. Alexander-Walker),,2,29,25,4,849.0
9:44.0, ,29-25,Shooting foul by D. Murray (drawn by R. Gobert),,2,29,25,4,856.0
9:44.0, ,29-26,R. Gobert makes free throw 1 of 2,,2,29,26,3,856.0
9:44.0, ,29-26,R. Gobert misses free throw 2 of 2,,2,29,26,3,856.0
9:40.0,Defensive rebound by A. Griffin,29-26, ,,2,29,26,3,860.0
9:34.0,Turnover by D. Murray (back court),29-26, ,,2,29,26,3,866.0
9:34.0,D. Hunter enters the game for M. Gueye,29-26, ,,2,29,26,3,866.0
9:21.0, ,29-28,R. Gobert makes 2-pt layup from 3 ft (assist by K. Anderson),,2,29,28,1,879.0
9:06.0,D. Hunter misses 2-pt jump shot from 8 ft,29-28, ,,2,29,28,1,894.0
9:04.0, ,29-28,Defensive rebound by R. Gobert,,2,29,28,1,896.0
9:04.0, ,29-28,Personal foul by B. Fernando (drawn by R. Gobert),,2,29,28,1,896.0
8:55.0, ,29-28,Turnover by K. Anderson (lost ball),,2,29,28,1,905.0
8:54.0, ,29-28,Loose ball foul by M. Conley (drawn by B. Bogdanović),,2,29,28,1,906.0
8:37.0,Shooting foul by K. Anderson (drawn by B. Fernando),29-28, ,,2,29,28,1,923.0
8:37.0,B. Fernando makes free throw 1 of 2,30-28, ,,2,30,28,2,923.0
8:37.0,G. Mathews enters the game for B. Bogdanović,30-28, ,,2,30,28,2,923.0
8:37.0, ,30-28,N. Reid enters the game for K. Anderson,,2,30,28,2,923.0
8:37.0,B. Fernando misses free throw 2 of 2,30-28, ,,2,30,28,2,923.0
8:34.0, ,30-28,Defensive rebound by R. Gobert,,2,30,28,2,926.0
8:16.0, ,30-30,J. McLaughlin makes 2-pt layup from 2 ft,Tie,2,30,30,0,944.0
8:03.0,D. Murray misses 2-pt jump shot from 12 ft,30-30, ,,2,30,30,0,957.0
7:59.0, ,30-30,Defensive rebound by N. Reid,,2,30,30,0,961.0
7:51.0, ,30-30,Shooting foul by B. Fernando (drawn by N. Reid),,2,30,30,0,969.0
7:51.0, ,30-31,N. Reid makes free throw 1 of 2,Lead change,2,30,31,-1,969.0
7:51.0,C. Capela enters the game for B. Fernando,30-31, ,,2,30,31,-1,969.0
7:51.0, ,30-32,N. Reid makes free throw 2 of 2,,2,30,32,-2,969.0
7:35.0,D. Hunter misses 2-pt jump shot from 13 ft,30-32, ,,2,30,32,-2,985.0
7:33.0, ,30-32,Defensive rebound by M. Conley,,2,30,32,-2,987.0
7:21.0, ,30-35,M. Conley makes 3-pt jump shot from 25 ft (assist by J. McLaughlin),,2,30,35,-5,999.0
7:09.0,D. Murray misses 2-pt layup from 5 ft (block by N. Alexander-Walker),30-35, ,,2,30,35,-5,1011.0
7:08.0, ,30-35,Defensive rebound by Team,,2,30,35,-5,1012.0
7:08.0, ,30-35,J. McDaniels enters the game for N. Alexander-Walker,,2,30,35,-5,1012.0
7:08.0, ,30-35,K. Towns enters the game for R. Gobert,,2,30,35,-5,1012.0
6:52.0, ,30-37,N. Reid makes 2-pt layup from 2 ft (assist by K. Towns),,2,30,37,-7,1028.0
6:51.0,Atlanta full timeout,30-37, ,,2,30,37,-7,1029.0
6:51.0,B. Bogdanović enters the game for A. Griffin,30-37, ,,2,30,37,-7,1029.0
6:41.0,D. Hunter makes 2-pt layup from 2 ft (assist by C. Capela),32-37, ,,2,32,37,-5,1039.0
6:25.0, ,32-37,K. Towns misses 3-pt jump shot from 25 ft,,2,32,37,-5,1055.0
6:22.0,Defensive rebound by D. Murray,32-37, ,,2,32,37,-5,1058.0
6:15.0,D. Murray misses 2-pt jump shot from 8 ft,32-37, ,,2,32,37,-5,1065.0
6:13.0, ,32-37,Defensive rebound by N. Reid,,2,32,37,-5,1067.0
6:04.0, ,32-40,N. Reid makes 3-pt jump shot from 25 ft (assist by M. Conley),,2,32,40,-8,1076.0
5:39.0,Turnover by D. Hunter (bad pass; steal by M. Conley),32-40, ,,2,32,40,-8,1101.0
5:35.0, ,32-42,M. Conley makes 2-pt layup from 3 ft,,2,32,42,-10,1105.0
5:24.0,Shooting foul by M. Conley (drawn by B. Bogdanović),32-42, ,,2,32,42,-10,1116.0
5:24.0,B. Bogdanović makes free throw 1 of 3,33-42, ,,2,33,42,-9,1116.0
5:24.0,B. Bogdanović makes free throw 2 of 3,34-42, ,,2,34,42,-8,1116.0
5:24.0,T. Young enters the game for G. Mathews,34-42, ,,2,34,42,-8,1116.0
5:24.0, ,34-42,N. Alexander-Walker enters the game for M. Conley,,2,34,42,-8,1116.0
5:24.0, ,34-42,A. Edwards enters the game for J. McLaughlin,,2,34,42,-8,1116.0
5:24.0,B. Bogdanović makes free throw 3 of 3,35-42, ,,2,35,42,-7,1116.0
5:07.0, ,35-42,N. Alexander-Walker misses 2-pt jump shot from 16 ft,,2,35,42,-7,1133.0
5:05.0,Defensive rebound by Team,35-42, ,,2,35,42,-7,1135.0
4:54.0,C. Capela makes 2-pt dunk from 1 ft (assist by B. Bogdanović),37-42, ,,2,37,42,-5,1146.0
4:36.0, ,37-42,Shooting foul by D. Hunter (drawn by N. Reid),,2,37,42,-5,1164.0
4:36.0, ,37-43,N. Reid makes free throw 1 of 2,,2,37,43,-6,1164.0
4:36.0,M. Gueye enters the game for D. Hunter,37-43, ,,2,37,43,-6,1164.0
4:36.0, ,37-44,N. Reid makes free throw 2 of 2,,2,37,44,-7,1164.0
4:29.0,Personal foul by N. Alexander-Walker (drawn by T. Young),37-44, ,,2,37,44,-7,1171.0
4:25.0,B. Bogdanović misses 3-pt jump shot from 25 ft,37-44, ,,2,37,44,-7,1175.0
4:23.0,Offensive rebound by M. Gueye,37-44, ,,2,37,44,-7,1177.0
4:22.0,M. Gueye misses 2-pt layup from 2 ft (block by K. Towns),37-44, ,,2,37,44,-7,1178.0
4:22.0,Offensive rebound by Team,37-44, ,,2,37,44,-7,1178.0
4:17.0,D. Murray misses 3-pt jump shot from 25 ft,37-44, ,,2,37,44,-7,1183.0
4:16.0,Offensive rebound by M. Gueye,37-44, ,,2,37,44,-7,1184.0
4:07.0,Turnover by B. Bogdanović (bad pass; steal by A. Edwards),37-44, ,,2,37,44,-7,1193.0
3:50.0, ,37-46,J. McDaniels makes 2-pt dunk from 1 ft (assist by N. Alexander-Walker),,2,37,46,-9,1210.0
3:34.0,Turnover by T. Young (bad pass; steal by A. Edwards),37-46, ,,2,37,46,-9,1226.0
3:29.0, ,37-46,A. Edwards misses 2-pt layup from 2 ft,,2,37,46,-9,1231.0
3:27.0,Defensive rebound by B. Bogdanović,37-46, ,,2,37,46,-9,1233.0
3:24.0,B. Bogdanović makes 3-pt jump shot from 26 ft (assist by D. Murray),40-46, ,,2,40,46,-6,1236.0
3:09.0, ,40-49,N. Alexander-Walker makes 3-pt jump shot from 25 ft (assist by A. Edwards),,2,40,49,-9,1251.0
2:52.0,Offensive foul by D. Murray (drawn by J. McDaniels),40-49, ,,2,40,49,-9,1268.0
2:52.0,Turnover by D. Murray (offensive foul),40-49, ,,2,40,49,-9,1268.0
2:52.0, ,40-49,Minnesota full timeout,,2,40,49,-9,1268.0
2:52.0,D. Hunter enters the game for M. Gueye,40-49, ,,2,40,49,-9,1268.0
2:52.0, ,40-49,R. Gobert enters the game for N. Reid,,2,40,49,-9,1268.0
2:33.0, ,40-51,K. Towns makes 2-pt jump shot from 7 ft (assist by A. Edwards),,2,40,51,-11,1287.0
2:12.0,C. Capela misses 2-pt layup from 1 ft,40-51, ,,2,40,51,-11,1308.0
2:08.0, ,40-51,Defensive rebound by R. Gobert,,2,40,51,-11,1312.0
2:02.0, ,40-51,J. McDaniels misses 3-pt jump shot from 23 ft,,2,40,51,-11,1318.0
2:00.0,Defensive rebound by T. Young,40-51, ,,2,40,51,-11,1320.0
1:58.0,Personal foul by A. Edwards (drawn by T. Young),40-51, ,,2,40,51,-11,1322.0
1:58.0,T. Young misses free throw 1 of 1,40-51, ,,2,40,51,-11,1322.0
1:58.0,Offensive rebound by Team,40-51, ,,2,40,51,-11,1322.0
1:58.0, ,40-51,M. Conley enters the game for A. Edwards,,2,40,51,-11,1322.0
1:47.0,D. Hunter makes 2-pt jump shot from 17 ft,42-51, ,,2,42,51,-9,1333.0
1:31.0, ,42-51,K. Towns misses 3-pt jump shot from 25 ft,,2,42,51,-9,1349.0
1:28.0,Defensive rebound by T. Young,42-51, ,,2,42,51,-9,1352.0
1:23.0,Turnover by D. Murray (lost ball; steal by N. Alexander-Walker),42-51, ,,2,42,51,-9,1357.0
1:18.0, ,42-53,K. Towns makes 2-pt dunk from 3 ft (assist by M. Conley),,2,42,53,-11,1362.0
1:00.0,D. Hunter misses 3-pt jump shot from 26 ft,42-53, ,,2,42,53,-11,1380.0
0:57.0, ,42-53,Defensive rebound by R. Gobert,,2,42,53,-11,1383.0
0:52.0, ,42-53,Offensive foul by K. Towns (drawn by D. Hunter),,2,42,53,-11,1388.0
0:52.0, ,42-53,Turnover by K. Towns (offensive foul),,2,42,53,-11,1388.0
0:52.0, ,42-53,N. Reid enters the game for K. Towns,,2,42,53,-11,1388.0
0:41.0,B. Bogdanović makes 2-pt jump shot from 11 ft (assist by T. Young),44-53, ,,2,44,53,-9,1399.0
0:34.0, ,44-53,Turnover by M. Conley (bad pass; steal by C. Capela),,2,44,53,-9,1406.0
0:27.0,C. Capela makes 2-pt layup from 1 ft (assist by T. Young),46-53, ,,2,46,53,-7,1413.0
0:07.0, ,46-56,N. Reid makes 3-pt jump shot from 25 ft (assist by M. Conley),,2,46,56,-10,1433.0
0:00.0,Shooting foul by R. Gobert (drawn by D. Murray),46-56, ,,2,46,56,-10,1440.0
0:00.0,D. Murray misses free throw 1 of 2,46-56, ,,2,46,56,-10,1440.0
0:00.0,Offensive rebound by Team,46-56, ,,2,46,56,-10,1440.0
0:00.0,D. Murray makes free throw 2 of 2,47-56, ,,2,47,56,-9,1440.0
0:00.0,End of 2nd quarter,47-56,,,2,47,56,-9,1440.0
12:00.0,Start of 3rd quarter,47-56,,,3,47,56,-9,1440.0
11:47.0, ,47-56,M. Conley misses 3-pt jump shot from 27 ft,,3,47,56,-9,1453.0
11:44.0,Defensive rebound by D. Murray,47-56, ,,3,47,56,-9,1456.0
11:29.0,D. Hunter misses 2-pt jump shot from 13 ft,47-56, ,,3,47,56,-9,1471.0
11:25.0, ,47-56,Defensive rebound by A. Edwards,,3,47,56,-9,1475.0
11:19.0, ,47-56,K. Towns misses 3-pt jump shot from 26 ft,,3,47,56,-9,1481.0
11:16.0, ,47-56,Offensive rebound by M. Conley,,3,47,56,-9,1484.0
11:12.0, ,47-56,A. Edwards misses 3-pt jump shot from 25 ft,,3,47,56,-9,1488.0
11:06.0,Defensive rebound by C. Capela,47-56, ,,3,47,56,-9,1494.0
10:52.0,B. Bogdanović makes 3-pt jump shot from 24 ft,50-56, ,,3,50,56,-6,1508.0
10:35.0, ,50-59,J. McDaniels makes 3-pt jump shot from 25 ft (assist by K. Towns),,3,50,59,-9,1525.0
10:14.0,D. Hunter makes 3-pt jump shot from 25 ft (assist by D. Murray),53-59, ,,3,53,59,-6,1546.0
9:50.0, ,53-61,R. Gobert makes 2-pt hook shot from 7 ft (assist by K. Towns),,3,53,61,-8,1570.0
9:30.0,D. Murray makes 2-pt jump shot from 16 ft (assist by T. Young),55-61, ,,3,55,61,-6,1590.0
9:08.0, ,55-64,J. McDaniels makes 3-pt jump shot from 24 ft (assist by K. Towns),,3,55,64,-9,1612.0
8:54.0,D. Hunter misses 3-pt jump shot from 25 ft,55-64, ,,3,55,64,-9,1626.0
8:53.0, ,55-64,Defensive rebound by A. Edwards,,3,55,64,-9,1627.0
8:41.0, ,55-66,M. Conley makes 2-pt jump shot from 12 ft (assist by K. Towns),,3,55,66,-11,1639.0
8:41.0, ,55-66,Shooting foul by D. Hunter (drawn by M. Conley),,3,55,66,-11,1639.0
8:41.0, ,55-67,M. Conley makes free throw 1 of 1,,3,55,67,-12,1639.0
8:30.0,D. Hunter makes 2-pt layup from 5 ft (assist by T. Young),57-67, ,,3,57,67,-10,1650.0
8:18.0, ,57-67,J. McDaniels misses 2-pt jump shot from 5 ft,,3,57,67,-10,1662.0
8:17.0, ,57-67,Offensive rebound by R. Gobert,,3,57,67,-10,1663.0
8:16.0, ,57-67,Shooting foul by C. Capela (drawn by R. Gobert),,3,57,67,-10,1664.0
8:16.0, ,57-68,R. Gobert makes free throw 1 of 2,,3,57,68,-11,1664.0
8:16.0, ,57-69,R. Gobert makes free throw 2 of 2,,3,57,69,-12,1664.0
7:55.0,T. Young misses 3-pt jump shot from 24 ft,57-69, ,,3,57,69,-12,1685.0
7:53.0,Offensive rebound by C. Capela,57-69, ,,3,57,69,-12,1687.0
7:51.0,D. Murray misses 3-pt jump shot from 24 ft,57-69, ,,3,57,69,-12,1689.0
7:48.0,Offensive rebound by D. Hunter,57-69, ,,3,57,69,-12,1692.0
7:47.0,D. Hunter misses 2-pt layup from 3 ft (block by R. Gobert),57-69, ,,3,57,69,-12,1693.0
7:45.0, ,57-69,Defensive rebound by A. Edwards,,3,57,69,-12,1695.0
7:40.0, ,57-72,M. Conley makes 3-pt jump shot from 25 ft (assist by J. McDaniels),,3,57,72,-15,1700.0
7:39.0,Atlanta full timeout,57-72, ,,3,57,72,-15,1701.0
7:39.0,G. Mathews enters the game for T. Young,57-72, ,,3,57,72,-15,1701.0
7:23.0,B. Bogdanović makes 2-pt jump shot from 12 ft (assist by C. Capela),59-72, ,,3,59,72,-13,1717.0
7:02.0, ,59-72,Shooting foul by G. Mathews (drawn by A. Edwards),,3,59,72,-13,1738.0
7:02.0, ,59-73,A. Edwards makes free throw 1 of 2,,3,59,73,-14,1738.0
7:02.0, ,59-73,K. Anderson enters the game for M. Conley,,3,59,73,-14,1738.0
7:02.0, ,59-74,A. Edwards makes free throw 2 of 2,,3,59,74,-15,1738.0
6:49.0,D. Murray misses 2-pt jump shot from 19 ft,59-74, ,,3,59,74,-15,1751.0
6:46.0, ,59-74,Defensive rebound by R. Gobert,,3,59,74,-15,1754.0
6:36.0, ,59-76,A. Edwards makes 2-pt jump shot from 15 ft,,3,59,76,-17,1764.0
6:21.0,D. Murray misses 2-pt jump shot from 16 ft,59-76, ,,3,59,76,-17,1779.0
6:17.0,Offensive rebound by D. Murray,59-76, ,,3,59,76,-17,1783.0
6:16.0,Shooting foul by J. McDaniels (drawn by B. Bogdanović),59-76, ,,3,59,76,-17,1784.0
6:16.0,B. Bogdanović makes free throw 1 of 2,60-76, ,,3,60,76,-16,1784.0
6:16.0, ,60-76,N. Reid enters the game for K. Towns,,3,60,76,-16,1784.0
6:16.0,B. Bogdanović makes free throw 2 of 2,61-76, ,,3,61,76,-15,1784.0
5:59.0, ,61-76,K. Anderson misses 2-pt jump shot from 7 ft,,3,61,76,-15,1801.0
5:58.0,Defensive rebound by C. Capela,61-76, ,,3,61,76,-15,1802.0
5:54.0,Personal foul by N. Reid (drawn by D. Hunter),61-76, ,,3,61,76,-15,1806.0
5:52.0,G. Mathews misses 3-pt jump shot from 24 ft (block by K. Anderson),61-76, ,,3,61,76,-15,1808.0
5:49.0, ,61-76,Defensive rebound by A. Edwards,,3,61,76,-15,1811.0
5:46.0, ,61-76,A. Edwards misses 3-pt jump shot from 25 ft,,3,61,76,-15,1814.0
5:44.0,Defensive rebound by Team,61-76, ,,3,61,76,-15,1816.0
5:35.0,C. Capela makes 2-pt hook shot from 5 ft (assist by D. Hunter),63-76, ,,3,63,76,-13,1825.0
5:14.0, ,63-76,J. McDaniels misses 2-pt jump shot from 7 ft,,3,63,76,-13,1846.0
5:12.0,Defensive rebound by C. Capela,63-76, ,,3,63,76,-13,1848.0
5:08.0,D. Hunter misses 3-pt jump shot from 24 ft,63-76, ,,3,63,76,-13,1852.0
5:05.0, ,63-76,Defensive rebound by R. Gobert,,3,63,76,-13,1855.0
5:04.0, ,63-76,Personal foul by C. Capela (drawn by A. Edwards),,3,63,76,-13,1856.0
5:04.0,T. Young enters the game for B. Bogdanović,63-76, ,,3,63,76,-13,1856.0
4:49.0, ,63-76,N. Reid misses 2-pt jump shot from 7 ft (block by C. Capela),,3,63,76,-13,1871.0
4:46.0,Defensive rebound by C. Capela,63-76, ,,3,63,76,-13,1874.0
4:37.0,G. Mathews misses 3-pt jump shot from 27 ft,63-76, ,,3,63,76,-13,1883.0
4:33.0, ,63-76,Defensive rebound by J. McDaniels,,3,63,76,-13,1887.0
4:28.0, ,63-76,Offensive foul by K. Anderson (drawn by C. Capela),,3,63,76,-13,1892.0
4:28.0, ,63-76,Turnover by K. Anderson (offensive foul),,3,63,76,-13,1892.0
4:28.0, ,63-76,N. Alexander-Walker enters the game for J. McDaniels,,3,63,76,-13,1892.0
4:09.0,C. Capela makes 2-pt hook shot from 6 ft,65-76, ,,3,65,76,-11,1911.0
3:55.0, ,65-76,A. Edwards misses 3-pt jump shot from 28 ft,,3,65,76,-11,1925.0
3:53.0,Defensive rebound by G. Mathews,65-76, ,,3,65,76,-11,1927.0
3:43.0,T. Young misses 2-pt layup from 5 ft (block by K. Anderson),65-76, ,,3,65,76,-11,1937.0
3:42.0, ,65-76,Defensive rebound by Team,,3,65,76,-11,1938.0
3:42.0, ,65-76,K. Towns enters the game for R. Gobert,,3,65,76,-11,1938.0
3:42.0, ,65-76,Minnesota full timeout,,3,65,76,-11,1938.0
3:42.0, ,65-76,R. Gobert enters the game for K. Towns,,3,65,76,-11,1938.0
3:42.0, ,65-76,Instant Replay (Challenge: Ruling Stands),,3,65,76,-11,1938.0
3:23.0, ,65-76,K. Towns misses 2-pt layup from 4 ft,,3,65,76,-11,1957.0
3:20.0,Defensive rebound by D. Hunter,65-76, ,,3,65,76,-11,1960.0
3:19.0,Personal foul by K. Anderson (drawn by T. Young),65-76, ,,3,65,76,-11,1961.0
3:19.0, ,65-76,M. Conley enters the game for A. Edwards,,3,65,76,-11,1961.0
3:07.0,D. Hunter makes 3-pt jump shot from 25 ft (assist by T. Young),68-76, ,,3,68,76,-8,1973.0
2:47.0, ,68-76,K. Towns misses 3-pt jump shot from 26 ft,,3,68,76,-8,1993.0
2:45.0,Defensive rebound by D. Murray,68-76, ,,3,68,76,-8,1995.0
2:38.0,D. Murray makes 2-pt jump shot from 11 ft,70-76, ,,3,70,76,-6,2002.0
2:12.0, ,70-76,N. Alexander-Walker misses 3-pt jump shot from 26 ft,,3,70,76,-6,2028.0
2:11.0,Defensive rebound by Team,70-76, ,,3,70,76,-6,2029.0
2:11.0, ,70-76,Loose ball foul by M. Conley (drawn by T. Young),,3,70,76,-6,2029.0
2:11.0,M. Gueye enters the game for G. Mathews,70-76, ,,3,70,76,-6,2029.0
1:58.0,T. Young makes 3-pt jump shot from 25 ft (assist by D. Murray),73-76, ,,3,73,76,-3,2042.0
1:38.0, ,73-78,N. Alexander-Walker makes 2-pt jump shot from 8 ft,,3,73,78,-5,2062.0
1:28.0,T. Young makes 3-pt jump shot from 29 ft,76-78, ,,3,76,78,-2,2072.0
1:11.0, ,76-80,N. Reid makes 2-pt hook shot from 5 ft (assist by K. Towns),,3,76,80,-4,2089.0
0:57.0,Shooting foul by N. Reid (drawn by D. Murray),76-80, ,,3,76,80,-4,2103.0
0:57.0,D. Murray misses free throw 1 of 2,76-80, ,,3,76,80,-4,2103.0
0:57.0,Offensive rebound by Team,76-80, ,,3,76,80,-4,2103.0
0:57.0,D. Murray makes free throw 2 of 2,77-80, ,,3,77,80,-3,2103.0
0:43.0, ,77-80,N. Alexander-Walker misses 3-pt jump shot from 26 ft,,3,77,80,-3,2117.0
0:38.0,Defensive rebound by C. Capela,77-80, ,,3,77,80,-3,2122.0
0:31.0,Personal foul by N. Alexander-Walker (drawn by T. Young),77-80, ,,3,77,80,-3,2129.0
0:31.0,T. Young makes free throw 1 of 2,78-80, ,,3,78,80,-2,2129.0
0:31.0,T. Young makes free throw 2 of 2,79-80, ,,3,79,80,-1,2129.0
0:12.0, ,79-80,N. Alexander-Walker misses 3-pt jump shot from 23 ft,,3,79,80,-1,2148.0
0:08.0, ,79-80,Offensive rebound by Team,,3,79,80,-1,2152.0
0:04.0, ,79-80,M. Conley misses 3-pt jump shot from 24 ft,,3,79,80,-1,2156.0
0:01.0,Defensive rebound by C. Capela,79-80, ,,3,79,80,-1,2159.0
0:01.0,Personal foul by N. Alexander-Walker (drawn by C. Capela),79-80, ,,3,79,80,-1,2159.0
0:01.0,C. Capela makes free throw 1 of 2,80-80, ,Tie,3,80,80,0,2159.0
0:01.0,M. Gueye misses 2-pt layup from 5 ft,80-80, ,,3,80,80,0,2159.0
0:00.0, ,80-80,Defensive rebound by N. Alexander-Walker,,3,80,80,0,2160.0
0:01.0,C. Capela misses free throw 2 of 2,80-80, ,,3,80,80,0,2159.0
0:01.0,Offensive rebound by M. Gueye,80-80, ,,3,80,80,0,2159.0
0:00.0,End of 3rd quarter,80-80,,,3,80,80,0,2160.0
12:00.0,Start of 4th quarter,80-80,,,4,80,80,0,2160.0
11:52.0,Turnover by T. Young (bad pass; steal by M. Conley),80-80, ,,4,80,80,0,2168.0
11:49.0, ,80-82,M. Conley makes 2-pt layup from 4 ft,,4,80,82,-2,2171.0
11:27.0,B. Fernando makes 2-pt layup from 4 ft (assist by T. Young),82-82, ,Tie,4,82,82,0,2193.0
10:59.0, ,82-82,N. Reid misses 2-pt jump shot from 7 ft,,4,82,82,0,2221.0
10:57.0,Defensive rebound by M. Gueye,82-82, ,,4,82,82,0,2223.0
10:50.0,T. Young makes 3-pt jump shot from 25 ft,85-82, ,Lead change,4,85,82,3,2230.0
10:41.0, ,85-82,Offensive foul by J. McLaughlin (drawn by T. Young),,4,85,82,3,2239.0
10:41.0, ,85-82,Turnover by J. McLaughlin (offensive foul),,4,85,82,3,2239.0
10:21.0,B. Bogdanović misses 2-pt jump shot from 6 ft,85-82, ,,4,85,82,3,2259.0
10:19.0, ,85-82,Defensive rebound by R. Gobert,,4,85,82,3,2261.0
10:08.0, ,85-82,M. Conley misses 2-pt layup from 5 ft,,4,85,82,3,2272.0
10:06.0,Defensive rebound by B. Fernando,85-82, ,,4,85,82,3,2274.0
9:50.0,T. Young misses 3-pt jump shot from 25 ft,85-82, ,,4,85,82,3,2290.0
9:47.0, ,85-82,Defensive rebound by M. Conley,,4,85,82,3,2293.0
9:44.0, ,85-84,J. McLaughlin makes 2-pt layup from 3 ft (assist by M. Conley),,4,85,84,1,2296.0
9:44.0,Atlanta full timeout,85-84, ,,4,85,84,1,2296.0
9:44.0,K. Bufkin enters the game for T. Young,85-84, ,,4,85,84,1,2296.0
9:33.0,Offensive foul by B. Fernando (drawn by N. Alexander-Walker),85-84, ,,4,85,84,1,2307.0
9:33.0,Turnover by B. Fernando (offensive foul),85-84, ,,4,85,84,1,2307.0
9:22.0, ,85-86,R. Gobert makes 2-pt dunk from 2 ft (assist by M. Conley),Lead change,4,85,86,-1,2318.0
9:14.0,Turnover by K. Bufkin (bad pass; steal by R. Gobert),85-86, ,,4,85,86,-1,2326.0
9:09.0, ,85-86,N. Alexander-Walker misses 3-pt jump shot from 23 ft,,4,85,86,-1,2331.0
9:06.0,Defensive rebound by K. Bufkin,85-86, ,,4,85,86,-1,2334.0
8:57.0,B. Bogdanović misses 3-pt jump shot from 26 ft,85-86, ,,4,85,86,-1,2343.0
8:52.0,Offensive rebound by B. Fernando,85-86, ,,4,85,86,-1,2348.0
8:40.0,K. Bufkin misses 2-pt jump shot from 24 ft,85-86, ,,4,85,86,-1,2360.0
8:39.0, ,85-86,Defensive rebound by R. Gobert,,4,85,86,-1,2361.0
8:23.0, ,85-86,N. Reid misses 3-pt jump shot from 25 ft,,4,85,86,-1,2377.0
8:21.0,Defensive rebound by B. Bogdanović,85-86, ,,4,85,86,-1,2379.0
8:17.0,B. Bogdanović misses 2-pt jump shot from 6 ft,85-86, ,,4,85,86,-1,2383.0
8:14.0, ,85-86,Defensive rebound by N. Reid,,4,85,86,-1,2386.0
8:03.0, ,85-88,N. Alexander-Walker makes 2-pt jump shot from 12 ft (assist by M. Conley),,4,85,88,-3,2397.0
7:47.0,B. Fernando makes 2-pt jump shot from 10 ft (assist by A. Griffin),87-88, ,,4,87,88,-1,2413.0
7:47.0,Shooting foul by R. Gobert (drawn by B. Fernando),87-88, ,,4,87,88,-1,2413.0
7:47.0,V. Krejci enters the game for B. Bogdanović,87-88, ,,4,87,88,-1,2413.0
7:47.0,G. Mathews enters the game for M. Gueye,87-88, ,,4,87,88,-1,2413.0
7:47.0, ,87-88,J. McDaniels enters the game for N. Alexander-Walker,,4,87,88,-1,2413.0
7:47.0,B. Fernando makes free throw 1 of 1,88-88, ,Tie,4,88,88,0,2413.0
7:36.0, ,88-90,R. Gobert makes 2-pt dunk at rim (assist by M. Conley),,4,88,90,-2,2424.0
7:23.0,A. Griffin misses 2-pt layup from 4 ft,88-90, ,,4,88,90,-2,2437.0
7:20.0, ,88-90,Defensive rebound by R. Gobert,,4,88,90,-2,2440.0
7:10.0, ,88-92,R. Gobert makes 2-pt dunk from 1 ft (assist by M. Conley),,4,88,92,-4,2450.0
6:46.0,A. Griffin misses 2-pt jump shot from 6 ft (block by J. McDaniels),88-92, ,,4,88,92,-4,2474.0
6:46.0,Offensive rebound by Team,88-92, ,,4,88,92,-4,2474.0
6:46.0, ,88-92,A. Edwards enters the game for M. Conley,,4,88,92,-4,2474.0
6:43.0,K. Bufkin misses 3-pt jump shot from 24 ft (block by N. Reid),88-92, ,,4,88,92,-4,2477.0
6:43.0,Offensive rebound by Team,88-92, ,,4,88,92,-4,2477.0
6:43.0,Turnover by Team (shot clock),88-92, ,,4,88,92,-4,2477.0
6:29.0, ,88-92,J. McLaughlin misses 3-pt jump shot from 26 ft,,4,88,92,-4,2491.0
6:26.0,Defensive rebound by A. Griffin,88-92, ,,4,88,92,-4,2494.0
6:21.0,A. Griffin makes 3-pt jump shot from 25 ft,91-92, ,,4,91,92,-1,2499.0
6:01.0, ,91-94,N. Reid makes 2-pt layup from 3 ft,,4,91,94,-3,2519.0
5:56.0,Turnover by V. Krejci (bad pass; steal by J. McLaughlin),91-94, ,,4,91,94,-3,2524.0
5:54.0, ,91-96,R. Gobert makes 2-pt dunk from 2 ft (assist by J. McLaughlin),,4,91,96,-5,2526.0
5:54.0,Atlanta full timeout,91-96, ,,4,91,96,-5,2526.0
5:43.0,V. Krejci makes 2-pt layup from 4 ft,93-96, ,,4,93,96,-3,2537.0
5:26.0, ,93-96,Turnover by N. Reid (out of bounds lost ball),,4,93,96,-3,2554.0
5:13.0,B. Fernando makes 2-pt jump shot from 6 ft (assist by V. Krejci),95-96, ,,4,95,96,-1,2567.0
4:49.0, ,95-96,Turnover by A. Edwards (bad pass),,4,95,96,-1,2591.0
4:39.0,V. Krejci makes 3-pt jump shot from 26 ft,98-96, ,Lead change,4,98,96,2,2601.0
4:22.0, ,98-96,A. Edwards misses 2-pt jump shot from 13 ft,,4,98,96,2,2618.0
4:20.0,Defensive rebound by K. Bufkin,98-96, ,,4,98,96,2,2620.0
3:57.0,B. Fernando misses 2-pt jump shot from 8 ft,98-96, ,,4,98,96,2,2643.0
3:55.0, ,98-96,Defensive rebound by J. McDaniels,,4,98,96,2,2645.0
3:55.0, ,98-96,M. Conley enters the game for J. McLaughlin,,4,98,96,2,2645.0
3:46.0,Jump ball: N. Reid vs. K. Bufkin (A. Edwards gains possession),98-96,,,4,98,96,2,2654.0
3:41.0, ,98-96,Shooting foul by G. Mathews (drawn by A. Edwards),,4,98,96,2,2659.0
3:41.0, ,98-97,A. Edwards makes free throw 1 of 2,,4,98,97,1,2659.0
3:41.0, ,98-97,K. Towns enters the game for N. Reid,,4,98,97,1,2659.0
3:41.0, ,98-98,A. Edwards makes free throw 2 of 2,Tie,4,98,98,0,2659.0
3:30.0,K. Bufkin makes 2-pt jump shot from 10 ft,100-98, ,,4,100,98,2,2670.0
3:30.0, ,100-98,Minnesota full timeout,,4,100,98,2,2670.0
3:30.0,M. Gueye enters the game for A. Griffin,100-98, ,,4,100,98,2,2670.0
3:15.0, ,100-98,Shooting foul by B. Fernando (drawn by R. Gobert),,4,100,98,2,2685.0
3:15.0, ,100-98,R. Gobert misses free throw 1 of 2,,4,100,98,2,2685.0
3:15.0, ,100-98,Offensive rebound by Team,,4,100,98,2,2685.0
3:15.0, ,100-98,R. Gobert misses free throw 2 of 2,,4,100,98,2,2685.0
3:15.0,Defensive rebound by Team,100-98, ,,4,100,98,2,2685.0
3:05.0,V. Krejci misses 3-pt jump shot from 27 ft,100-98, ,,4,100,98,2,2695.0
3:01.0, ,100-98,Defensive rebound by M. Conley,,4,100,98,2,2699.0
2:47.0, ,100-98,Turnover by R. Gobert (lost ball; steal by G. Mathews),,4,100,98,2,2713.0
2:43.0,Turnover by B. Fernando (bad pass),100-98, ,,4,100,98,2,2717.0
2:29.0, ,100-101,K. Towns makes 3-pt jump shot from 24 ft (assist by A. Edwards),Lead change,4,100,101,-1,2731.0
2:09.0,V. Krejci misses 2-pt layup from 2 ft (block by R. Gobert),100-101, ,,4,100,101,-1,2751.0
2:07.0, ,100-101,Defensive rebound by J. McDaniels,,4,100,101,-1,2753.0
1:56.0, ,100-103,A. Edwards makes 2-pt jump shot from 11 ft,,4,100,103,-3,2764.0
1:47.0,K. Bufkin makes 2-pt layup from 1 ft,102-103, ,,4,102,103,-1,2773.0
1:28.0, ,102-103,A. Edwards misses 3-pt jump shot from 26 ft,,4,102,103,-1,2792.0
1:28.0,Defensive rebound by Team,102-103, ,,4,102,103,-1,2792.0
1:08.0,B. Fernando misses 2-pt hook shot from 6 ft,102-103, ,,4,102,103,-1,2812.0
1:05.0, ,102-103,Defensive rebound by R. Gobert,,4,102,103,-1,2815.0
0:49.0, ,102-105,A. Edwards makes 2-pt jump shot from 13 ft,,4,102,105,-3,2831.0
0:49.0,Atlanta full timeout,102-105, ,,4,102,105,-3,2831.0
0:49.0, ,102-105,N. Alexander-Walker enters the game for M. Conley,,4,102,105,-3,2831.0
0:49.0, ,102-105,K. Anderson enters the game for K. Towns,,4,102,105,-3,2831.0
0:39.0,Turnover by V. Krejci (out of bounds lost ball),102-105, ,,4,102,105,-3,2841.0
0:39.0, ,102-105,Minnesota full timeout,,4,102,105,-3,2841.0
0:39.0, ,102-105,Instant Replay (Challenge: Ruling Stands),,4,102,105,-3,2841.0
0:39.0, ,102-105,M. Conley enters the game for N. Alexander-Walker,,4,102,105,-3,2841.0
0:39.0, ,102-105,K. Towns enters the game for K. Anderson,,4,102,105,-3,2841.0
0:25.0, ,102-105,Turnover by A. Edwards (lost ball; steal by M. Gueye),,4,102,105,-3,2855.0
0:21.0,B. Fernando makes 2-pt dunk from 2 ft (assist by V. Krejci),104-105, ,,4,104,105,-1,2859.0
0:21.0, ,104-105,Personal take foul by K. Bufkin (drawn by A. Edwards),,4,104,105,-1,2859.0
0:21.0, ,104-105,K. Anderson enters the game for J. McDaniels,,4,104,105,-1,2859.0
0:18.0, ,104-105,Personal take foul by K. Bufkin (drawn by A. Edwards),,4,104,105,-1,2862.0
0:18.0, ,104-106,A. Edwards makes free throw 1 of 2,,4,104,106,-2,2862.0
0:18.0, ,104-106,N. Alexander-Walker enters the game for M. Conley,,4,104,106,-2,2862.0
0:18.0, ,104-106,J. McDaniels enters the game for K. Towns,,4,104,106,-2,2862.0
0:18.0, ,104-107,A. Edwards makes free throw 2 of 2,,4,104,107,-3,2862.0
0:18.0,Atlanta full timeout,104-107, ,,4,104,107,-3,2862.0
0:16.0,V. Krejci misses 3-pt jump shot from 28 ft,104-107, ,,4,104,107,-3,2864.0
0:12.0, ,104-107,Defensive rebound by R. Gobert,,4,104,107,-3,2868.0
0:11.0, ,104-107,Personal take foul by M. Gueye (drawn by R. Gobert),,4,104,107,-3,2869.0
0:11.0, ,104-108,R. Gobert makes free throw 1 of 2,,4,104,108,-4,2869.0
0:11.0, ,104-109,R. Gobert makes free throw 2 of 2,,4,104,109,-5,2869.0
0:05.0,V. Krejci misses 2-pt layup from 3 ft (block by R. Gobert),104-109, ,,4,104,109,-5,2875.0
0:04.0,Offensive rebound by K. Bufkin,104-109, ,,4,104,109,-5,2876.0
0:04.0,K. Bufkin makes 2-pt layup at rim,106-109, ,,4,106,109,-3,2876.0
0:03.0, ,106-109,Personal take foul by V. Krejci (drawn by K. Anderson),,4,106,109,-3,2877.0
0:03.0, ,106-109,K. Anderson misses free throw 1 of 2,,4,106,109,-3,2877.0
0:03.0, ,106-109,Offensive rebound by Team,,4,106,109,-3,2877.0
0:03.0, ,106-109,K. Anderson misses free throw 2 of 2,,4,106,109,-3,2877.0
0:00.0, ,106-109,Offensive rebound by R. Gobert,,4,106,109,-3,2880.0
0:00.0,End of 4th quarter,106-109,,,4,106,109,-3,2880.0
