Time,Atlanta,Score,LA Lakers,Event,Quarter,TeamScore,OpponentScore,PointDifference,ElapsedTime
12:00.0,Jump ball: C. Capela vs. A. Davis (D. Russell gains possession),0-0,,,1,0,0,0,0.0
11:47.0, ,0-0,Turnover by L. James (lost ball; steal by D. Murray),,1,0,0,0,13.0
11:43.0,J. Johnson makes 2-pt dunk from 2 ft (assist by D. Murray),2-0, ,,1,2,0,2,17.0
11:43.0,Shooting foul by A. Reaves (drawn by J. Johnson),2-0, ,,1,2,0,2,17.0
11:43.0,J. Johnson misses free throw 1 of 1,2-0, ,,1,2,0,2,17.0
11:39.0,Offensive rebound by B. Bogdanović,2-0, ,,1,2,0,2,21.0
11:38.0,Turnover by D. Murray (out of bounds lost ball),2-0, ,,1,2,0,2,22.0
11:38.0,Violation by Team (delay of game),2-0, ,,1,2,0,2,22.0
11:26.0, ,2-0,L. James misses 2-pt layup from 2 ft (block by J. Johnson),,1,2,0,2,34.0
11:24.0,Defensive rebound by J. Johnson,2-0, ,,1,2,0,2,36.0
11:21.0,D. Murray misses 2-pt jump shot from 6 ft,2-0, ,,1,2,0,2,39.0
11:17.0, ,2-0,Defensive rebound by A. Davis,,1,2,0,2,43.0
11:10.0, ,2-0,D. Russell misses 3-pt jump shot from 23 ft,,1,2,0,2,50.0
11:07.0,Defensive rebound by B. Bogdanović,2-0, ,,1,2,0,2,53.0
10:56.0,B. Bogdanović makes 3-pt jump shot from 26 ft (assist by D. Murray),5-0, ,,1,5,0,5,64.0
10:43.0, ,5-0,R. Hachimura misses 2-pt layup from 4 ft,,1,5,0,5,77.0
10:41.0,Defensive rebound by C. Capela,5-0, ,,1,5,0,5,79.0
10:36.0,V. Krejci misses 3-pt jump shot from 27 ft,5-0, ,,1,5,0,5,84.0
10:31.0,Offensive rebound by J. Johnson,5-0, ,,1,5,0,5,89.0
10:29.0,J. Johnson makes 3-pt jump shot from 26 ft,8-0, ,,1,8,0,8,91.0
10:14.0, ,8-2,A. Davis makes 2-pt jump shot from 9 ft,,1,8,2,6,106.0
9:50.0,B. Bogdanović makes 3-pt jump shot from 23 ft (assist by D. Murray),11-2, ,,1,11,2,9,130.0
9:40.0, ,11-2,Turnover by D. Russell (bad pass; steal by D. Murray),,1,11,2,9,140.0
9:39.0,Turnover by B. Bogdanović (bad pass),11-2, ,,1,11,2,9,141.0
9:36.0, ,11-4,A. Davis makes 2-pt layup from 1 ft (assist by D. Russell),,1,11,4,7,144.0
9:36.0, ,11-4,Shooting foul by B. Bogdanović (drawn by A. Davis),,1,11,4,7,144.0
9:36.0, ,11-4,A. Davis misses free throw 1 of 1,,1,11,4,7,144.0
9:32.0,Defensive rebound by V. Krejci,11-4, ,,1,11,4,7,148.0
9:14.0,Turnover by B. Bogdanović (bad pass; steal by A. Davis),11-4, ,,1,11,4,7,166.0
9:04.0, ,11-6,L. James makes 2-pt hook shot from 4 ft,,1,11,6,5,176.0
8:46.0,J. Johnson misses 3-pt jump shot from 26 ft,11-6, ,,1,11,6,5,194.0
8:42.0, ,11-6,Defensive rebound by A. Reaves,,1,11,6,5,198.0
8:27.0, ,11-8,A. Davis makes 2-pt jump shot from 4 ft (assist by L. James),,1,11,8,3,213.0
8:27.0, ,11-8,Shooting foul by C. Capela (drawn by A. Davis),,1,11,8,3,213.0
8:27.0, ,11-9,A. Davis makes free throw 1 of 1,,1,11,9,2,213.0
8:12.0,D. Murray makes 2-pt jump shot from 15 ft,13-9, ,,1,13,9,4,228.0
7:58.0, ,13-9,R. Hachimura misses 3-pt jump shot from 24 ft,,1,13,9,4,242.0
7:55.0, ,13-9,Offensive rebound by A. Reaves,,1,13,9,4,245.0
7:49.0, ,13-11,R. Hachimura makes 2-pt layup from 3 ft (assist by D. Russell),,1,13,11,2,251.0
7:42.0,B. Bogdanović misses 3-pt jump shot from 23 ft,13-11, ,,1,13,11,2,258.0
7:37.0,Offensive rebound by J. Johnson,13-11, ,,1,13,11,2,263.0
7:36.0,J. Johnson misses 2-pt layup from 2 ft,13-11, ,,1,13,11,2,264.0
7:34.0, ,13-11,Defensive rebound by A. Davis,,1,13,11,2,266.0
7:34.0, ,13-13,L. James makes 2-pt jump shot from 2 ft (assist by A. Davis),Tie,1,13,13,0,266.0
7:34.0, ,13-13,Shooting foul by V. Krejci (drawn by L. James),,1,13,13,0,266.0
7:34.0, ,13-14,L. James makes free throw 1 of 1,Lead change,1,13,14,-1,266.0
7:15.0,D. Murray misses 3-pt jump shot from 28 ft,13-14, ,,1,13,14,-1,285.0
7:12.0, ,13-14,Defensive rebound by A. Davis,,1,13,14,-1,288.0
7:05.0, ,13-16,A. Reaves makes 2-pt layup from 2 ft (assist by A. Davis),,1,13,16,-3,295.0
7:05.0, ,13-16,Shooting foul by V. Krejci (drawn by A. Reaves),,1,13,16,-3,295.0
7:05.0,Atlanta full timeout,13-16, ,,1,13,16,-3,295.0
7:05.0,G. Mathews enters the game for B. Bogdanović,13-16, ,,1,13,16,-3,295.0
7:05.0, ,13-17,A. Reaves makes free throw 1 of 1,,1,13,17,-4,295.0
6:53.0,Shooting foul by A. Davis (drawn by J. Johnson),13-17, ,,1,13,17,-4,307.0
6:53.0,J. Johnson makes free throw 1 of 2,14-17, ,,1,14,17,-3,307.0
6:53.0,J. Johnson makes free throw 2 of 2,15-17, ,,1,15,17,-2,307.0
6:35.0, ,15-20,L. James makes 3-pt jump shot from 26 ft,,1,15,20,-5,325.0
6:22.0,D. Murray makes 2-pt layup from 2 ft,17-20, ,,1,17,20,-3,338.0
6:10.0, ,17-22,L. James makes 2-pt layup from 4 ft (assist by D. Russell),,1,17,22,-5,350.0
5:59.0,D. Murray makes 3-pt jump shot from 27 ft (assist by J. Johnson),20-22, ,,1,20,22,-2,361.0
5:46.0, ,20-22,Shooting foul by D. Murray (drawn by D. Russell),,1,20,22,-2,374.0
5:46.0, ,20-23,D. Russell makes free throw 1 of 2,,1,20,23,-3,374.0
5:46.0,D. Hunter enters the game for C. Capela,20-23, ,,1,20,23,-3,374.0
5:46.0,O. Okongwu enters the game for J. Johnson,20-23, ,,1,20,23,-3,374.0
5:46.0, ,20-24,D. Russell makes free throw 2 of 2,,1,20,24,-4,374.0
5:36.0,D. Hunter makes 2-pt hook shot from 3 ft (assist by D. Murray),22-24, ,,1,22,24,-2,384.0
5:20.0, ,22-24,A. Davis misses 2-pt hook shot from 6 ft,,1,22,24,-2,400.0
5:18.0,Defensive rebound by O. Okongwu,22-24, ,,1,22,24,-2,402.0
5:14.0,Personal foul by A. Reaves (drawn by D. Murray),22-24, ,,1,22,24,-2,406.0
5:14.0,T. Forrest enters the game for V. Krejci,22-24, ,,1,22,24,-2,406.0
5:14.0, ,22-24,S. Dinwiddie enters the game for D. Russell,,1,22,24,-2,406.0
4:59.0,D. Murray misses 3-pt jump shot from 29 ft,22-24, ,,1,22,24,-2,421.0
4:55.0, ,22-24,Defensive rebound by L. James,,1,22,24,-2,425.0
4:46.0, ,22-26,L. James makes 2-pt hook shot from 5 ft,,1,22,26,-4,434.0
4:36.0,Personal foul by R. Hachimura (drawn by D. Hunter),22-26, ,,1,22,26,-4,444.0
4:36.0, ,22-26,M. Christie enters the game for R. Hachimura,,1,22,26,-4,444.0
4:36.0, ,22-26,T. Prince enters the game for L. James,,1,22,26,-4,444.0
4:36.0, ,22-26,Violation by Team (delay of game),,1,22,26,-4,444.0
4:25.0,G. Mathews misses 3-pt jump shot from 24 ft,22-26, ,,1,22,26,-4,455.0
4:22.0, ,22-26,Defensive rebound by T. Prince,,1,22,26,-4,458.0
4:03.0, ,22-29,M. Christie makes 3-pt jump shot from 23 ft (assist by S. Dinwiddie),,1,22,29,-7,477.0
3:45.0,D. Murray misses 2-pt jump shot from 9 ft,22-29, ,,1,22,29,-7,495.0
3:41.0, ,22-29,Defensive rebound by A. Davis,,1,22,29,-7,499.0
3:28.0, ,22-31,A. Davis makes 2-pt jump shot from 8 ft (assist by T. Prince),,1,22,31,-9,512.0
3:15.0,Turnover by D. Murray (bad pass; steal by A. Davis),22-31, ,,1,22,31,-9,525.0
3:12.0, ,22-31,Personal foul by G. Mathews (drawn by M. Christie),,1,22,31,-9,528.0
3:12.0, ,22-31,M. Christie misses free throw 1 of 2,,1,22,31,-9,528.0
3:12.0, ,22-31,Offensive rebound by Team,,1,22,31,-9,528.0
3:12.0, ,22-32,M. Christie makes free throw 2 of 2,,1,22,32,-10,528.0
2:58.0,D. Hunter misses 2-pt layup from 2 ft (block by T. Prince),22-32, ,,1,22,32,-10,542.0
2:55.0, ,22-32,Defensive rebound by T. Prince,,1,22,32,-10,545.0
2:52.0, ,22-32,Turnover by T. Prince (lost ball; steal by O. Okongwu),,1,22,32,-10,548.0
2:41.0,G. Mathews misses 3-pt jump shot from 26 ft,22-32, ,,1,22,32,-10,559.0
2:37.0, ,22-32,Defensive rebound by A. Davis,,1,22,32,-10,563.0
2:20.0, ,22-32,A. Davis misses 2-pt jump shot from 11 ft,,1,22,32,-10,580.0
2:18.0,Defensive rebound by D. Murray,22-32, ,,1,22,32,-10,582.0
2:13.0,T. Forrest makes 2-pt layup from 3 ft (assist by D. Murray),24-32, ,,1,24,32,-8,587.0
1:49.0, ,24-34,M. Christie makes 2-pt dunk from 1 ft (assist by A. Reaves),,1,24,34,-10,611.0
1:35.0,O. Okongwu makes 2-pt hook shot from 7 ft (assist by D. Murray),26-34, ,,1,26,34,-8,625.0
1:08.0, ,26-34,T. Prince misses 3-pt jump shot from 23 ft (block by D. Hunter),,1,26,34,-8,652.0
1:04.0,Defensive rebound by T. Forrest,26-34, ,,1,26,34,-8,656.0
1:00.0,D. Murray makes 2-pt jump shot from 9 ft (assist by T. Forrest),28-34, ,,1,28,34,-6,660.0
0:42.0, ,28-36,A. Davis makes 2-pt jump shot from 17 ft,,1,28,36,-8,678.0
0:34.0,D. Murray misses 3-pt jump shot from 26 ft,28-36, ,,1,28,36,-8,686.0
0:30.0, ,28-36,Defensive rebound by A. Reaves,,1,28,36,-8,690.0
0:16.0, ,28-38,A. Reaves makes 2-pt layup from 4 ft,,1,28,38,-10,704.0
0:03.0,O. Okongwu misses 3-pt jump shot from 24 ft,28-38, ,,1,28,38,-10,717.0
0:03.0, ,28-38,Defensive rebound by T. Prince,,1,28,38,-10,717.0
0:00.0, ,28-38,A. Reaves misses 3-pt jump shot from 43 ft,,1,28,38,-10,720.0
0:00.0, ,28-38,Offensive rebound by Team,,1,28,38,-10,720.0
0:00.0,End of 1st quarter,28-38,,,1,28,38,-10,720.0
12:00.0,Start of 2nd quarter,28-38,,,2,28,38,-10,720.0
11:49.0,O. Okongwu makes 3-pt jump shot from 23 ft (assist by T. Forrest),31-38, ,,2,31,38,-7,731.0
11:33.0, ,31-38,Shooting foul by D. Hunter (drawn by J. Hayes),,2,31,38,-7,747.0
11:33.0, ,31-38,J. Hayes misses free throw 1 of 2,,2,31,38,-7,747.0
11:33.0, ,31-38,Offensive rebound by Team,,2,31,38,-7,747.0
11:33.0, ,31-39,J. Hayes makes free throw 2 of 2,,2,31,39,-8,747.0
11:14.0,J. Johnson misses 3-pt jump shot from 25 ft,31-39, ,,2,31,39,-8,766.0
11:12.0, ,31-39,Defensive rebound by M. Christie,,2,31,39,-8,768.0
10:51.0, ,31-39,M. Christie misses 3-pt jump shot from 28 ft,,2,31,39,-8,789.0
10:48.0,Defensive rebound by J. Johnson,31-39, ,,2,31,39,-8,792.0
10:40.0,J. Johnson makes 2-pt dunk from 4 ft (assist by O. Okongwu),33-39, ,,2,33,39,-6,800.0
10:15.0, ,33-42,M. Christie makes 3-pt jump shot from 23 ft (assist by D. Russell),,2,33,42,-9,825.0
10:02.0,J. Johnson makes 2-pt dunk from 3 ft (assist by T. Forrest),35-42, ,,2,35,42,-7,838.0
9:47.0, ,35-45,L. James makes 3-pt jump shot from 31 ft (assist by D. Russell),,2,35,45,-10,853.0
9:30.0,B. Bogdanović makes 2-pt jump shot from 14 ft (assist by O. Okongwu),37-45, ,,2,37,45,-8,870.0
9:10.0, ,37-45,L. James misses 3-pt jump shot from 26 ft,,2,37,45,-8,890.0
9:07.0,Defensive rebound by B. Bogdanović,37-45, ,,2,37,45,-8,893.0
9:02.0,Shooting foul by J. Hayes (drawn by B. Bogdanović),37-45, ,,2,37,45,-8,898.0
9:02.0,B. Bogdanović makes free throw 1 of 2,38-45, ,,2,38,45,-7,898.0
9:02.0,B. Fernando enters the game for O. Okongwu,38-45, ,,2,38,45,-7,898.0
9:02.0,B. Bogdanović makes free throw 2 of 2,39-45, ,,2,39,45,-6,898.0
8:42.0, ,39-45,D. Russell misses 2-pt jump shot from 5 ft (block by B. Fernando),,2,39,45,-6,918.0
8:38.0,Defensive rebound by J. Johnson,39-45, ,,2,39,45,-6,922.0
8:36.0,J. Johnson makes 2-pt layup from 2 ft,41-45, ,,2,41,45,-4,924.0
8:36.0, ,41-45,LA Lakers full timeout,,2,41,45,-4,924.0
8:36.0, ,41-45,R. Hachimura enters the game for T. Prince,,2,41,45,-4,924.0
8:13.0, ,41-45,L. James misses 3-pt jump shot from 26 ft,,2,41,45,-4,947.0
8:10.0,Defensive rebound by D. Hunter,41-45, ,,2,41,45,-4,950.0
8:06.0,D. Hunter misses 3-pt jump shot from 26 ft,41-45, ,,2,41,45,-4,954.0
8:01.0, ,41-45,Defensive rebound by D. Russell,,2,41,45,-4,959.0
7:57.0, ,41-45,D. Russell misses 2-pt layup from 3 ft,,2,41,45,-4,963.0
7:54.0,Defensive rebound by B. Fernando,41-45, ,,2,41,45,-4,966.0
7:43.0,J. Johnson misses 3-pt jump shot from 27 ft,41-45, ,,2,41,45,-4,977.0
7:40.0, ,41-45,Defensive rebound by R. Hachimura,,2,41,45,-4,980.0
7:30.0, ,41-48,D. Russell makes 3-pt jump shot from 27 ft (assist by L. James),,2,41,48,-7,990.0
7:13.0,Personal foul by M. Christie (drawn by D. Hunter),41-48, ,,2,41,48,-7,1007.0
7:13.0,G. Mathews enters the game for B. Bogdanović,41-48, ,,2,41,48,-7,1007.0
7:13.0,D. Murray enters the game for T. Forrest,41-48, ,,2,41,48,-7,1007.0
7:13.0, ,41-48,A. Davis enters the game for M. Christie,,2,41,48,-7,1007.0
7:13.0, ,41-48,A. Reaves enters the game for J. Hayes,,2,41,48,-7,1007.0
7:02.0,D. Hunter makes 2-pt jump shot from 10 ft (assist by J. Johnson),43-48, ,,2,43,48,-5,1018.0
6:57.0, ,43-48,Shooting foul by B. Fernando (drawn by D. Russell),,2,43,48,-5,1023.0
6:57.0, ,43-49,D. Russell makes free throw 1 of 2,,2,43,49,-6,1023.0
6:57.0, ,43-50,D. Russell makes free throw 2 of 2,,2,43,50,-7,1023.0
6:47.0,D. Hunter misses 3-pt jump shot from 27 ft,43-50, ,,2,43,50,-7,1033.0
6:43.0, ,43-50,Defensive rebound by R. Hachimura,,2,43,50,-7,1037.0
6:38.0, ,43-52,L. James makes 2-pt layup from 4 ft (assist by D. Russell),,2,43,52,-9,1042.0
6:33.0,Turnover by B. Fernando (bad pass; steal by A. Reaves),43-52, ,,2,43,52,-9,1047.0
6:33.0, ,43-54,L. James makes 2-pt dunk from 3 ft (assist by A. Reaves),,2,43,54,-11,1047.0
6:33.0,Atlanta full timeout,43-54, ,,2,43,54,-11,1047.0
6:33.0,C. Capela enters the game for B. Fernando,43-54, ,,2,43,54,-11,1047.0
6:33.0,V. Krejci enters the game for D. Hunter,43-54, ,,2,43,54,-11,1047.0
6:11.0,J. Johnson makes 2-pt dunk from 1 ft (assist by G. Mathews),45-54, ,,2,45,54,-9,1069.0
5:53.0, ,45-57,D. Russell makes 3-pt jump shot from 27 ft (assist by L. James),,2,45,57,-12,1087.0
5:38.0,J. Johnson misses 3-pt jump shot from 26 ft,45-57, ,,2,45,57,-12,1102.0
5:35.0, ,45-57,Defensive rebound by A. Davis,,2,45,57,-12,1105.0
5:25.0, ,45-57,Def 3 sec tech foul by Team,,2,45,57,-12,1115.0
5:25.0, ,45-58,A. Reaves makes technical free throw,,2,45,58,-13,1115.0
5:25.0,B. Bogdanović enters the game for G. Mathews,45-58, ,,2,45,58,-13,1115.0
5:16.0, ,45-58,Turnover by L. James (bad pass; steal by C. Capela),,2,45,58,-13,1124.0
5:02.0,C. Capela misses 2-pt layup from 2 ft,45-58, ,,2,45,58,-13,1138.0
5:00.0, ,45-58,Defensive rebound by R. Hachimura,,2,45,58,-13,1140.0
4:57.0, ,45-60,D. Russell makes 2-pt jump shot from 6 ft,,2,45,60,-15,1143.0
4:57.0, ,45-60,Shooting foul by B. Bogdanović (drawn by D. Russell),,2,45,60,-15,1143.0
4:57.0, ,45-61,D. Russell makes free throw 1 of 1,,2,45,61,-16,1143.0
4:46.0,D. Murray makes 2-pt jump shot from 17 ft,47-61, ,,2,47,61,-14,1154.0
4:29.0, ,47-64,R. Hachimura makes 3-pt jump shot from 23 ft (assist by L. James),,2,47,64,-17,1171.0
4:09.0,C. Capela makes 2-pt dunk from 3 ft (assist by J. Johnson),49-64, ,,2,49,64,-15,1191.0
3:45.0, ,49-64,A. Reaves misses 2-pt jump shot from 13 ft,,2,49,64,-15,1215.0
3:41.0, ,49-64,Offensive rebound by A. Davis,,2,49,64,-15,1219.0
3:41.0, ,49-66,A. Davis makes 2-pt dunk at rim,,2,49,66,-17,1219.0
3:27.0,V. Krejci makes 3-pt jump shot from 26 ft (assist by J. Johnson),52-66, ,,2,52,66,-14,1233.0
3:17.0, ,52-66,Personal foul by J. Johnson (drawn by L. James),,2,52,66,-14,1243.0
3:17.0, ,52-66,LA Lakers full timeout,,2,52,66,-14,1243.0
3:17.0,D. Hunter enters the game for V. Krejci,52-66, ,,2,52,66,-14,1243.0
3:17.0, ,52-66,S. Dinwiddie enters the game for L. James,,2,52,66,-14,1243.0
3:10.0, ,52-68,R. Hachimura makes 2-pt layup from 2 ft (assist by D. Russell),,2,52,68,-16,1250.0
2:55.0,D. Murray misses 3-pt jump shot from 25 ft,52-68, ,,2,52,68,-16,1265.0
2:51.0, ,52-68,Defensive rebound by A. Reaves,,2,52,68,-16,1269.0
2:44.0, ,52-68,R. Hachimura misses 2-pt layup from 4 ft (block by C. Capela),,2,52,68,-16,1276.0
2:38.0,Defensive rebound by J. Johnson,52-68, ,,2,52,68,-16,1282.0
2:36.0,B. Bogdanović makes 3-pt jump shot from 23 ft (assist by D. Hunter),55-68, ,,2,55,68,-13,1284.0
2:22.0, ,55-70,R. Hachimura makes 2-pt dunk from 3 ft (assist by A. Davis),,2,55,70,-15,1298.0
2:10.0,D. Hunter misses 2-pt jump shot from 9 ft,55-70, ,,2,55,70,-15,1310.0
2:05.0, ,55-70,Defensive rebound by A. Davis,,2,55,70,-15,1315.0
1:58.0, ,55-70,A. Reaves misses 3-pt jump shot from 30 ft,,2,55,70,-15,1322.0
1:53.0,Defensive rebound by C. Capela,55-70, ,,2,55,70,-15,1327.0
1:49.0,D. Hunter misses 3-pt jump shot from 25 ft,55-70, ,,2,55,70,-15,1331.0
1:45.0, ,55-70,Defensive rebound by A. Davis,,2,55,70,-15,1335.0
1:40.0, ,55-73,S. Dinwiddie makes 3-pt jump shot from 23 ft (assist by R. Hachimura),,2,55,73,-18,1340.0
1:26.0,Shooting foul by R. Hachimura (drawn by B. Bogdanović),55-73, ,,2,55,73,-18,1354.0
1:26.0,B. Bogdanović makes free throw 1 of 2,56-73, ,,2,56,73,-17,1354.0
1:26.0, ,56-73,L. James enters the game for R. Hachimura,,2,56,73,-17,1354.0
1:26.0,B. Bogdanović makes free throw 2 of 2,57-73, ,,2,57,73,-16,1354.0
1:19.0, ,57-73,A. Davis misses 2-pt layup from 6 ft,,2,57,73,-16,1361.0
1:16.0,Defensive rebound by C. Capela,57-73, ,,2,57,73,-16,1364.0
1:11.0,J. Johnson misses 3-pt jump shot from 24 ft,57-73, ,,2,57,73,-16,1369.0
1:11.0, ,57-73,Defensive rebound by L. James,,2,57,73,-16,1369.0
0:59.0, ,57-73,S. Dinwiddie misses 3-pt jump shot from 23 ft,,2,57,73,-16,1381.0
0:56.0,Defensive rebound by D. Murray,57-73, ,,2,57,73,-16,1384.0
0:48.0,Shooting foul by A. Reaves (drawn by J. Johnson),57-73, ,,2,57,73,-16,1392.0
0:48.0,J. Johnson makes free throw 1 of 2,58-73, ,,2,58,73,-15,1392.0
0:48.0, ,58-73,T. Prince enters the game for A. Reaves,,2,58,73,-15,1392.0
0:48.0,J. Johnson makes free throw 2 of 2,59-73, ,,2,59,73,-14,1392.0
0:35.0, ,59-73,Turnover by S. Dinwiddie (bad pass; steal by D. Murray),,2,59,73,-14,1405.0
0:29.0,D. Murray misses 2-pt layup from 4 ft,59-73, ,,2,59,73,-14,1411.0
0:27.0, ,59-73,Defensive rebound by A. Davis,,2,59,73,-14,1413.0
0:24.0, ,59-73,Turnover by A. Davis (bad pass; steal by D. Hunter),,2,59,73,-14,1416.0
0:04.0,J. Johnson misses 3-pt jump shot from 25 ft,59-73, ,,2,59,73,-14,1436.0
0:02.0, ,59-73,Defensive rebound by T. Prince,,2,59,73,-14,1438.0
0:00.0, ,59-73,T. Prince misses 3-pt jump shot from 42 ft,,2,59,73,-14,1440.0
0:00.0, ,59-73,Offensive rebound by Team,,2,59,73,-14,1440.0
0:00.0,End of 2nd quarter,59-73,,,2,59,73,-14,1440.0
12:00.0,Start of 3rd quarter,59-73,,,3,59,73,-14,1440.0
11:40.0,J. Johnson misses 3-pt jump shot from 27 ft,59-73, ,,3,59,73,-14,1460.0
11:35.0,Offensive rebound by C. Capela,59-73, ,,3,59,73,-14,1465.0
11:35.0,C. Capela misses 2-pt dunk at rim,59-73, ,,3,59,73,-14,1465.0
11:33.0,B. Bogdanović misses 3-pt jump shot from 23 ft,59-73, ,,3,59,73,-14,1467.0
11:30.0, ,59-73,Defensive rebound by L. James,,3,59,73,-14,1470.0
11:29.0, ,59-73,D. Russell misses 3-pt jump shot from 26 ft,,3,59,73,-14,1471.0
11:28.0,Defensive rebound by J. Johnson,59-73, ,,3,59,73,-14,1472.0
11:19.0,D. Murray misses 3-pt jump shot from 25 ft,59-73, ,,3,59,73,-14,1481.0
11:17.0,Offensive rebound by D. Murray,59-73, ,,3,59,73,-14,1483.0
11:17.0,D. Murray misses 3-pt jump shot from 26 ft,59-73, ,,3,59,73,-14,1483.0
11:17.0,Offensive rebound by Team,59-73, ,,3,59,73,-14,1483.0
11:17.0, ,59-73,Loose ball foul by R. Hachimura (drawn by C. Capela),,3,59,73,-14,1483.0
11:06.0,Turnover by C. Capela (bad pass),59-73, ,,3,59,73,-14,1494.0
10:59.0, ,59-75,R. Hachimura makes 2-pt layup from 1 ft (assist by D. Russell),,3,59,75,-16,1501.0
10:59.0, ,59-75,Shooting foul by B. Bogdanović (drawn by R. Hachimura),,3,59,75,-16,1501.0
10:59.0, ,59-76,R. Hachimura makes free throw 1 of 1,,3,59,76,-17,1501.0
10:42.0,J. Johnson makes 3-pt jump shot from 24 ft (assist by V. Krejci),62-76, ,,3,62,76,-14,1518.0
10:26.0, ,62-76,A. Reaves misses 3-pt jump shot from 27 ft,,3,62,76,-14,1534.0
10:23.0,Defensive rebound by C. Capela,62-76, ,,3,62,76,-14,1537.0
10:13.0,C. Capela misses 2-pt layup from 3 ft (block by A. Reaves),62-76, ,,3,62,76,-14,1547.0
10:13.0,Offensive rebound by Team,62-76, ,,3,62,76,-14,1547.0
10:08.0,C. Capela makes 2-pt hook shot from 2 ft (assist by D. Murray),64-76, ,,3,64,76,-12,1552.0
9:47.0, ,64-78,D. Russell makes 2-pt jump shot from 10 ft (assist by A. Davis),,3,64,78,-14,1573.0
9:29.0,C. Capela misses 2-pt jump shot from 10 ft,64-78, ,,3,64,78,-14,1591.0
9:26.0,Offensive rebound by C. Capela,64-78, ,,3,64,78,-14,1594.0
9:23.0,C. Capela makes 2-pt hook shot from 5 ft,66-78, ,,3,66,78,-12,1597.0
9:09.0, ,66-80,A. Davis makes 2-pt jump shot from 16 ft (assist by D. Russell),,3,66,80,-14,1611.0
8:51.0,Turnover by J. Johnson (lost ball; steal by D. Russell),66-80, ,,3,66,80,-14,1629.0
8:33.0, ,66-80,A. Davis misses 3-pt jump shot from 23 ft,,3,66,80,-14,1647.0
8:30.0,Defensive rebound by J. Johnson,66-80, ,,3,66,80,-14,1650.0
8:27.0,B. Bogdanović misses 2-pt layup from 2 ft,66-80, ,,3,66,80,-14,1653.0
8:24.0,Offensive rebound by C. Capela,66-80, ,,3,66,80,-14,1656.0
8:23.0,C. Capela makes 2-pt layup at rim,68-80, ,,3,68,80,-12,1657.0
8:03.0, ,68-80,L. James misses 3-pt jump shot from 25 ft,,3,68,80,-12,1677.0
8:00.0,Defensive rebound by Team,68-80, ,,3,68,80,-12,1680.0
7:46.0,B. Bogdanović misses 2-pt layup from 5 ft (block by A. Davis),68-80, ,,3,68,80,-12,1694.0
7:46.0, ,68-80,Defensive rebound by A. Reaves,,3,68,80,-12,1694.0
7:42.0, ,68-82,R. Hachimura makes 2-pt layup from 3 ft (assist by A. Reaves),,3,68,82,-14,1698.0
7:42.0, ,68-82,Shooting foul by V. Krejci (drawn by R. Hachimura),,3,68,82,-14,1698.0
7:42.0, ,68-83,R. Hachimura makes free throw 1 of 1,,3,68,83,-15,1698.0
7:28.0,B. Bogdanović makes 2-pt jump shot from 4 ft (assist by D. Murray),70-83, ,,3,70,83,-13,1712.0
7:07.0, ,70-85,A. Davis makes 2-pt dunk from 3 ft (assist by L. James),,3,70,85,-15,1733.0
6:52.0,C. Capela misses 2-pt hook shot from 5 ft,70-85, ,,3,70,85,-15,1748.0
6:50.0, ,70-85,Defensive rebound by A. Davis,,3,70,85,-15,1750.0
6:35.0, ,70-87,R. Hachimura makes 2-pt jump shot from 9 ft (assist by L. James),,3,70,87,-17,1765.0
6:35.0,Atlanta full timeout,70-87, ,,3,70,87,-17,1765.0
6:35.0,D. Hunter enters the game for B. Bogdanović,70-87, ,,3,70,87,-17,1765.0
6:35.0,G. Mathews enters the game for C. Capela,70-87, ,,3,70,87,-17,1765.0
6:35.0,O. Okongwu enters the game for J. Johnson,70-87, ,,3,70,87,-17,1765.0
6:21.0,D. Hunter misses 2-pt hook shot from 4 ft,70-87, ,,3,70,87,-17,1779.0
6:18.0, ,70-87,Defensive rebound by L. James,,3,70,87,-17,1782.0
6:08.0, ,70-87,A. Reaves misses 2-pt jump shot from 8 ft,,3,70,87,-17,1792.0
6:05.0,Defensive rebound by O. Okongwu,70-87, ,,3,70,87,-17,1795.0
5:56.0,D. Murray misses 2-pt layup from 3 ft,70-87, ,,3,70,87,-17,1804.0
5:54.0, ,70-87,Defensive rebound by L. James,,3,70,87,-17,1806.0
5:51.0, ,70-87,Shooting foul by G. Mathews (drawn by L. James),,3,70,87,-17,1809.0
5:51.0, ,70-88,L. James makes free throw 1 of 2,,3,70,88,-18,1809.0
5:51.0, ,70-88,S. Dinwiddie enters the game for D. Russell,,3,70,88,-18,1809.0
5:51.0, ,70-89,L. James makes free throw 2 of 2,,3,70,89,-19,1809.0
5:42.0,D. Murray misses 3-pt jump shot from 26 ft,70-89, ,,3,70,89,-19,1818.0
5:38.0, ,70-89,Defensive rebound by A. Reaves,,3,70,89,-19,1822.0
5:29.0, ,70-91,A. Davis makes 2-pt dunk from 3 ft (assist by A. Reaves),,3,70,91,-21,1831.0
5:12.0,D. Hunter makes 2-pt jump shot from 19 ft (assist by D. Murray),72-91, ,,3,72,91,-19,1848.0
4:49.0, ,72-93,A. Reaves makes 2-pt jump shot from 6 ft (assist by L. James),,3,72,93,-21,1871.0
4:25.0,V. Krejci makes 2-pt jump shot from 14 ft (assist by D. Hunter),74-93, ,,3,74,93,-19,1895.0
4:25.0,W. Matthews enters the game for V. Krejci,74-93, ,,3,74,93,-19,1895.0
4:25.0, ,74-93,M. Christie enters the game for R. Hachimura,,3,74,93,-19,1895.0
4:25.0, ,74-93,T. Prince enters the game for L. James,,3,74,93,-19,1895.0
4:03.0, ,74-93,Shooting foul by W. Matthews (drawn by A. Reaves),,3,74,93,-19,1917.0
4:03.0, ,74-94,A. Reaves makes free throw 1 of 2,,3,74,94,-20,1917.0
4:03.0, ,74-95,A. Reaves makes free throw 2 of 2,,3,74,95,-21,1917.0
3:52.0,D. Hunter misses 3-pt jump shot from 23 ft,74-95, ,,3,74,95,-21,1928.0
3:49.0, ,74-95,Defensive rebound by A. Davis,,3,74,95,-21,1931.0
3:45.0, ,74-97,M. Christie makes 2-pt layup from 3 ft,,3,74,97,-23,1935.0
3:29.0,O. Okongwu makes 2-pt hook shot from 4 ft (assist by W. Matthews),76-97, ,,3,76,97,-21,1951.0
3:29.0,Shooting foul by A. Davis (drawn by O. Okongwu),76-97, ,,3,76,97,-21,1951.0
3:29.0,T. Forrest enters the game for G. Mathews,76-97, ,,3,76,97,-21,1951.0
3:29.0,J. Johnson enters the game for D. Murray,76-97, ,,3,76,97,-21,1951.0
3:29.0,O. Okongwu misses free throw 1 of 1,76-97, ,,3,76,97,-21,1951.0
3:26.0, ,76-97,Defensive rebound by A. Davis,,3,76,97,-21,1954.0
3:17.0, ,76-97,T. Prince misses 3-pt jump shot from 26 ft,,3,76,97,-21,1963.0
3:13.0,Defensive rebound by O. Okongwu,76-97, ,,3,76,97,-21,1967.0
3:05.0,D. Hunter makes 2-pt jump shot from 15 ft (assist by T. Forrest),78-97, ,,3,78,97,-19,1975.0
2:46.0, ,78-99,A. Reaves makes 2-pt jump shot from 7 ft (assist by A. Davis),,3,78,99,-21,1994.0
2:30.0,W. Matthews makes 3-pt jump shot from 27 ft (assist by D. Hunter),81-99, ,,3,81,99,-18,2010.0
2:08.0, ,81-99,LA Lakers full timeout,,3,81,99,-18,2032.0
2:08.0, ,81-99,D. Russell enters the game for A. Reaves,,3,81,99,-18,2032.0
1:59.0, ,81-99,S. Dinwiddie misses 2-pt jump shot from 17 ft,,3,81,99,-18,2041.0
1:56.0,Defensive rebound by J. Johnson,81-99, ,,3,81,99,-18,2044.0
1:50.0,J. Johnson misses 3-pt jump shot from 27 ft,81-99, ,,3,81,99,-18,2050.0
1:46.0, ,81-99,Defensive rebound by D. Russell,,3,81,99,-18,2054.0
1:40.0, ,81-99,Turnover by A. Davis (lost ball; steal by O. Okongwu),,3,81,99,-18,2060.0
1:34.0,O. Okongwu makes 2-pt layup from 1 ft (assist by T. Forrest),83-99, ,,3,83,99,-16,2066.0
1:19.0, ,83-102,T. Prince makes 3-pt jump shot from 24 ft (assist by M. Christie),,3,83,102,-19,2081.0
1:02.0,O. Okongwu misses 3-pt jump shot from 27 ft,83-102, ,,3,83,102,-19,2098.0
0:59.0, ,83-102,Defensive rebound by A. Davis,,3,83,102,-19,2101.0
0:54.0,Violation by Team (kicked ball),83-102, ,,3,83,102,-19,2106.0
0:51.0, ,83-105,A. Davis makes 3-pt jump shot from 25 ft (assist by D. Russell),,3,83,105,-22,2109.0
0:40.0,J. Johnson makes 2-pt jump shot from 4 ft (assist by T. Forrest),85-105, ,,3,85,105,-20,2120.0
0:40.0,Shooting foul by T. Prince (drawn by J. Johnson),85-105, ,,3,85,105,-20,2120.0
0:40.0,J. Johnson makes free throw 1 of 1,86-105, ,,3,86,105,-19,2120.0
0:29.0, ,86-108,D. Russell makes 3-pt jump shot from 27 ft,,3,86,108,-22,2131.0
0:07.0,D. Hunter misses 2-pt layup from 5 ft,86-108, ,,3,86,108,-22,2153.0
0:05.0, ,86-108,Defensive rebound by A. Davis,,3,86,108,-22,2155.0
0:00.0, ,86-111,D. Russell makes 3-pt jump shot from 25 ft (assist by A. Davis),,3,86,111,-25,2160.0
0:00.0, ,86-111,Instant Replay (Request: Ruling Stands),,3,86,111,-25,2160.0
0:00.0,End of 3rd quarter,86-111,,,3,86,111,-25,2160.0
12:00.0,Start of 4th quarter,86-111,,,4,86,111,-25,2160.0
11:44.0, ,86-111,D. Russell misses 3-pt jump shot from 27 ft,,4,86,111,-25,2176.0
11:40.0,Defensive rebound by T. Forrest,86-111, ,,4,86,111,-25,2180.0
11:20.0,J. Johnson makes 2-pt jump shot from 11 ft,88-111, ,,4,88,111,-23,2200.0
11:05.0, ,88-114,D. Russell makes 3-pt jump shot from 26 ft (assist by L. James),,4,88,114,-26,2215.0
10:44.0,D. Hunter misses 2-pt jump shot from 14 ft,88-114, ,,4,88,114,-26,2236.0
10:41.0, ,88-114,Defensive rebound by L. James,,4,88,114,-26,2239.0
10:38.0, ,88-116,L. James makes 2-pt layup from 2 ft,,4,88,116,-28,2242.0
10:23.0,J. Johnson misses 3-pt jump shot from 27 ft,88-116, ,,4,88,116,-28,2257.0
10:19.0,Offensive rebound by T. Forrest,88-116, ,,4,88,116,-28,2261.0
10:16.0,T. Forrest misses 2-pt jump shot from 8 ft,88-116, ,,4,88,116,-28,2264.0
10:14.0, ,88-116,Defensive rebound by L. James,,4,88,116,-28,2266.0
10:12.0, ,88-119,T. Prince makes 3-pt jump shot from 28 ft (assist by L. James),,4,88,119,-31,2268.0
10:10.0,Atlanta full timeout,88-119, ,,4,88,119,-31,2270.0
10:10.0,D. Murray enters the game for T. Forrest,88-119, ,,4,88,119,-31,2270.0
9:59.0,D. Hunter misses 3-pt jump shot from 27 ft,88-119, ,,4,88,119,-31,2281.0
9:56.0, ,88-119,Defensive rebound by D. Russell,,4,88,119,-31,2284.0
9:46.0, ,88-122,D. Russell makes 3-pt jump shot from 27 ft (assist by L. James),,4,88,122,-34,2294.0
9:27.0,B. Bogdanović misses 2-pt jump shot from 6 ft,88-122, ,,4,88,122,-34,2313.0
9:25.0,Offensive rebound by O. Okongwu,88-122, ,,4,88,122,-34,2315.0
9:23.0,O. Okongwu makes 2-pt layup from 2 ft,90-122, ,,4,90,122,-32,2317.0
9:19.0, ,90-122,D. Russell misses 3-pt jump shot from 28 ft,,4,90,122,-32,2321.0
9:14.0,Defensive rebound by D. Murray,90-122, ,,4,90,122,-32,2326.0
9:11.0,D. Murray misses 3-pt jump shot from 27 ft,90-122, ,,4,90,122,-32,2329.0
9:05.0, ,90-122,Defensive rebound by D. Russell,,4,90,122,-32,2335.0
8:49.0, ,90-124,L. James makes 2-pt layup from 3 ft,,4,90,124,-34,2351.0
8:40.0,Personal take foul by D. Russell (drawn by J. Johnson),90-124, ,,4,90,124,-34,2360.0
8:40.0,C. Capela enters the game for O. Okongwu,90-124, ,,4,90,124,-34,2360.0
8:40.0, ,90-124,M. Christie enters the game for L. James,,4,90,124,-34,2360.0
8:40.0, ,90-124,R. Hachimura enters the game for D. Russell,,4,90,124,-34,2360.0
8:29.0,D. Murray makes 2-pt jump shot from 8 ft,92-124, ,,4,92,124,-32,2371.0
8:14.0, ,92-124,S. Dinwiddie misses 2-pt layup from 3 ft,,4,92,124,-32,2386.0
8:14.0,Defensive rebound by Team,92-124, ,,4,92,124,-32,2386.0
8:07.0,Personal foul by T. Prince (drawn by D. Hunter),92-124, ,,4,92,124,-32,2393.0
7:57.0,B. Bogdanović misses 2-pt jump shot from 14 ft,92-124, ,,4,92,124,-32,2403.0
7:54.0, ,92-124,Defensive rebound by T. Prince,,4,92,124,-32,2406.0
7:37.0, ,92-124,T. Prince misses 3-pt jump shot from 26 ft,,4,92,124,-32,2423.0
7:33.0,Defensive rebound by C. Capela,92-124, ,,4,92,124,-32,2427.0
7:27.0,C. Capela makes 2-pt dunk from 5 ft (assist by D. Murray),94-124, ,,4,94,124,-30,2433.0
7:11.0, ,94-124,M. Christie misses 2-pt jump shot from 14 ft,,4,94,124,-30,2449.0
7:08.0,Defensive rebound by D. Murray,94-124, ,,4,94,124,-30,2452.0
7:04.0,J. Johnson misses 2-pt layup from 4 ft,94-124, ,,4,94,124,-30,2456.0
7:01.0, ,94-124,Defensive rebound by S. Dinwiddie,,4,94,124,-30,2459.0
6:51.0, ,94-126,J. Hayes makes 2-pt dunk from 2 ft (assist by S. Dinwiddie),,4,94,126,-32,2469.0
6:47.0,Atlanta full timeout,94-126, ,,4,94,126,-32,2473.0
6:47.0,B. Fernando enters the game for B. Bogdanović,94-126, ,,4,94,126,-32,2473.0
6:47.0,T. Forrest enters the game for C. Capela,94-126, ,,4,94,126,-32,2473.0
6:47.0,V. Krejci enters the game for D. Hunter,94-126, ,,4,94,126,-32,2473.0
6:47.0,G. Mathews enters the game for J. Johnson,94-126, ,,4,94,126,-32,2473.0
6:47.0,W. Matthews enters the game for D. Murray,94-126, ,,4,94,126,-32,2473.0
6:33.0,V. Krejci misses 3-pt jump shot from 23 ft,94-126, ,,4,94,126,-32,2487.0
6:27.0, ,94-126,Defensive rebound by J. Hayes,,4,94,126,-32,2493.0
6:10.0, ,94-128,T. Prince makes 2-pt layup from 5 ft (assist by S. Dinwiddie),,4,94,128,-34,2510.0
5:46.0,B. Fernando misses 2-pt jump shot from 8 ft (block by J. Hayes),94-128, ,,4,94,128,-34,2534.0
5:44.0, ,94-128,Defensive rebound by J. Hayes,,4,94,128,-34,2536.0
5:29.0, ,94-128,T. Prince misses 3-pt jump shot from 24 ft,,4,94,128,-34,2551.0
5:27.0,Defensive rebound by T. Forrest,94-128, ,,4,94,128,-34,2553.0
5:08.0,G. Mathews misses 3-pt jump shot from 24 ft,94-128, ,,4,94,128,-34,2572.0
5:05.0, ,94-128,Defensive rebound by M. Christie,,4,94,128,-34,2575.0
5:05.0, ,94-128,LA Lakers full timeout,,4,94,128,-34,2575.0
5:05.0, ,94-128,H. Giles enters the game for S. Dinwiddie,,4,94,128,-34,2575.0
5:05.0, ,94-128,M. Lewis enters the game for R. Hachimura,,4,94,128,-34,2575.0
5:05.0, ,94-128,S. Mays enters the game for T. Prince,,4,94,128,-34,2575.0
4:46.0, ,94-128,M. Christie misses 2-pt jump shot from 13 ft (block by V. Krejci),,4,94,128,-34,2594.0
4:45.0, ,94-128,Offensive rebound by M. Christie,,4,94,128,-34,2595.0
4:45.0, ,94-128,Turnover by Team (shot clock),,4,94,128,-34,2595.0
4:29.0,W. Matthews misses 3-pt jump shot from 27 ft,94-128, ,,4,94,128,-34,2611.0
4:25.0,Offensive rebound by B. Fernando,94-128, ,,4,94,128,-34,2615.0
4:24.0,Shooting foul by S. Mays (drawn by B. Fernando),94-128, ,,4,94,128,-34,2616.0
4:24.0,B. Fernando misses free throw 1 of 2,94-128, ,,4,94,128,-34,2616.0
4:24.0,Offensive rebound by Team,94-128, ,,4,94,128,-34,2616.0
4:24.0,B. Fernando makes free throw 2 of 2,95-128, ,,4,95,128,-33,2616.0
4:13.0, ,95-128,M. Christie misses 3-pt jump shot from 24 ft,,4,95,128,-33,2627.0
4:10.0,Defensive rebound by B. Fernando,95-128, ,,4,95,128,-33,2630.0
3:58.0,B. Fernando misses 2-pt hook shot from 6 ft,95-128, ,,4,95,128,-33,2642.0
3:57.0,Offensive rebound by B. Fernando,95-128, ,,4,95,128,-33,2643.0
3:57.0,Shooting foul by J. Hayes (drawn by B. Fernando),95-128, ,,4,95,128,-33,2643.0
3:57.0,B. Fernando makes free throw 1 of 2,96-128, ,,4,96,128,-32,2643.0
3:57.0,B. Fernando makes free throw 2 of 2,97-128, ,,4,97,128,-31,2643.0
3:44.0, ,97-130,H. Giles makes 2-pt layup from 2 ft (assist by M. Lewis),,4,97,130,-33,2656.0
3:35.0,Turnover by T. Forrest (bad pass; steal by S. Mays),97-130, ,,4,97,130,-33,2665.0
3:31.0, ,97-132,J. Hayes makes 2-pt dunk from 1 ft (assist by S. Mays),,4,97,132,-35,2669.0
3:09.0,Turnover by V. Krejci (bad pass; steal by S. Mays),97-132, ,,4,97,132,-35,2691.0
3:04.0, ,97-132,Turnover by S. Mays (bad pass; steal by W. Matthews),,4,97,132,-35,2696.0
3:00.0,V. Krejci makes 2-pt dunk from 4 ft (assist by W. Matthews),99-132, ,,4,99,132,-33,2700.0
2:47.0, ,99-134,S. Mays makes 2-pt dunk from 5 ft (assist by M. Lewis),,4,99,134,-35,2713.0
2:27.0,V. Krejci makes 2-pt layup from 3 ft (assist by B. Fernando),101-134, ,,4,101,134,-33,2733.0
2:06.0, ,101-134,S. Mays misses 2-pt jump shot from 12 ft,,4,101,134,-33,2754.0
2:03.0,Defensive rebound by B. Fernando,101-134, ,,4,101,134,-33,2757.0
1:47.0,V. Krejci makes 2-pt jump shot from 15 ft (assist by B. Fernando),103-134, ,,4,103,134,-31,2773.0
1:32.0, ,103-134,J. Hayes misses 2-pt dunk from 6 ft,,4,103,134,-31,2788.0
1:32.0,Defensive rebound by Team,103-134, ,,4,103,134,-31,2788.0
1:12.0,B. Fernando makes 2-pt layup from 3 ft (assist by W. Matthews),105-134, ,,4,105,134,-29,2808.0
1:00.0, ,105-134,M. Lewis misses 3-pt jump shot from 26 ft,,4,105,134,-29,2820.0
0:57.0,Defensive rebound by B. Fernando,105-134, ,,4,105,134,-29,2823.0
0:42.0,V. Krejci misses 2-pt jump shot from 14 ft,105-134, ,,4,105,134,-29,2838.0
0:39.0, ,105-134,Defensive rebound by H. Giles,,4,105,134,-29,2841.0
0:22.0, ,105-134,M. Christie misses 2-pt jump shot from 5 ft,,4,105,134,-29,2858.0
0:22.0, ,105-134,Offensive rebound by J. Hayes,,4,105,134,-29,2858.0
0:22.0, ,105-136,J. Hayes makes 2-pt dunk from 2 ft,,4,105,136,-31,2858.0
0:00.0,End of 4th quarter,105-136,,,4,105,136,-31,2880.0
