Time,Miami,Score,Dallas,Event,Quarter,MiamiScore,OpponentScore,PointDifference,ElapsedTime
12:00.0,Jump ball: B. Adebayo vs. D. Powell (S. Dinwiddie gains possession),0-0,,,1,0,0,0,0.0
11:43.0, ,0-0,L. Dončić misses 2-pt jump shot from 18 ft,,1,0,0,0,17.0
11:41.0,Defensive rebound by T. Herro,0-0, ,,1,0,0,0,19.0
11:24.0,B. Adebayo misses 2-pt jump shot from 20 ft,0-0, ,,1,0,0,0,36.0
11:21.0, ,0-0,Defensive rebound by T. Hardaway,,1,0,0,0,39.0
11:13.0, ,0-0,L. Dončić misses 2-pt jump shot from 2 ft,,1,0,0,0,47.0
11:11.0,Defensive rebound by B. Adebayo,0-0, ,,1,0,0,0,49.0
11:06.0,K. Lowry makes 2-pt layup from 1 ft,2-0, ,,1,2,0,2,54.0
10:48.0, ,2-2,S. Dinwiddie makes 2-pt jump shot from 15 ft,Tie,1,2,2,0,72.0
10:30.0,Turnover by C. Martin (step out of bounds),2-2, ,,1,2,2,0,90.0
10:15.0, ,2-2,T. Hardaway misses 2-pt jump shot from 15 ft,,1,2,2,0,105.0
10:12.0,Defensive rebound by C. Martin,2-2, ,,1,2,2,0,108.0
9:53.0,J. Butler misses 2-pt layup from 1 ft,2-2, ,,1,2,2,0,127.0
9:51.0, ,2-2,Defensive rebound by Team,,1,2,2,0,129.0
9:36.0, ,2-4,D. Powell makes 2-pt hook shot from 4 ft (assist by L. Dončić),Lead change,1,2,4,-2,144.0
9:24.0,B. Adebayo misses 2-pt jump shot from 10 ft,2-4, ,,1,2,4,-2,156.0
9:22.0, ,2-4,Defensive rebound by D. Finney-Smith,,1,2,4,-2,158.0
9:15.0, ,2-4,T. Hardaway misses 3-pt jump shot from 26 ft,,1,2,4,-2,165.0
9:14.0, ,2-4,Offensive rebound by D. Powell,,1,2,4,-2,166.0
9:14.0, ,2-6,D. Powell makes 2-pt layup at rim,,1,2,6,-4,166.0
9:01.0, ,2-6,Violation by Team (kicked ball),,1,2,6,-4,179.0
8:56.0,T. Herro misses 2-pt layup from 4 ft,2-6, ,,1,2,6,-4,184.0
8:55.0,Offensive rebound by B. Adebayo,2-6, ,,1,2,6,-4,185.0
8:55.0,Shooting foul by T. Hardaway (drawn by B. Adebayo),2-6, ,,1,2,6,-4,185.0
8:55.0,B. Adebayo makes free throw 1 of 2,3-6, ,,1,3,6,-3,185.0
8:55.0,B. Adebayo makes free throw 2 of 2,4-6, ,,1,4,6,-2,185.0
8:39.0, ,4-8,L. Dončić makes 2-pt layup from 1 ft,,1,4,8,-4,201.0
8:25.0,T. Herro makes 2-pt jump shot from 10 ft (assist by B. Adebayo),6-8, ,,1,6,8,-2,215.0
8:18.0, ,6-8,S. Dinwiddie misses 3-pt jump shot from 25 ft,,1,6,8,-2,222.0
8:16.0,Defensive rebound by T. Herro,6-8, ,,1,6,8,-2,224.0
8:11.0,Personal foul by S. Dinwiddie (drawn by B. Adebayo),6-8, ,,1,6,8,-2,229.0
8:11.0, ,6-8,R. Bullock enters the game for D. Finney-Smith,,1,6,8,-2,229.0
7:54.0,J. Butler misses 2-pt jump shot from 9 ft,6-8, ,,1,6,8,-2,246.0
7:53.0, ,6-8,Defensive rebound by D. Powell,,1,6,8,-2,247.0
7:36.0,Violation by Team (kicked ball),6-8, ,,1,6,8,-2,264.0
7:28.0, ,6-11,L. Dončić makes 3-pt jump shot from 27 ft,,1,6,11,-5,272.0
7:15.0,Shooting foul by R. Bullock (drawn by J. Butler),6-11, ,,1,6,11,-5,285.0
7:15.0,J. Butler makes free throw 1 of 2,7-11, ,,1,7,11,-4,285.0
7:15.0,J. Butler makes free throw 2 of 2,8-11, ,,1,8,11,-3,285.0
6:53.0, ,8-11,R. Bullock misses 2-pt jump shot from 15 ft,,1,8,11,-3,307.0
6:51.0, ,8-11,Offensive rebound by D. Powell,,1,8,11,-3,309.0
6:49.0, ,8-11,S. Dinwiddie misses 3-pt jump shot from 26 ft,,1,8,11,-3,311.0
6:45.0,Defensive rebound by K. Lowry,8-11, ,,1,8,11,-3,315.0
6:34.0,B. Adebayo misses 2-pt jump shot from 12 ft,8-11, ,,1,8,11,-3,326.0
6:32.0,Offensive rebound by K. Lowry,8-11, ,,1,8,11,-3,328.0
6:23.0,Turnover by C. Martin (bad pass; steal by R. Bullock),8-11, ,,1,8,11,-3,337.0
6:14.0, ,8-14,T. Hardaway makes 3-pt jump shot from 25 ft (assist by R. Bullock),,1,8,14,-6,346.0
5:52.0,B. Adebayo misses 2-pt layup from 1 ft,8-14, ,,1,8,14,-6,368.0
5:49.0, ,8-14,Defensive rebound by L. Dončić,,1,8,14,-6,371.0
5:43.0, ,8-14,T. Hardaway misses 3-pt jump shot from 26 ft,,1,8,14,-6,377.0
5:40.0,Defensive rebound by T. Herro,8-14, ,,1,8,14,-6,380.0
5:33.0,Shooting foul by S. Dinwiddie (drawn by T. Herro),8-14, ,,1,8,14,-6,387.0
5:33.0, ,8-14,Dallas full timeout,,1,8,14,-6,387.0
5:33.0,V. Oladipo enters the game for B. Adebayo,8-14, ,,1,8,14,-6,387.0
5:33.0,O. Robinson enters the game for C. Martin,8-14, ,,1,8,14,-6,387.0
5:33.0, ,8-14,D. Finney-Smith enters the game for S. Dinwiddie,,1,8,14,-6,387.0
5:33.0, ,8-14,J. Green enters the game for D. Powell,,1,8,14,-6,387.0
5:33.0,T. Herro misses free throw 1 of 2,8-14, ,,1,8,14,-6,387.0
5:33.0,Offensive rebound by Team,8-14, ,,1,8,14,-6,387.0
5:33.0,T. Herro makes free throw 2 of 2,9-14, ,,1,9,14,-5,387.0
5:16.0, ,9-17,R. Bullock makes 3-pt jump shot from 25 ft (assist by D. Finney-Smith),,1,9,17,-8,404.0
4:55.0,J. Butler makes 2-pt jump shot from 6 ft,11-17, ,,1,11,17,-6,425.0
4:41.0, ,11-17,Personal foul by O. Robinson (drawn by L. Dončić),,1,11,17,-6,439.0
4:34.0, ,11-17,L. Dončić misses 2-pt jump shot from 10 ft,,1,11,17,-6,446.0
4:32.0,Defensive rebound by O. Robinson,11-17, ,,1,11,17,-6,448.0
4:27.0,K. Lowry makes 2-pt hook shot from 3 ft,13-17, ,,1,13,17,-4,453.0
4:14.0, ,13-20,R. Bullock makes 3-pt jump shot from 25 ft (assist by D. Finney-Smith),,1,13,20,-7,466.0
3:55.0,Shooting foul by T. Hardaway (drawn by T. Herro),13-20, ,,1,13,20,-7,485.0
3:55.0,T. Herro makes free throw 1 of 2,14-20, ,,1,14,20,-6,485.0
3:55.0,T. Herro makes free throw 2 of 2,15-20, ,,1,15,20,-5,485.0
3:43.0, ,15-20,Def 3 sec tech foul by Team,,1,15,20,-5,497.0
3:43.0, ,15-20,L. Dončić misses technical free throw,,1,15,20,-5,497.0
3:43.0, ,15-20,Offensive rebound by Team,,1,15,20,-5,497.0
3:43.0,M. Strus enters the game for T. Herro,15-20, ,,1,15,20,-5,497.0
3:43.0,G. Vincent enters the game for K. Lowry,15-20, ,,1,15,20,-5,497.0
3:29.0, ,15-22,D. Finney-Smith makes 2-pt layup from 5 ft (assist by L. Dončić),,1,15,22,-7,511.0
3:11.0,V. Oladipo misses 3-pt jump shot from 25 ft,15-22, ,,1,15,22,-7,529.0
3:07.0, ,15-22,Defensive rebound by J. Green,,1,15,22,-7,533.0
3:00.0, ,15-22,Personal foul by G. Vincent (drawn by L. Dončić),,1,15,22,-7,540.0
3:00.0,B. Adebayo enters the game for J. Butler,15-22, ,,1,15,22,-7,540.0
3:00.0,C. Martin enters the game for O. Robinson,15-22, ,,1,15,22,-7,540.0
2:51.0, ,15-22,T. Hardaway misses 2-pt jump shot from 14 ft,,1,15,22,-7,549.0
2:49.0,Defensive rebound by M. Strus,15-22, ,,1,15,22,-7,551.0
2:32.0,V. Oladipo makes 2-pt jump shot from 8 ft (assist by G. Vincent),17-22, ,,1,17,22,-5,568.0
2:12.0, ,17-22,Shooting foul by C. Martin (drawn by L. Dončić),,1,17,22,-5,588.0
2:12.0,Miami full timeout,17-22, ,,1,17,22,-5,588.0
2:12.0, ,17-22,D. Powell enters the game for T. Hardaway,,1,17,22,-5,588.0
2:12.0, ,17-23,L. Dončić makes free throw 1 of 3,,1,17,23,-6,588.0
2:12.0, ,17-24,L. Dončić makes free throw 2 of 3,,1,17,24,-7,588.0
2:12.0, ,17-25,L. Dončić makes free throw 3 of 3,,1,17,25,-8,588.0
2:01.0,B. Adebayo misses 2-pt jump shot from 12 ft,17-25, ,,1,17,25,-8,599.0
1:58.0, ,17-25,Defensive rebound by L. Dončić,,1,17,25,-8,602.0
1:35.0, ,17-25,J. Green misses 3-pt jump shot from 26 ft,,1,17,25,-8,625.0
1:30.0,Defensive rebound by C. Martin,17-25, ,,1,17,25,-8,630.0
1:23.0,V. Oladipo makes 2-pt jump shot from 11 ft (assist by B. Adebayo),19-25, ,,1,19,25,-6,637.0
1:05.0, ,19-25,L. Dončić misses 2-pt jump shot from 16 ft,,1,19,25,-6,655.0
1:01.0,Defensive rebound by B. Adebayo,19-25, ,,1,19,25,-6,659.0
0:48.0,M. Strus misses 3-pt jump shot from 23 ft,19-25, ,,1,19,25,-6,672.0
0:46.0, ,19-25,Defensive rebound by L. Dončić,,1,19,25,-6,674.0
0:40.0, ,19-25,R. Bullock misses 3-pt jump shot from 23 ft,,1,19,25,-6,680.0
0:37.0, ,19-25,Offensive rebound by R. Bullock,,1,19,25,-6,683.0
0:27.0, ,19-28,D. Finney-Smith makes 3-pt jump shot from 26 ft (assist by L. Dončić),,1,19,28,-9,693.0
0:03.0,M. Strus misses 3-pt jump shot from 29 ft,19-28, ,,1,19,28,-9,717.0
0:03.0,Offensive rebound by Team,19-28, ,,1,19,28,-9,717.0
0:03.0,Turnover by Team (shot clock),19-28, ,,1,19,28,-9,717.0
0:01.0, ,19-31,L. Dončić makes 3-pt jump shot from 37 ft (assist by J. Green),,1,19,31,-12,719.0
0:00.0, ,19-31,Instant Replay (Request: Ruling Stands),,1,19,31,-12,720.0
0:00.0,End of 1st quarter,19-31,,,1,19,31,-12,720.0
12:00.0,Start of 2nd quarter,19-31,,,2,19,31,-12,720.0
11:48.0,Turnover by B. Adebayo (traveling),19-31, ,,2,19,31,-12,732.0
11:35.0, ,19-31,Shooting foul by V. Oladipo (drawn by J. Green),,2,19,31,-12,745.0
11:35.0, ,19-32,J. Green makes free throw 1 of 2,,2,19,32,-13,745.0
11:35.0, ,19-33,J. Green makes free throw 2 of 2,,2,19,33,-14,745.0
11:23.0,Turnover by G. Vincent (bad pass; steal by D. Bertāns),19-33, ,,2,19,33,-14,757.0
11:07.0, ,19-36,S. Dinwiddie makes 3-pt jump shot from 24 ft,,2,19,36,-17,773.0
10:55.0,Turnover by M. Strus (bad pass; steal by D. Powell),19-36, ,,2,19,36,-17,785.0
10:50.0, ,19-36,Turnover by D. Bertāns (bad pass; steal by V. Oladipo),,2,19,36,-17,790.0
10:44.0,B. Adebayo makes 2-pt layup from 1 ft (assist by V. Oladipo),21-36, ,,2,21,36,-15,796.0
10:23.0, ,21-36,S. Dinwiddie misses 3-pt jump shot from 25 ft,,2,21,36,-15,817.0
10:21.0, ,21-36,Offensive rebound by D. Powell,,2,21,36,-15,819.0
10:21.0, ,21-36,Turnover by D. Powell (bad pass),,2,21,36,-15,819.0
10:14.0,G. Vincent misses 3-pt jump shot from 25 ft,21-36, ,,2,21,36,-15,826.0
10:11.0, ,21-36,Defensive rebound by J. Green,,2,21,36,-15,829.0
10:07.0, ,21-36,Shooting foul by G. Vincent (drawn by S. Dinwiddie),,2,21,36,-15,833.0
10:07.0, ,21-37,S. Dinwiddie makes free throw 1 of 2,,2,21,37,-16,833.0
10:07.0, ,21-37,J. Hardy enters the game for R. Bullock,,2,21,37,-16,833.0
10:07.0, ,21-38,S. Dinwiddie makes free throw 2 of 2,,2,21,38,-17,833.0
9:50.0,V. Oladipo makes 2-pt hook shot from 7 ft,23-38, ,,2,23,38,-15,850.0
9:31.0, ,23-38,J. Hardy misses 2-pt layup from 2 ft,,2,23,38,-15,869.0
9:28.0,Defensive rebound by C. Martin,23-38, ,,2,23,38,-15,872.0
9:23.0,Personal foul by D. Bertāns (drawn by B. Adebayo),23-38, ,,2,23,38,-15,877.0
9:18.0,Shooting foul by J. Green (drawn by B. Adebayo),23-38, ,,2,23,38,-15,882.0
9:18.0,B. Adebayo makes free throw 1 of 2,24-38, ,,2,24,38,-14,882.0
9:18.0,B. Adebayo makes free throw 2 of 2,25-38, ,,2,25,38,-13,882.0
8:57.0, ,25-41,J. Green makes 3-pt jump shot from 23 ft (assist by S. Dinwiddie),,2,25,41,-16,903.0
8:49.0,B. Adebayo makes 2-pt jump shot from 5 ft,27-41, ,,2,27,41,-14,911.0
8:36.0, ,27-43,S. Dinwiddie makes 2-pt jump shot from 14 ft,,2,27,43,-16,924.0
8:18.0,G. Vincent makes 3-pt jump shot from 28 ft (assist by C. Martin),30-43, ,,2,30,43,-13,942.0
8:05.0, ,30-43,Shooting foul by M. Strus (drawn by S. Dinwiddie),,2,30,43,-13,955.0
8:05.0, ,30-44,S. Dinwiddie makes free throw 1 of 2,,2,30,44,-14,955.0
8:05.0,T. Herro enters the game for M. Strus,30-44, ,,2,30,44,-14,955.0
8:05.0, ,30-45,S. Dinwiddie makes free throw 2 of 2,,2,30,45,-15,955.0
7:54.0,V. Oladipo makes 2-pt jump shot from 10 ft,32-45, ,,2,32,45,-13,966.0
7:36.0, ,32-47,D. Bertāns makes 2-pt jump shot from 9 ft,,2,32,47,-15,984.0
7:18.0,T. Herro makes 2-pt jump shot from 11 ft,34-47, ,,2,34,47,-13,1002.0
6:54.0, ,34-47,J. Hardy misses 2-pt layup from 2 ft,,2,34,47,-13,1026.0
6:51.0,Defensive rebound by T. Herro,34-47, ,,2,34,47,-13,1029.0
6:47.0,V. Oladipo makes 3-pt jump shot from 25 ft (assist by T. Herro),37-47, ,,2,37,47,-10,1033.0
6:47.0, ,37-47,Dallas full timeout,,2,37,47,-10,1033.0
6:47.0,J. Butler enters the game for B. Adebayo,37-47, ,,2,37,47,-10,1033.0
6:47.0,O. Robinson enters the game for C. Martin,37-47, ,,2,37,47,-10,1033.0
6:47.0, ,37-47,R. Bullock enters the game for D. Bertāns,,2,37,47,-10,1033.0
6:47.0, ,37-47,L. Dončić enters the game for J. Green,,2,37,47,-10,1033.0
6:47.0, ,37-47,D. Finney-Smith enters the game for J. Hardy,,2,37,47,-10,1033.0
6:47.0, ,37-47,T. Hardaway enters the game for D. Powell,,2,37,47,-10,1033.0
6:22.0, ,37-47,D. Finney-Smith misses 2-pt jump shot from 7 ft,,2,37,47,-10,1058.0
6:19.0,Defensive rebound by O. Robinson,37-47, ,,2,37,47,-10,1061.0
6:01.0,T. Herro misses 2-pt jump shot from 5 ft,37-47, ,,2,37,47,-10,1079.0
6:00.0, ,37-47,Defensive rebound by L. Dončić,,2,37,47,-10,1080.0
5:45.0, ,37-47,S. Dinwiddie misses 3-pt jump shot from 29 ft,,2,37,47,-10,1095.0
5:42.0,Defensive rebound by T. Herro,37-47, ,,2,37,47,-10,1098.0
5:27.0,G. Vincent misses 3-pt jump shot from 23 ft,37-47, ,,2,37,47,-10,1113.0
5:25.0, ,37-47,Defensive rebound by L. Dončić,,2,37,47,-10,1115.0
5:19.0, ,37-50,L. Dončić makes 3-pt jump shot from 26 ft,,2,37,50,-13,1121.0
4:56.0,V. Oladipo makes 2-pt layup from 2 ft,39-50, ,,2,39,50,-11,1144.0
4:39.0, ,39-53,R. Bullock makes 3-pt jump shot from 23 ft (assist by L. Dončić),,2,39,53,-14,1161.0
4:12.0,Shooting foul by D. Finney-Smith (drawn by J. Butler),39-53, ,,2,39,53,-14,1188.0
4:12.0,J. Butler makes free throw 1 of 2,40-53, ,,2,40,53,-13,1188.0
4:12.0,B. Adebayo enters the game for V. Oladipo,40-53, ,,2,40,53,-13,1188.0
4:12.0,K. Lowry enters the game for O. Robinson,40-53, ,,2,40,53,-13,1188.0
4:12.0,C. Martin enters the game for G. Vincent,40-53, ,,2,40,53,-13,1188.0
4:12.0, ,40-53,J. Green enters the game for S. Dinwiddie,,2,40,53,-13,1188.0
4:12.0,J. Butler makes free throw 2 of 2,41-53, ,,2,41,53,-12,1188.0
3:53.0, ,41-56,L. Dončić makes 3-pt jump shot from 28 ft,,2,41,56,-15,1207.0
3:39.0,Personal foul by D. Finney-Smith (drawn by B. Adebayo),41-56, ,,2,41,56,-15,1221.0
3:39.0, ,41-56,D. Powell enters the game for R. Bullock,,2,41,56,-15,1221.0
3:28.0,T. Herro makes 2-pt jump shot from 11 ft,43-56, ,,2,43,56,-13,1232.0
3:06.0, ,43-56,L. Dončić misses 2-pt jump shot from 7 ft,,2,43,56,-13,1254.0
3:04.0,Defensive rebound by K. Lowry,43-56, ,,2,43,56,-13,1256.0
3:03.0,J. Butler misses 2-pt jump shot from 7 ft,43-56, ,,2,43,56,-13,1257.0
3:01.0, ,43-56,Defensive rebound by Team,,2,43,56,-13,1259.0
3:01.0,Loose ball foul by B. Adebayo (drawn by D. Powell),43-56, ,,2,43,56,-13,1259.0
2:48.0, ,43-58,L. Dončić makes 2-pt jump shot from 8 ft (assist by J. Green),,2,43,58,-15,1272.0
2:35.0,T. Herro makes 2-pt jump shot from 15 ft,45-58, ,,2,45,58,-13,1285.0
2:22.0, ,45-58,J. Green misses 2-pt jump shot from 6 ft,,2,45,58,-13,1298.0
2:19.0, ,45-58,Offensive rebound by J. Green,,2,45,58,-13,1301.0
2:13.0, ,45-58,T. Hardaway misses 3-pt jump shot from 25 ft,,2,45,58,-13,1307.0
2:10.0,Defensive rebound by B. Adebayo,45-58, ,,2,45,58,-13,1310.0
2:05.0,B. Adebayo misses 2-pt layup from 4 ft,45-58, ,,2,45,58,-13,1315.0
2:03.0,Offensive rebound by J. Butler,45-58, ,,2,45,58,-13,1317.0
2:03.0,Shooting foul by J. Green (drawn by J. Butler),45-58, ,,2,45,58,-13,1317.0
2:03.0,Miami full timeout,45-58, ,,2,45,58,-13,1317.0
2:03.0,V. Oladipo enters the game for C. Martin,45-58, ,,2,45,58,-13,1317.0
2:03.0, ,45-58,S. Dinwiddie enters the game for T. Hardaway,,2,45,58,-13,1317.0
2:03.0,J. Butler makes free throw 1 of 2,46-58, ,,2,46,58,-12,1317.0
2:03.0,J. Butler makes free throw 2 of 2,47-58, ,,2,47,58,-11,1317.0
1:51.0, ,47-58,Personal foul by J. Butler (drawn by L. Dončić),,2,47,58,-11,1329.0
1:51.0, ,47-58,L. Dončić misses free throw 1 of 2,,2,47,58,-11,1329.0
1:51.0, ,47-58,Offensive rebound by Team,,2,47,58,-11,1329.0
1:51.0, ,47-58,L. Dončić misses free throw 2 of 2,,2,47,58,-11,1329.0
1:48.0,Defensive rebound by J. Butler,47-58, ,,2,47,58,-11,1332.0
1:29.0,T. Herro misses 3-pt jump shot from 26 ft,47-58, ,,2,47,58,-11,1351.0
1:25.0,Offensive rebound by B. Adebayo,47-58, ,,2,47,58,-11,1355.0
1:25.0,B. Adebayo makes 2-pt layup at rim,49-58, ,,2,49,58,-9,1355.0
1:13.0, ,49-58,J. Green misses 3-pt jump shot from 24 ft,,2,49,58,-9,1367.0
1:13.0, ,49-58,Offensive rebound by Team,,2,49,58,-9,1367.0
1:12.0, ,49-58,Shooting foul by K. Lowry (drawn by D. Finney-Smith),,2,49,58,-9,1368.0
1:12.0, ,49-59,D. Finney-Smith makes free throw 1 of 2,,2,49,59,-10,1368.0
1:12.0, ,49-60,D. Finney-Smith makes free throw 2 of 2,,2,49,60,-11,1368.0
1:00.0,Turnover by J. Butler (out of bounds lost ball),49-60, ,,2,49,60,-11,1380.0
0:45.0, ,49-60,L. Dončić misses 2-pt jump shot from 11 ft,,2,49,60,-11,1395.0
0:43.0,Defensive rebound by B. Adebayo,49-60, ,,2,49,60,-11,1397.0
0:32.0,T. Herro makes 2-pt hook shot from 3 ft (assist by J. Butler),51-60, ,,2,51,60,-9,1408.0
0:12.0, ,51-60,Turnover by J. Green (bad pass; steal by J. Butler),,2,51,60,-9,1428.0
0:00.0,K. Lowry misses 2-pt jump shot from 13 ft,51-60, ,,2,51,60,-9,1440.0
0:00.0,Offensive rebound by Team,51-60, ,,2,51,60,-9,1440.0
0:00.0,End of 2nd quarter,51-60,,,2,51,60,-9,1440.0
12:00.0,Start of 3rd quarter,51-60,,,3,51,60,-9,1440.0
11:41.0,C. Martin makes 3-pt jump shot from 25 ft (assist by K. Lowry),54-60, ,,3,54,60,-6,1459.0
11:13.0, ,54-60,T. Hardaway misses 2-pt jump shot from 19 ft,,3,54,60,-6,1487.0
11:10.0,Defensive rebound by C. Martin,54-60, ,,3,54,60,-6,1490.0
11:05.0,T. Herro misses 3-pt jump shot from 24 ft,54-60, ,,3,54,60,-6,1495.0
11:02.0, ,54-60,Defensive rebound by L. Dončić,,3,54,60,-6,1498.0
10:55.0, ,54-60,S. Dinwiddie misses 3-pt jump shot from 25 ft,,3,54,60,-6,1505.0
10:52.0,Defensive rebound by C. Martin,54-60, ,,3,54,60,-6,1508.0
10:42.0,Turnover by T. Herro (traveling),54-60, ,,3,54,60,-6,1518.0
10:42.0,Violation by Team (delay of game),54-60, ,,3,54,60,-6,1518.0
10:23.0, ,54-63,S. Dinwiddie makes 3-pt jump shot from 23 ft (assist by T. Hardaway),,3,54,63,-9,1537.0
10:07.0,C. Martin misses 2-pt jump shot from 14 ft,54-63, ,,3,54,63,-9,1553.0
10:04.0, ,54-63,Defensive rebound by L. Dončić,,3,54,63,-9,1556.0
9:53.0, ,54-65,L. Dončić makes 2-pt jump shot from 9 ft,,3,54,65,-11,1567.0
9:33.0,C. Martin misses 3-pt jump shot from 25 ft,54-65, ,,3,54,65,-11,1587.0
9:30.0,Offensive rebound by J. Butler,54-65, ,,3,54,65,-11,1590.0
9:30.0,J. Butler makes 2-pt layup at rim,56-65, ,,3,56,65,-9,1590.0
9:14.0, ,56-65,Offensive foul by D. Powell (drawn by B. Adebayo),,3,56,65,-9,1606.0
9:14.0, ,56-65,Turnover by D. Powell (offensive foul),,3,56,65,-9,1606.0
8:54.0,B. Adebayo misses 2-pt jump shot from 12 ft,56-65, ,,3,56,65,-9,1626.0
8:51.0, ,56-65,Defensive rebound by L. Dončić,,3,56,65,-9,1629.0
8:40.0, ,56-65,L. Dončić misses 2-pt jump shot from 17 ft,,3,56,65,-9,1640.0
8:38.0, ,56-65,Offensive rebound by L. Dončić,,3,56,65,-9,1642.0
8:38.0, ,56-65,Personal foul by T. Herro (drawn by L. Dončić),,3,56,65,-9,1642.0
8:38.0,Technical foul by T. Herro,56-65, ,,3,56,65,-9,1642.0
8:38.0, ,56-66,L. Dončić makes technical free throw,,3,56,66,-10,1642.0
8:33.0, ,56-66,L. Dončić misses 3-pt jump shot from 26 ft,,3,56,66,-10,1647.0
8:31.0,Defensive rebound by C. Martin,56-66, ,,3,56,66,-10,1649.0
8:28.0,Shooting foul by D. Finney-Smith (drawn by K. Lowry),56-66, ,,3,56,66,-10,1652.0
8:28.0,K. Lowry misses free throw 1 of 2,56-66, ,,3,56,66,-10,1652.0
8:28.0,Offensive rebound by Team,56-66, ,,3,56,66,-10,1652.0
8:28.0,K. Lowry makes free throw 2 of 2,57-66, ,,3,57,66,-9,1652.0
8:13.0,Violation by Team (kicked ball),57-66, ,,3,57,66,-9,1667.0
8:00.0, ,57-66,Shooting foul by T. Herro (drawn by T. Hardaway),,3,57,66,-9,1680.0
8:00.0, ,57-67,T. Hardaway makes free throw 1 of 3,,3,57,67,-10,1680.0
8:00.0, ,57-68,T. Hardaway makes free throw 2 of 3,,3,57,68,-11,1680.0
8:00.0, ,57-69,T. Hardaway makes free throw 3 of 3,,3,57,69,-12,1680.0
7:50.0,Turnover by T. Herro (lost ball; steal by D. Powell),57-69, ,,3,57,69,-12,1690.0
7:32.0, ,57-69,S. Dinwiddie misses 3-pt jump shot from 25 ft,,3,57,69,-12,1708.0
7:28.0, ,57-69,Offensive rebound by T. Hardaway,,3,57,69,-12,1712.0
7:26.0, ,57-72,D. Finney-Smith makes 3-pt jump shot from 25 ft (assist by T. Hardaway),,3,57,72,-15,1714.0
7:26.0,Miami full timeout,57-72, ,,3,57,72,-15,1714.0
7:26.0, ,57-72,R. Bullock enters the game for D. Finney-Smith,,3,57,72,-15,1714.0
7:09.0,C. Martin misses 3-pt jump shot from 26 ft,57-72, ,,3,57,72,-15,1731.0
7:07.0, ,57-72,Defensive rebound by D. Powell,,3,57,72,-15,1733.0
6:52.0, ,57-74,L. Dončić makes 2-pt jump shot from 13 ft,,3,57,74,-17,1748.0
6:52.0, ,57-74,Shooting foul by T. Herro (drawn by L. Dončić),,3,57,74,-17,1748.0
6:52.0, ,57-75,L. Dončić makes free throw 1 of 1,,3,57,75,-18,1748.0
6:52.0,V. Oladipo enters the game for C. Martin,57-75, ,,3,57,75,-18,1748.0
6:35.0,J. Butler makes 2-pt layup from 1 ft (assist by K. Lowry),59-75, ,,3,59,75,-16,1765.0
6:20.0, ,59-75,T. Hardaway misses 2-pt jump shot from 12 ft,,3,59,75,-16,1780.0
6:18.0, ,59-75,Offensive rebound by T. Hardaway,,3,59,75,-16,1782.0
6:17.0, ,59-75,T. Hardaway misses 2-pt layup at rim,,3,59,75,-16,1783.0
6:15.0,Defensive rebound by B. Adebayo,59-75, ,,3,59,75,-16,1785.0
6:03.0,V. Oladipo misses 2-pt jump shot from 19 ft,59-75, ,,3,59,75,-16,1797.0
5:57.0, ,59-75,Defensive rebound by S. Dinwiddie,,3,59,75,-16,1803.0
5:48.0, ,59-75,Turnover by L. Dončić (lost ball; steal by J. Butler),,3,59,75,-16,1812.0
5:43.0,V. Oladipo makes 2-pt layup from 3 ft,61-75, ,,3,61,75,-14,1817.0
5:29.0, ,61-75,Personal foul by V. Oladipo (drawn by L. Dončić),,3,61,75,-14,1831.0
5:27.0, ,61-78,S. Dinwiddie makes 3-pt jump shot from 25 ft (assist by L. Dončić),,3,61,78,-17,1833.0
5:02.0,T. Herro misses 2-pt jump shot from 14 ft,61-78, ,,3,61,78,-17,1858.0
4:59.0, ,61-78,Defensive rebound by D. Powell,,3,61,78,-17,1861.0
4:45.0, ,61-78,T. Hardaway misses 3-pt jump shot from 23 ft,,3,61,78,-17,1875.0
4:42.0,Defensive rebound by B. Adebayo,61-78, ,,3,61,78,-17,1878.0
4:39.0,Shooting foul by R. Bullock (drawn by B. Adebayo),61-78, ,,3,61,78,-17,1881.0
4:39.0,B. Adebayo misses free throw 1 of 2,61-78, ,,3,61,78,-17,1881.0
4:39.0,Offensive rebound by Team,61-78, ,,3,61,78,-17,1881.0
4:39.0,C. Martin enters the game for T. Herro,61-78, ,,3,61,78,-17,1881.0
4:39.0, ,61-78,J. Green enters the game for S. Dinwiddie,,3,61,78,-17,1881.0
4:39.0,B. Adebayo misses free throw 2 of 2,61-78, ,,3,61,78,-17,1881.0
4:37.0, ,61-78,Defensive rebound by L. Dončić,,3,61,78,-17,1883.0
4:16.0, ,61-78,L. Dončić misses 2-pt jump shot from 17 ft,,3,61,78,-17,1904.0
4:13.0,Defensive rebound by K. Lowry,61-78, ,,3,61,78,-17,1907.0
4:02.0,C. Martin misses 2-pt jump shot from 6 ft,61-78, ,,3,61,78,-17,1918.0
4:02.0, ,61-78,Defensive rebound by Team,,3,61,78,-17,1918.0
4:02.0,Loose ball foul by J. Butler (drawn by T. Hardaway),61-78, ,,3,61,78,-17,1918.0
4:02.0, ,61-79,T. Hardaway makes free throw 1 of 2,,3,61,79,-18,1918.0
4:02.0,M. Strus enters the game for B. Adebayo,61-79, ,,3,61,79,-18,1918.0
4:02.0, ,61-79,D. Finney-Smith enters the game for D. Powell,,3,61,79,-18,1918.0
4:02.0, ,61-80,T. Hardaway makes free throw 2 of 2,,3,61,80,-19,1918.0
3:57.0,Personal foul by D. Finney-Smith (drawn by M. Strus),61-80, ,,3,61,80,-19,1923.0
3:51.0,M. Strus misses 3-pt jump shot from 26 ft,61-80, ,,3,61,80,-19,1929.0
3:48.0, ,61-80,Defensive rebound by R. Bullock,,3,61,80,-19,1932.0
3:37.0, ,61-80,Turnover by L. Dončić (out of bounds lost ball),,3,61,80,-19,1943.0
3:37.0,G. Vincent enters the game for K. Lowry,61-80, ,,3,61,80,-19,1943.0
3:18.0,M. Strus misses 3-pt jump shot from 25 ft (block by R. Bullock),61-80, ,,3,61,80,-19,1962.0
3:14.0, ,61-80,Defensive rebound by L. Dončić,,3,61,80,-19,1966.0
2:58.0, ,61-82,J. Green makes 2-pt jump shot from 3 ft,,3,61,82,-21,1982.0
2:58.0, ,61-82,Shooting foul by V. Oladipo (drawn by J. Green),,3,61,82,-21,1982.0
2:58.0, ,61-82,Dallas full timeout,,3,61,82,-21,1982.0
2:58.0, ,61-83,J. Green makes free throw 1 of 1,,3,61,83,-22,1982.0
2:42.0,J. Butler misses 2-pt jump shot from 11 ft,61-83, ,,3,61,83,-22,1998.0
2:40.0, ,61-83,Defensive rebound by L. Dončić,,3,61,83,-22,2000.0
2:24.0, ,61-83,L. Dončić misses 2-pt jump shot from 10 ft,,3,61,83,-22,2016.0
2:23.0,Defensive rebound by J. Butler,61-83, ,,3,61,83,-22,2017.0
2:23.0,Personal foul by D. Finney-Smith (drawn by J. Butler),61-83, ,,3,61,83,-22,2017.0
2:23.0, ,61-83,D. Powell enters the game for D. Finney-Smith,,3,61,83,-22,2017.0
2:09.0,V. Oladipo misses 2-pt jump shot from 17 ft,61-83, ,,3,61,83,-22,2031.0
2:06.0, ,61-83,Defensive rebound by R. Bullock,,3,61,83,-22,2034.0
1:49.0, ,61-83,Shooting foul by J. Butler (drawn by J. Green),,3,61,83,-22,2051.0
1:49.0, ,61-84,J. Green makes free throw 1 of 2,,3,61,84,-23,2051.0
1:49.0,B. Adebayo enters the game for J. Butler,61-84, ,,3,61,84,-23,2051.0
1:49.0, ,61-85,J. Green makes free throw 2 of 2,,3,61,85,-24,2051.0
1:38.0,Personal foul by D. Powell (drawn by G. Vincent),61-85, ,,3,61,85,-24,2062.0
1:38.0,G. Vincent makes free throw 1 of 2,62-85, ,,3,62,85,-23,2062.0
1:38.0,G. Vincent makes free throw 2 of 2,63-85, ,,3,63,85,-22,2062.0
1:18.0, ,63-87,L. Dončić makes 2-pt jump shot from 17 ft,,3,63,87,-24,2082.0
1:03.0,B. Adebayo makes 2-pt jump shot from 14 ft (assist by M. Strus),65-87, ,,3,65,87,-22,2097.0
0:53.0, ,65-87,Turnover by L. Dončić (palming),,3,65,87,-22,2107.0
0:47.0,B. Adebayo makes 2-pt layup from 1 ft (assist by V. Oladipo),67-87, ,,3,67,87,-20,2113.0
0:33.0, ,67-90,L. Dončić makes 3-pt jump shot from 27 ft,,3,67,90,-23,2127.0
0:26.0,Turnover by V. Oladipo (traveling),67-90, ,,3,67,90,-23,2134.0
0:08.0, ,67-92,D. Powell makes 2-pt jump shot from 1 ft (assist by L. Dončić),,3,67,92,-25,2152.0
0:00.0,M. Strus misses 3-pt jump shot from 25 ft,67-92, ,,3,67,92,-25,2160.0
0:00.0,Offensive rebound by Team,67-92, ,,3,67,92,-25,2160.0
0:00.0,End of 3rd quarter,67-92,,,3,67,92,-25,2160.0
12:00.0,Start of 4th quarter,67-92,,,4,67,92,-25,2160.0
11:41.0, ,67-94,L. Dončić makes 2-pt jump shot from 8 ft,,4,67,94,-27,2179.0
11:26.0,B. Adebayo makes 2-pt dunk from 1 ft (assist by G. Vincent),69-94, ,,4,69,94,-25,2194.0
11:05.0, ,69-94,Personal foul by G. Vincent (drawn by L. Dončić),,4,69,94,-25,2215.0
10:57.0, ,69-94,L. Dončić misses 3-pt jump shot from 26 ft,,4,69,94,-25,2223.0
10:55.0,Defensive rebound by B. Adebayo,69-94, ,,4,69,94,-25,2225.0
10:47.0,V. Oladipo makes 2-pt jump shot from 7 ft (assist by B. Adebayo),71-94, ,,4,71,94,-23,2233.0
10:21.0, ,71-94,D. Powell misses 2-pt layup from 4 ft,,4,71,94,-23,2259.0
10:18.0,Defensive rebound by B. Adebayo,71-94, ,,4,71,94,-23,2262.0
10:15.0,Turnover by T. Herro (traveling),71-94, ,,4,71,94,-23,2265.0
9:54.0, ,71-97,R. Bullock makes 3-pt jump shot from 25 ft (assist by S. Dinwiddie),,4,71,97,-26,2286.0
9:38.0,Offensive foul by B. Adebayo (drawn by J. Green),71-97, ,,4,71,97,-26,2302.0
9:38.0,Turnover by B. Adebayo (offensive foul),71-97, ,,4,71,97,-26,2302.0
9:18.0, ,71-97,D. Powell misses 3-pt jump shot from 23 ft,,4,71,97,-26,2322.0
9:16.0, ,71-97,Offensive rebound by J. Green,,4,71,97,-26,2324.0
9:16.0, ,71-97,J. Green misses 2-pt layup at rim,,4,71,97,-26,2324.0
9:15.0, ,71-97,Offensive rebound by J. Green,,4,71,97,-26,2325.0
9:08.0, ,71-99,L. Dončić makes 2-pt layup from 2 ft (assist by D. Powell),,4,71,99,-28,2332.0
8:52.0,G. Vincent misses 3-pt jump shot from 23 ft,71-99, ,,4,71,99,-28,2348.0
8:49.0, ,71-99,Defensive rebound by S. Dinwiddie,,4,71,99,-28,2351.0
8:32.0, ,71-99,S. Dinwiddie misses 3-pt jump shot from 25 ft,,4,71,99,-28,2368.0
8:30.0,Defensive rebound by M. Strus,71-99, ,,4,71,99,-28,2370.0
8:17.0,V. Oladipo makes 3-pt jump shot from 26 ft (assist by B. Adebayo),74-99, ,,4,74,99,-25,2383.0
7:47.0, ,74-99,L. Dončić misses 3-pt jump shot from 29 ft,,4,74,99,-25,2413.0
7:43.0,Defensive rebound by B. Adebayo,74-99, ,,4,74,99,-25,2417.0
7:34.0,T. Herro makes 2-pt jump shot from 9 ft,76-99, ,,4,76,99,-23,2426.0
7:34.0,Shooting foul by R. Bullock (drawn by T. Herro),76-99, ,,4,76,99,-23,2426.0
7:34.0,T. Herro makes free throw 1 of 1,77-99, ,,4,77,99,-22,2426.0
7:13.0, ,77-99,Turnover by S. Dinwiddie (step out of bounds),,4,77,99,-22,2447.0
7:04.0,G. Vincent misses 2-pt jump shot from 6 ft,77-99, ,,4,77,99,-22,2456.0
7:04.0,Offensive rebound by Team,77-99, ,,4,77,99,-22,2456.0
7:04.0, ,77-99,Loose ball foul by S. Dinwiddie (drawn by B. Adebayo),,4,77,99,-22,2456.0
6:55.0,B. Adebayo makes 2-pt jump shot from 10 ft (assist by G. Vincent),79-99, ,,4,79,99,-20,2465.0
6:46.0, ,79-99,Shooting foul by M. Strus (drawn by S. Dinwiddie),,4,79,99,-20,2474.0
6:46.0, ,79-99,Dallas full timeout,,4,79,99,-20,2474.0
6:46.0, ,79-99,D. Finney-Smith enters the game for D. Powell,,4,79,99,-20,2474.0
6:46.0, ,79-100,S. Dinwiddie makes free throw 1 of 2,,4,79,100,-21,2474.0
6:46.0, ,79-101,S. Dinwiddie makes free throw 2 of 2,,4,79,101,-22,2474.0
6:36.0,Turnover by T. Herro (bad pass; steal by D. Finney-Smith),79-101, ,,4,79,101,-22,2484.0
6:23.0, ,79-104,R. Bullock makes 3-pt jump shot from 24 ft (assist by J. Green),,4,79,104,-25,2497.0
5:56.0,Turnover by V. Oladipo (lost ball; steal by L. Dončić),79-104, ,,4,79,104,-25,2524.0
5:52.0, ,79-106,J. Green makes 2-pt dunk from 1 ft (assist by L. Dončić),,4,79,106,-27,2528.0
5:50.0,Miami full timeout,79-106, ,,4,79,106,-27,2530.0
5:50.0,H. Highsmith enters the game for B. Adebayo,79-106, ,,4,79,106,-27,2530.0
5:50.0,C. Martin enters the game for T. Herro,79-106, ,,4,79,106,-27,2530.0
5:50.0,O. Robinson enters the game for V. Oladipo,79-106, ,,4,79,106,-27,2530.0
5:32.0,G. Vincent misses 3-pt jump shot from 27 ft,79-106, ,,4,79,106,-27,2548.0
5:29.0, ,79-106,Defensive rebound by S. Dinwiddie,,4,79,106,-27,2551.0
5:11.0, ,79-106,D. Finney-Smith misses 3-pt jump shot from 25 ft,,4,79,106,-27,2569.0
5:07.0,Defensive rebound by M. Strus,79-106, ,,4,79,106,-27,2573.0
5:07.0, ,79-106,J. Hardy enters the game for S. Dinwiddie,,4,79,106,-27,2573.0
5:07.0, ,79-106,F. Ntilikina enters the game for L. Dončić,,4,79,106,-27,2573.0
4:55.0,Turnover by G. Vincent (bad pass; steal by R. Bullock),79-106, ,,4,79,106,-27,2585.0
4:32.0, ,79-108,F. Ntilikina makes 2-pt layup at rim (assist by D. Finney-Smith),,4,79,108,-29,2608.0
4:23.0,Shooting foul by R. Bullock (drawn by G. Vincent),79-108, ,,4,79,108,-29,2617.0
4:23.0,G. Vincent makes free throw 1 of 2,80-108, ,,4,80,108,-28,2617.0
4:23.0, ,80-108,D. Bertāns enters the game for R. Bullock,,4,80,108,-28,2617.0
4:23.0, ,80-108,A. Lawson enters the game for D. Finney-Smith,,4,80,108,-28,2617.0
4:23.0, ,80-108,T. Pinson enters the game for J. Green,,4,80,108,-28,2617.0
4:23.0,G. Vincent misses free throw 2 of 2,80-108, ,,4,80,108,-28,2617.0
4:20.0, ,80-108,Defensive rebound by D. Bertāns,,4,80,108,-28,2620.0
4:06.0, ,80-110,J. Hardy makes 2-pt layup from 1 ft,,4,80,110,-30,2634.0
3:56.0,G. Vincent misses 3-pt jump shot from 25 ft,80-110, ,,4,80,110,-30,2644.0
3:56.0, ,80-110,Defensive rebound by J. Hardy,,4,80,110,-30,2644.0
3:39.0, ,80-110,F. Ntilikina misses 2-pt jump shot from 7 ft,,4,80,110,-30,2661.0
3:38.0,Defensive rebound by O. Robinson,80-110, ,,4,80,110,-30,2662.0
3:21.0,C. Martin makes 2-pt jump shot from 17 ft,82-110, ,,4,82,110,-28,2679.0
3:04.0, ,82-110,Turnover by J. Hardy (palming),,4,82,110,-28,2696.0
2:54.0,G. Vincent makes 2-pt jump shot from 5 ft,84-110, ,,4,84,110,-26,2706.0
2:30.0, ,84-110,J. Hardy misses 3-pt jump shot from 23 ft,,4,84,110,-26,2730.0
2:27.0,Defensive rebound by H. Highsmith,84-110, ,,4,84,110,-26,2733.0
2:20.0,Shooting foul by D. Bertāns (drawn by O. Robinson),84-110, ,,4,84,110,-26,2740.0
2:20.0,O. Robinson misses free throw 1 of 2,84-110, ,,4,84,110,-26,2740.0
2:20.0,Offensive rebound by Team,84-110, ,,4,84,110,-26,2740.0
2:20.0,O. Robinson misses free throw 2 of 2,84-110, ,,4,84,110,-26,2740.0
2:18.0, ,84-110,Defensive rebound by T. Pinson,,4,84,110,-26,2742.0
2:07.0, ,84-112,A. Lawson makes 2-pt dunk from 1 ft (assist by J. Hardy),,4,84,112,-28,2753.0
1:52.0,Shooting foul by A. Lawson (drawn by C. Martin),84-112, ,,4,84,112,-28,2768.0
1:52.0,C. Martin makes free throw 1 of 2,85-112, ,,4,85,112,-27,2768.0
1:52.0,C. Martin makes free throw 2 of 2,86-112, ,,4,86,112,-26,2768.0
1:47.0, ,86-112,Personal foul by C. Martin (drawn by D. Bertāns),,4,86,112,-26,2773.0
1:34.0, ,86-115,A. Lawson makes 3-pt jump shot from 25 ft (assist by F. Ntilikina),,4,86,115,-29,2786.0
1:20.0,G. Vincent makes 2-pt jump shot from 17 ft,88-115, ,,4,88,115,-27,2800.0
1:05.0, ,88-115,J. Hardy misses 2-pt layup from 2 ft (block by C. Martin),,4,88,115,-27,2815.0
1:05.0,Defensive rebound by O. Robinson,88-115, ,,4,88,115,-27,2815.0
0:59.0,Offensive foul by O. Robinson (drawn by A. Lawson),88-115, ,,4,88,115,-27,2821.0
0:59.0,Turnover by O. Robinson (offensive foul),88-115, ,,4,88,115,-27,2821.0
0:41.0, ,88-115,Offensive foul by J. Hardy (drawn by M. Strus),,4,88,115,-27,2839.0
0:41.0, ,88-115,Turnover by J. Hardy (offensive foul),,4,88,115,-27,2839.0
0:33.0,H. Highsmith misses 3-pt jump shot from 25 ft,88-115, ,,4,88,115,-27,2847.0
0:30.0, ,88-115,Defensive rebound by J. Hardy,,4,88,115,-27,2850.0
0:29.0, ,88-115,Shooting foul by H. Highsmith (drawn by A. Lawson),,4,88,115,-27,2851.0
0:29.0, ,88-115,A. Lawson misses free throw 1 of 2,,4,88,115,-27,2851.0
0:29.0, ,88-115,Offensive rebound by Team,,4,88,115,-27,2851.0
0:29.0, ,88-115,A. Lawson misses free throw 2 of 2,,4,88,115,-27,2851.0
0:27.0,Defensive rebound by O. Robinson,88-115, ,,4,88,115,-27,2853.0
0:14.0,H. Highsmith makes 2-pt jump shot from 11 ft,90-115, ,,4,90,115,-25,2866.0
0:00.0,End of 4th quarter,90-115,,,4,90,115,-25,2880.0
