Time,Miami,Score,Portland,Event,Quarter,TeamScore,OpponentScore,PointDifference,ElapsedTime
12:00.0,Jump ball: B. Adebayo vs. D. Ayton (A. Simons gains possession),0-0,,,1,0,0,0,0.0
11:45.0, ,0-3,A. Simons makes 3-pt jump shot from 26 ft (assist by J. Grant),,1,0,3,-3,15.0
11:20.0,Offensive foul by B. Adebayo (drawn by J. Grant),0-3, ,,1,0,3,-3,40.0
11:20.0,Turnover by B. Adebayo (offensive foul),0-3, ,,1,0,3,-3,40.0
11:01.0, ,0-6,J. Grant makes 3-pt jump shot from 26 ft (assist by T. Camara),,1,0,6,-6,59.0
10:43.0,B. Adebayo misses 2-pt jump shot from 12 ft,0-6, ,,1,0,6,-6,77.0
10:42.0, ,0-6,Defensive rebound by K. Murray,,1,0,6,-6,78.0
10:35.0, ,0-6,Turnover by K. Murray (bad pass),,1,0,6,-6,85.0
10:25.0,Turnover by B. Adebayo (bad pass),0-6, ,,1,0,6,-6,95.0
10:08.0, ,0-6,Shooting foul by D. Robinson (drawn by T. Camara),,1,0,6,-6,112.0
10:08.0, ,0-7,T. Camara makes free throw 1 of 2,,1,0,7,-7,112.0
10:08.0, ,0-8,T. Camara makes free throw 2 of 2,,1,0,8,-8,112.0
9:54.0,D. Robinson misses 2-pt jump shot from 11 ft,0-8, ,,1,0,8,-8,126.0
9:51.0,Offensive rebound by B. Adebayo,0-8, ,,1,0,8,-8,129.0
9:49.0,N. Jović misses 3-pt jump shot from 26 ft,0-8, ,,1,0,8,-8,131.0
9:49.0, ,0-8,Defensive rebound by J. Grant,,1,0,8,-8,131.0
9:40.0, ,0-8,D. Ayton misses 2-pt dunk from 4 ft,,1,0,8,-8,140.0
9:36.0,Defensive rebound by B. Adebayo,0-8, ,,1,0,8,-8,144.0
9:33.0,T. Rozier misses 2-pt layup from 5 ft,0-8, ,,1,0,8,-8,147.0
9:31.0, ,0-8,Defensive rebound by J. Grant,,1,0,8,-8,149.0
9:25.0, ,0-8,K. Murray misses 3-pt jump shot from 22 ft (block by J. Butler),,1,0,8,-8,155.0
9:24.0,Defensive rebound by Team,0-8, ,,1,0,8,-8,156.0
9:07.0,T. Rozier makes 2-pt jump shot from 7 ft (assist by J. Butler),2-8, ,,1,2,8,-6,173.0
8:59.0, ,2-8,Shooting foul by N. Jović (drawn by J. Grant),,1,2,8,-6,181.0
8:59.0, ,2-9,J. Grant makes free throw 1 of 2,,1,2,9,-7,181.0
8:59.0, ,2-10,J. Grant makes free throw 2 of 2,,1,2,10,-8,181.0
8:43.0,B. Adebayo makes 2-pt dunk from 3 ft (assist by J. Butler),4-10, ,,1,4,10,-6,197.0
8:28.0, ,4-10,Turnover by J. Grant (lost ball; steal by J. Butler),,1,4,10,-6,212.0
8:21.0,Turnover by B. Adebayo (lost ball; steal by J. Grant),4-10, ,,1,4,10,-6,219.0
8:14.0, ,4-10,Turnover by K. Murray (bad pass; steal by D. Robinson),,1,4,10,-6,226.0
8:08.0,B. Adebayo makes 2-pt layup from 3 ft (assist by D. Robinson),6-10, ,,1,6,10,-4,232.0
7:58.0, ,6-10,Turnover by A. Simons (back court),,1,6,10,-4,242.0
7:49.0, ,6-10,Violation by Team (kicked ball),,1,6,10,-4,251.0
7:36.0,J. Butler misses 2-pt layup from 4 ft (block by D. Ayton),6-10, ,,1,6,10,-4,264.0
7:36.0, ,6-10,Defensive rebound by Team,,1,6,10,-4,264.0
7:27.0, ,6-12,D. Ayton makes 2-pt jump shot from 12 ft (assist by J. Grant),,1,6,12,-6,273.0
7:09.0,Turnover by B. Adebayo (lost ball; steal by K. Murray),6-12, ,,1,6,12,-6,291.0
7:05.0, ,6-12,T. Camara misses 2-pt layup from 4 ft,,1,6,12,-6,295.0
7:05.0, ,6-12,Offensive rebound by Team,,1,6,12,-6,295.0
7:01.0, ,6-15,J. Grant makes 3-pt jump shot from 25 ft (assist by D. Ayton),,1,6,15,-9,299.0
6:41.0,B. Adebayo misses 2-pt jump shot from 13 ft,6-15, ,,1,6,15,-9,319.0
6:39.0, ,6-15,Defensive rebound by D. Ayton,,1,6,15,-9,321.0
6:32.0, ,6-15,A. Simons misses 2-pt jump shot from 14 ft,,1,6,15,-9,328.0
6:29.0,Defensive rebound by B. Adebayo,6-15, ,,1,6,15,-9,331.0
6:25.0,Shooting foul by J. Grant (drawn by N. Jović),6-15, ,,1,6,15,-9,335.0
6:25.0, ,6-15,Portland full timeout,,1,6,15,-9,335.0
6:25.0, ,6-15,M. Thybulle enters the game for J. Grant,,1,6,15,-9,335.0
6:25.0,N. Jović misses free throw 1 of 2,6-15, ,,1,6,15,-9,335.0
6:25.0,Offensive rebound by Team,6-15, ,,1,6,15,-9,335.0
6:25.0,N. Jović misses free throw 2 of 2,6-15, ,,1,6,15,-9,335.0
6:22.0, ,6-15,Defensive rebound by D. Ayton,,1,6,15,-9,338.0
6:13.0, ,6-17,D. Ayton makes 2-pt dunk from 2 ft (assist by A. Simons),,1,6,17,-11,347.0
6:01.0,Def 3 sec tech foul by Team,6-17, ,,1,6,17,-11,359.0
6:01.0,J. Butler makes technical free throw,7-17, ,,1,7,17,-10,359.0
6:01.0,J. Jaquez enters the game for J. Butler,7-17, ,,1,7,17,-10,359.0
5:47.0,T. Rozier misses 2-pt jump shot from 11 ft,7-17, ,,1,7,17,-10,373.0
5:42.0, ,7-17,Defensive rebound by D. Ayton,,1,7,17,-10,378.0
5:35.0, ,7-19,D. Ayton makes 2-pt jump shot from 8 ft (assist by A. Simons),,1,7,19,-12,385.0
5:21.0,T. Rozier misses 2-pt jump shot from 8 ft,7-19, ,,1,7,19,-12,399.0
5:19.0, ,7-19,Defensive rebound by D. Ayton,,1,7,19,-12,401.0
5:12.0, ,7-19,K. Murray misses 3-pt jump shot from 23 ft,,1,7,19,-12,408.0
5:10.0, ,7-19,Offensive rebound by T. Camara,,1,7,19,-12,410.0
5:08.0, ,7-19,Shooting foul by J. Jaquez (drawn by M. Thybulle),,1,7,19,-12,412.0
5:08.0, ,7-19,M. Thybulle misses free throw 1 of 2,,1,7,19,-12,412.0
5:08.0, ,7-19,Offensive rebound by Team,,1,7,19,-12,412.0
5:08.0,C. Martin enters the game for N. Jović,7-19, ,,1,7,19,-12,412.0
5:08.0, ,7-20,M. Thybulle makes free throw 2 of 2,,1,7,20,-13,412.0
4:59.0,D. Robinson misses 3-pt jump shot from 28 ft,7-20, ,,1,7,20,-13,421.0
4:55.0, ,7-20,Defensive rebound by T. Camara,,1,7,20,-13,425.0
4:45.0, ,7-20,T. Camara misses 2-pt layup from 5 ft,,1,7,20,-13,435.0
4:43.0,Defensive rebound by B. Adebayo,7-20, ,,1,7,20,-13,437.0
4:29.0,Offensive foul by C. Martin (drawn by T. Camara),7-20, ,,1,7,20,-13,451.0
4:29.0,Turnover by C. Martin (offensive foul),7-20, ,,1,7,20,-13,451.0
4:29.0,D. Wright enters the game for T. Rozier,7-20, ,,1,7,20,-13,451.0
4:29.0, ,7-20,J. Walker enters the game for T. Camara,,1,7,20,-13,451.0
4:14.0, ,7-20,J. Walker misses 2-pt layup from 3 ft,,1,7,20,-13,466.0
4:10.0, ,7-20,Offensive rebound by D. Ayton,,1,7,20,-13,470.0
4:10.0, ,7-20,D. Ayton misses 2-pt layup at rim,,1,7,20,-13,470.0
4:09.0,Defensive rebound by J. Jaquez,7-20, ,,1,7,20,-13,471.0
4:06.0,Turnover by C. Martin (bad pass; steal by D. Ayton),7-20, ,,1,7,20,-13,474.0
3:56.0, ,7-22,A. Simons makes 2-pt jump shot from 18 ft,,1,7,22,-15,484.0
3:42.0,D. Robinson makes 3-pt jump shot from 26 ft (assist by C. Martin),10-22, ,,1,10,22,-12,498.0
3:31.0, ,10-25,A. Simons makes 3-pt jump shot from 33 ft (assist by M. Thybulle),,1,10,25,-15,509.0
3:14.0,Personal foul by M. Thybulle (drawn by B. Adebayo),10-25, ,,1,10,25,-15,526.0
3:14.0,K. Love enters the game for B. Adebayo,10-25, ,,1,10,25,-15,526.0
3:09.0,D. Robinson makes 3-pt jump shot from 25 ft (assist by K. Love),13-25, ,,1,13,25,-12,531.0
2:58.0, ,13-25,Offensive foul by D. Ayton (drawn by K. Love),,1,13,25,-12,542.0
2:58.0, ,13-25,Turnover by D. Ayton (offensive foul),,1,13,25,-12,542.0
2:58.0,Miami full timeout,13-25, ,,1,13,25,-12,542.0
2:58.0, ,13-25,D. Banton enters the game for D. Ayton,,1,13,25,-12,542.0
2:58.0, ,13-25,J. Grant enters the game for K. Murray,,1,13,25,-12,542.0
2:58.0, ,13-25,D. Reath enters the game for A. Simons,,1,13,25,-12,542.0
2:40.0,C. Martin misses 2-pt jump shot from 16 ft,13-25, ,,1,13,25,-12,560.0
2:36.0, ,13-25,Defensive rebound by J. Walker,,1,13,25,-12,564.0
2:15.0, ,13-28,J. Grant makes 3-pt jump shot from 24 ft,,1,13,28,-15,585.0
2:04.0,K. Love misses 3-pt jump shot from 26 ft (block by M. Thybulle),13-28, ,,1,13,28,-15,596.0
2:00.0, ,13-28,Defensive rebound by J. Grant,,1,13,28,-15,600.0
1:48.0, ,13-28,D. Banton misses 3-pt jump shot from 23 ft,,1,13,28,-15,612.0
1:46.0, ,13-28,Offensive rebound by D. Reath,,1,13,28,-15,614.0
1:40.0, ,13-28,Turnover by J. Grant (out of bounds lost ball),,1,13,28,-15,620.0
1:40.0,J. Butler enters the game for D. Robinson,13-28, ,,1,13,28,-15,620.0
1:14.0,D. Wright misses 2-pt layup from 8 ft,13-28, ,,1,13,28,-15,646.0
1:12.0,Offensive rebound by K. Love,13-28, ,,1,13,28,-15,648.0
1:03.0,C. Martin misses 2-pt layup from 8 ft,13-28, ,,1,13,28,-15,657.0
1:00.0, ,13-28,Defensive rebound by D. Reath,,1,13,28,-15,660.0
0:54.0, ,13-28,Turnover by D. Reath (traveling),,1,13,28,-15,666.0
0:39.0,Personal foul by D. Reath (drawn by J. Butler),13-28, ,,1,13,28,-15,681.0
0:26.0,D. Wright misses 2-pt layup from 8 ft,13-28, ,,1,13,28,-15,694.0
0:24.0,Offensive rebound by J. Jaquez,13-28, ,,1,13,28,-15,696.0
0:22.0,C. Martin misses 2-pt layup from 3 ft,13-28, ,,1,13,28,-15,698.0
0:20.0,Offensive rebound by D. Wright,13-28, ,,1,13,28,-15,700.0
0:07.0,K. Love makes 2-pt layup from 3 ft (assist by J. Butler),15-28, ,,1,15,28,-13,713.0
0:00.0, ,15-28,D. Reath misses 3-pt jump shot from 27 ft,,1,15,28,-13,720.0
0:00.0, ,15-28,Offensive rebound by Team,,1,15,28,-13,720.0
0:00.0,End of 1st quarter,15-28,,,1,15,28,-13,720.0
12:00.0,Start of 2nd quarter,15-28,,,2,15,28,-13,720.0
11:43.0,K. Love makes 3-pt jump shot from 26 ft (assist by D. Wright),18-28, ,,2,18,28,-10,737.0
11:23.0, ,18-28,D. Reath misses 3-pt jump shot from 22 ft,,2,18,28,-10,757.0
11:20.0,Defensive rebound by C. Martin,18-28, ,,2,18,28,-10,760.0
11:18.0,Turnover by K. Love (bad pass; steal by J. Grant),18-28, ,,2,18,28,-10,762.0
11:15.0, ,18-30,J. Grant makes 2-pt dunk from 3 ft (assist by J. Walker),,2,18,30,-12,765.0
10:51.0,Shooting foul by D. Banton (drawn by J. Butler),18-30, ,,2,18,30,-12,789.0
10:51.0,J. Butler makes free throw 1 of 2,19-30, ,,2,19,30,-11,789.0
10:51.0,J. Butler makes free throw 2 of 2,20-30, ,,2,20,30,-10,789.0
10:35.0, ,20-33,M. Thybulle makes 3-pt jump shot from 25 ft (assist by D. Banton),,2,20,33,-13,805.0
10:18.0,J. Jaquez misses 2-pt hook shot from 8 ft,20-33, ,,2,20,33,-13,822.0
10:16.0,Offensive rebound by J. Butler,20-33, ,,2,20,33,-13,824.0
10:14.0,J. Butler misses 2-pt layup from 3 ft (block by D. Banton),20-33, ,,2,20,33,-13,826.0
10:14.0, ,20-33,Defensive rebound by J. Grant,,2,20,33,-13,826.0
10:07.0, ,20-33,D. Banton misses 3-pt jump shot from 27 ft,,2,20,33,-13,833.0
10:07.0,Defensive rebound by Team,20-33, ,,2,20,33,-13,833.0
9:54.0,J. Butler makes 2-pt layup from 2 ft (assist by D. Wright),22-33, ,,2,22,33,-11,846.0
9:54.0,Shooting foul by J. Grant (drawn by J. Butler),22-33, ,,2,22,33,-11,846.0
9:54.0, ,22-33,A. Simons enters the game for D. Banton,,2,22,33,-11,846.0
9:54.0,J. Butler makes free throw 1 of 1,23-33, ,,2,23,33,-10,846.0
9:43.0, ,23-33,A. Simons misses 2-pt layup from 4 ft,,2,23,33,-10,857.0
9:41.0,Defensive rebound by D. Wright,23-33, ,,2,23,33,-10,859.0
9:32.0,J. Butler makes 2-pt layup from 3 ft,25-33, ,,2,25,33,-8,868.0
9:32.0,Shooting foul by D. Reath (drawn by J. Butler),25-33, ,,2,25,33,-8,868.0
9:32.0, ,25-33,D. Ayton enters the game for D. Reath,,2,25,33,-8,868.0
9:32.0,J. Butler misses free throw 1 of 1,25-33, ,,2,25,33,-8,868.0
9:29.0, ,25-33,Defensive rebound by D. Ayton,,2,25,33,-8,871.0
9:09.0, ,25-33,J. Grant misses 2-pt layup from 3 ft,,2,25,33,-8,891.0
9:07.0,Defensive rebound by J. Butler,25-33, ,,2,25,33,-8,893.0
9:02.0,D. Wright makes 2-pt layup from 2 ft (assist by J. Butler),27-33, ,,2,27,33,-6,898.0
9:02.0, ,27-33,Portland full timeout,,2,27,33,-6,898.0
9:02.0, ,27-33,T. Camara enters the game for J. Walker,,2,27,33,-6,898.0
8:46.0, ,27-35,D. Ayton makes 2-pt dunk from 3 ft (assist by A. Simons),,2,27,35,-8,914.0
8:30.0,J. Butler makes 2-pt layup from 3 ft,29-35, ,,2,29,35,-6,930.0
8:16.0, ,29-38,A. Simons makes 3-pt jump shot from 25 ft (assist by J. Grant),,2,29,38,-9,944.0
7:52.0,K. Love misses 3-pt jump shot from 25 ft,29-38, ,,2,29,38,-9,968.0
7:50.0, ,29-38,Defensive rebound by D. Ayton,,2,29,38,-9,970.0
7:43.0, ,29-38,Personal foul by D. Wright (drawn by D. Ayton),,2,29,38,-9,977.0
7:43.0,B. Adebayo enters the game for K. Love,29-38, ,,2,29,38,-9,977.0
7:43.0, ,29-38,K. Murray enters the game for J. Grant,,2,29,38,-9,977.0
7:34.0, ,29-40,D. Ayton makes 2-pt hook shot from 8 ft (assist by K. Murray),,2,29,40,-11,986.0
7:26.0,C. Martin makes 3-pt jump shot from 23 ft (assist by J. Jaquez),32-40, ,,2,32,40,-8,994.0
7:13.0, ,32-43,T. Camara makes 3-pt jump shot from 24 ft (assist by M. Thybulle),,2,32,43,-11,1007.0
7:01.0,Turnover by J. Jaquez (bad pass),32-43, ,,2,32,43,-11,1019.0
7:01.0,D. Robinson enters the game for D. Wright,32-43, ,,2,32,43,-11,1019.0
6:42.0, ,32-43,Turnover by D. Ayton (bad pass),,2,32,43,-11,1038.0
6:28.0,B. Adebayo makes 2-pt jump shot from 11 ft (assist by J. Butler),34-43, ,,2,34,43,-9,1052.0
6:14.0, ,34-43,A. Simons misses 2-pt layup from 7 ft (block by C. Martin),,2,34,43,-9,1066.0
6:14.0, ,34-43,Offensive rebound by Team,,2,34,43,-9,1066.0
6:14.0,T. Rozier enters the game for J. Butler,34-43, ,,2,34,43,-9,1066.0
6:14.0, ,34-43,J. Grant enters the game for M. Thybulle,,2,34,43,-9,1066.0
6:12.0, ,34-43,A. Simons misses 3-pt jump shot from 26 ft,,2,34,43,-9,1068.0
6:08.0, ,34-43,Offensive rebound by T. Camara,,2,34,43,-9,1072.0
6:03.0, ,34-43,A. Simons misses 2-pt jump shot from 13 ft,,2,34,43,-9,1077.0
5:59.0, ,34-43,Offensive rebound by D. Ayton,,2,34,43,-9,1081.0
5:59.0, ,34-45,D. Ayton makes 2-pt layup at rim,,2,34,45,-11,1081.0
5:53.0,Miami full timeout,34-45, ,,2,34,45,-11,1087.0
5:53.0,H. Highsmith enters the game for C. Martin,34-45, ,,2,34,45,-11,1087.0
5:33.0,Turnover by Team (shot clock),34-45, ,,2,34,45,-11,1107.0
5:17.0, ,34-45,K. Murray misses 2-pt jump shot from 11 ft,,2,34,45,-11,1123.0
5:15.0, ,34-45,Offensive rebound by D. Ayton,,2,34,45,-11,1125.0
5:12.0, ,34-47,T. Camara makes 2-pt layup from 4 ft (assist by D. Ayton),,2,34,47,-13,1128.0
5:12.0, ,34-47,Shooting foul by B. Adebayo (drawn by T. Camara),,2,34,47,-13,1128.0
5:12.0, ,34-48,T. Camara makes free throw 1 of 1,,2,34,48,-14,1128.0
4:51.0,T. Rozier misses 3-pt jump shot from 23 ft,34-48, ,,2,34,48,-14,1149.0
4:47.0,Offensive rebound by J. Jaquez,34-48, ,,2,34,48,-14,1153.0
4:47.0,J. Jaquez makes 2-pt layup at rim,36-48, ,,2,36,48,-12,1153.0
4:32.0, ,36-48,J. Grant misses 3-pt jump shot from 24 ft,,2,36,48,-12,1168.0
4:28.0,Defensive rebound by H. Highsmith,36-48, ,,2,36,48,-12,1172.0
4:16.0,B. Adebayo makes 2-pt jump shot from 8 ft (assist by T. Rozier),38-48, ,,2,38,48,-10,1184.0
3:57.0, ,38-50,A. Simons makes 2-pt layup from 7 ft,,2,38,50,-12,1203.0
3:46.0,Personal foul by T. Camara (drawn by T. Rozier),38-50, ,,2,38,50,-12,1214.0
3:28.0,B. Adebayo misses 2-pt jump shot from 12 ft,38-50, ,,2,38,50,-12,1232.0
3:25.0, ,38-50,Defensive rebound by J. Grant,,2,38,50,-12,1235.0
3:20.0, ,38-50,D. Ayton misses 2-pt jump shot from 15 ft,,2,38,50,-12,1240.0
3:16.0,Defensive rebound by B. Adebayo,38-50, ,,2,38,50,-12,1244.0
3:07.0,Turnover by T. Rozier (bad pass; steal by K. Murray),38-50, ,,2,38,50,-12,1253.0
3:01.0, ,38-50,A. Simons misses 3-pt jump shot from 27 ft,,2,38,50,-12,1259.0
2:59.0, ,38-50,Offensive rebound by Team,,2,38,50,-12,1261.0
2:59.0,Loose ball foul by H. Highsmith (drawn by D. Ayton),38-50, ,,2,38,50,-12,1261.0
2:59.0,J. Butler enters the game for J. Jaquez,38-50, ,,2,38,50,-12,1261.0
2:47.0, ,38-50,A. Simons misses 3-pt jump shot from 28 ft (block by H. Highsmith),,2,38,50,-12,1273.0
2:43.0, ,38-50,Offensive rebound by T. Camara,,2,38,50,-12,1277.0
2:42.0, ,38-50,T. Camara misses 2-pt layup from 4 ft,,2,38,50,-12,1278.0
2:40.0,Defensive rebound by D. Robinson,38-50, ,,2,38,50,-12,1280.0
2:25.0,H. Highsmith makes 2-pt layup from 9 ft (assist by J. Butler),40-50, ,,2,40,50,-10,1295.0
2:11.0, ,40-50,Shooting foul by H. Highsmith (drawn by J. Grant),,2,40,50,-10,1309.0
2:11.0, ,40-51,J. Grant makes free throw 1 of 2,,2,40,51,-11,1309.0
2:11.0, ,40-51,J. Grant misses free throw 2 of 2,,2,40,51,-11,1309.0
2:08.0,Defensive rebound by H. Highsmith,40-51, ,,2,40,51,-11,1312.0
1:54.0,Turnover by H. Highsmith (bad pass; steal by D. Ayton),40-51, ,,2,40,51,-11,1326.0
1:45.0, ,40-51,J. Grant misses 2-pt jump shot from 13 ft,,2,40,51,-11,1335.0
1:42.0,Defensive rebound by T. Rozier,40-51, ,,2,40,51,-11,1338.0
1:40.0,T. Rozier makes 2-pt layup from 2 ft,42-51, ,,2,42,51,-9,1340.0
1:40.0,Shooting foul by A. Simons (drawn by T. Rozier),42-51, ,,2,42,51,-9,1340.0
1:40.0,T. Rozier makes free throw 1 of 1,43-51, ,,2,43,51,-8,1340.0
1:22.0, ,43-53,J. Grant makes 2-pt layup from 3 ft (assist by T. Camara),,2,43,53,-10,1358.0
1:11.0,T. Rozier makes 3-pt jump shot from 25 ft,46-53, ,,2,46,53,-7,1369.0
0:57.0, ,46-53,Turnover by A. Simons (bad pass; steal by J. Butler),,2,46,53,-7,1383.0
0:53.0,H. Highsmith misses 3-pt jump shot from 26 ft,46-53, ,,2,46,53,-7,1387.0
0:49.0, ,46-53,Defensive rebound by K. Murray,,2,46,53,-7,1391.0
0:30.0, ,46-56,T. Camara makes 3-pt jump shot from 25 ft (assist by J. Grant),,2,46,56,-10,1410.0
0:19.0,T. Rozier misses 3-pt jump shot from 25 ft,46-56, ,,2,46,56,-10,1421.0
0:16.0, ,46-56,Defensive rebound by D. Ayton,,2,46,56,-10,1424.0
0:00.0, ,46-56,Turnover by J. Grant (lost ball; steal by T. Rozier),,2,46,56,-10,1440.0
0:00.0,End of 2nd quarter,46-56,,,2,46,56,-10,1440.0
12:00.0,Start of 3rd quarter,46-56,,,3,46,56,-10,1440.0
11:36.0,D. Robinson makes 3-pt jump shot from 27 ft (assist by J. Butler),49-56, ,,3,49,56,-7,1464.0
11:20.0, ,49-56,Personal foul by J. Butler (drawn by J. Grant),,3,49,56,-7,1480.0
11:13.0, ,49-56,T. Camara misses 2-pt layup from 4 ft,,3,49,56,-7,1487.0
11:11.0,Defensive rebound by T. Rozier,49-56, ,,3,49,56,-7,1489.0
11:01.0,D. Robinson makes 3-pt jump shot from 26 ft (assist by J. Butler),52-56, ,,3,52,56,-4,1499.0
10:49.0, ,52-56,Turnover by A. Simons (lost ball; steal by J. Butler),,3,52,56,-4,1511.0
10:46.0,J. Butler makes 2-pt dunk from 3 ft,54-56, ,,3,54,56,-2,1514.0
10:46.0, ,54-56,Portland full timeout,,3,54,56,-2,1514.0
10:23.0, ,54-56,T. Camara misses 2-pt layup from 4 ft,,3,54,56,-2,1537.0
10:21.0, ,54-56,Offensive rebound by J. Grant,,3,54,56,-2,1539.0
10:20.0, ,54-58,J. Grant makes 2-pt layup from 3 ft,,3,54,58,-4,1540.0
9:57.0,T. Rozier misses 2-pt jump shot from 8 ft,54-58, ,,3,54,58,-4,1563.0
9:55.0, ,54-58,Defensive rebound by A. Simons,,3,54,58,-4,1565.0
9:42.0, ,54-58,A. Simons misses 2-pt jump shot from 10 ft,,3,54,58,-4,1578.0
9:39.0, ,54-58,Offensive rebound by T. Camara,,3,54,58,-4,1581.0
9:39.0, ,54-60,T. Camara makes 2-pt layup at rim,,3,54,60,-6,1581.0
9:27.0,J. Butler makes 3-pt jump shot from 26 ft (assist by D. Robinson),57-60, ,,3,57,60,-3,1593.0
8:59.0, ,57-60,A. Simons misses 2-pt layup from 5 ft (block by T. Rozier),,3,57,60,-3,1621.0
8:59.0, ,57-60,Offensive rebound by Team,,3,57,60,-3,1621.0
8:59.0, ,57-60,Turnover by Team (shot clock),,3,57,60,-3,1621.0
8:47.0,Personal foul by T. Camara (drawn by B. Adebayo),57-60, ,,3,57,60,-3,1633.0
8:47.0, ,57-60,J. Walker enters the game for D. Reath,,3,57,60,-3,1633.0
8:43.0,Offensive foul by B. Adebayo (drawn by J. Walker),57-60, ,,3,57,60,-3,1637.0
8:43.0,Turnover by B. Adebayo (offensive foul),57-60, ,,3,57,60,-3,1637.0
8:23.0, ,57-60,J. Grant misses 2-pt jump shot from 8 ft (block by J. Butler),,3,57,60,-3,1657.0
8:18.0, ,57-60,Offensive rebound by T. Camara,,3,57,60,-3,1662.0
8:16.0, ,57-60,Turnover by K. Murray (lost ball; steal by J. Butler),,3,57,60,-3,1664.0
8:12.0,B. Adebayo makes 2-pt layup from 1 ft (assist by J. Butler),59-60, ,,3,59,60,-1,1668.0
8:12.0,Shooting foul by A. Simons (drawn by B. Adebayo),59-60, ,,3,59,60,-1,1668.0
8:12.0,B. Adebayo misses free throw 1 of 1,59-60, ,,3,59,60,-1,1668.0
8:10.0, ,59-60,Defensive rebound by J. Walker,,3,59,60,-1,1670.0
7:57.0, ,59-63,A. Simons makes 3-pt jump shot from 25 ft (assist by K. Murray),,3,59,63,-4,1683.0
7:32.0,N. Jović makes 3-pt jump shot from 24 ft (assist by D. Robinson),62-63, ,,3,62,63,-1,1708.0
7:11.0, ,62-65,A. Simons makes 2-pt jump shot from 15 ft,,3,62,65,-3,1729.0
6:55.0,N. Jović misses 3-pt jump shot from 26 ft,62-65, ,,3,62,65,-3,1745.0
6:53.0, ,62-65,Defensive rebound by T. Camara,,3,62,65,-3,1747.0
6:46.0, ,62-65,T. Camara misses 2-pt layup from 6 ft,,3,62,65,-3,1754.0
6:44.0,Defensive rebound by J. Butler,62-65, ,,3,62,65,-3,1756.0
6:41.0,Shooting foul by K. Murray (drawn by T. Rozier),62-65, ,,3,62,65,-3,1759.0
6:41.0,T. Rozier makes free throw 1 of 2,63-65, ,,3,63,65,-2,1759.0
6:41.0,T. Rozier makes free throw 2 of 2,64-65, ,,3,64,65,-1,1759.0
6:25.0, ,64-67,J. Grant makes 2-pt jump shot from 19 ft,,3,64,67,-3,1775.0
6:12.0,Personal foul by K. Murray (drawn by J. Butler),64-67, ,,3,64,67,-3,1788.0
6:12.0,J. Jaquez enters the game for J. Butler,64-67, ,,3,64,67,-3,1788.0
6:12.0, ,64-67,M. Thybulle enters the game for T. Camara,,3,64,67,-3,1788.0
6:01.0,N. Jović makes 3-pt jump shot from 26 ft (assist by T. Rozier),67-67, ,Tie,3,67,67,0,1799.0
5:45.0, ,67-67,A. Simons misses 3-pt jump shot from 28 ft,,3,67,67,0,1815.0
5:42.0,Defensive rebound by N. Jović,67-67, ,,3,67,67,0,1818.0
5:30.0,Turnover by B. Adebayo (bad pass; steal by M. Thybulle),67-67, ,,3,67,67,0,1830.0
5:25.0, ,67-67,A. Simons misses 2-pt layup from 9 ft (block by T. Rozier),,3,67,67,0,1835.0
5:25.0, ,67-67,Offensive rebound by Team,,3,67,67,0,1835.0
5:19.0, ,67-69,J. Walker makes 2-pt jump shot from 17 ft (assist by J. Grant),,3,67,69,-2,1841.0
4:56.0,D. Robinson makes 2-pt layup from 2 ft (assist by J. Jaquez),69-69, ,Tie,3,69,69,0,1864.0
4:44.0, ,69-71,J. Walker makes 2-pt layup from 2 ft (assist by A. Simons),,3,69,71,-2,1876.0
4:37.0,N. Jović makes 2-pt layup from 2 ft (assist by T. Rozier),71-71, ,Tie,3,71,71,0,1883.0
4:17.0, ,71-71,J. Grant misses 2-pt jump shot from 19 ft,,3,71,71,0,1903.0
4:14.0,Defensive rebound by N. Jović,71-71, ,,3,71,71,0,1906.0
4:07.0,T. Rozier makes 2-pt layup from 4 ft (assist by B. Adebayo),73-71, ,Lead change,3,73,71,2,1913.0
3:54.0, ,73-71,A. Simons misses 2-pt layup from 3 ft,,3,73,71,2,1926.0
3:52.0,Defensive rebound by B. Adebayo,73-71, ,,3,73,71,2,1928.0
3:41.0,Shooting foul by K. Murray (drawn by D. Robinson),73-71, ,,3,73,71,2,1939.0
3:41.0, ,73-71,Portland full timeout,,3,73,71,2,1939.0
3:41.0, ,73-71,Instant Replay (Challenge: Ruling Stands),,3,73,71,2,1939.0
3:41.0,C. Martin enters the game for N. Jović,73-71, ,,3,73,71,2,1939.0
3:41.0,D. Wright enters the game for T. Rozier,73-71, ,,3,73,71,2,1939.0
3:41.0,D. Robinson makes free throw 1 of 3,74-71, ,,3,74,71,3,1939.0
3:41.0,D. Robinson makes free throw 2 of 3,75-71, ,,3,75,71,4,1939.0
3:41.0,D. Robinson makes free throw 3 of 3,76-71, ,,3,76,71,5,1939.0
3:26.0, ,76-71,K. Murray misses 3-pt jump shot from 25 ft,,3,76,71,5,1954.0
3:23.0,Defensive rebound by B. Adebayo,76-71, ,,3,76,71,5,1957.0
3:17.0,Turnover by C. Martin (out of bounds lost ball),76-71, ,,3,76,71,5,1963.0
2:58.0, ,76-71,J. Grant misses 2-pt layup from 6 ft (block by B. Adebayo),,3,76,71,5,1982.0
2:55.0,Defensive rebound by D. Robinson,76-71, ,,3,76,71,5,1985.0
2:41.0,J. Jaquez misses 3-pt jump shot from 23 ft,76-71, ,,3,76,71,5,1999.0
2:40.0,Offensive rebound by Team,76-71, ,,3,76,71,5,2000.0
2:40.0, ,76-71,Loose ball foul by J. Grant (drawn by B. Adebayo),,3,76,71,5,2000.0
2:40.0,B. Adebayo misses free throw 1 of 2,76-71, ,,3,76,71,5,2000.0
2:40.0,J. Butler enters the game for D. Robinson,76-71, ,,3,76,71,5,2000.0
2:40.0, ,76-71,T. Camara enters the game for J. Grant,,3,76,71,5,2000.0
2:40.0,B. Adebayo makes free throw 2 of 2,77-71, ,,3,77,71,6,2000.0
2:21.0, ,77-71,K. Murray misses 3-pt jump shot from 24 ft,,3,77,71,6,2019.0
2:17.0, ,77-71,Offensive rebound by M. Thybulle,,3,77,71,6,2023.0
2:16.0, ,77-71,Shooting foul by J. Jaquez (drawn by J. Walker),,3,77,71,6,2024.0
2:16.0, ,77-71,Instant Replay (Request: Ruling Stands),,3,77,71,6,2024.0
2:16.0, ,77-71,J. Walker misses free throw 1 of 2,,3,77,71,6,2024.0
2:16.0, ,77-71,Offensive rebound by Team,,3,77,71,6,2024.0
2:16.0,K. Love enters the game for B. Adebayo,77-71, ,,3,77,71,6,2024.0
2:16.0, ,77-72,J. Walker makes free throw 2 of 2,,3,77,72,5,2024.0
2:00.0,Shooting foul by T. Camara (drawn by J. Butler),77-72, ,,3,77,72,5,2040.0
2:00.0,J. Butler misses free throw 1 of 2,77-72, ,,3,77,72,5,2040.0
2:00.0,Offensive rebound by Team,77-72, ,,3,77,72,5,2040.0
2:00.0,J. Butler makes free throw 2 of 2,78-72, ,,3,78,72,6,2040.0
1:47.0, ,78-72,Shooting foul by K. Love (drawn by A. Simons),,3,78,72,6,2053.0
1:47.0, ,78-73,A. Simons makes free throw 1 of 2,,3,78,73,5,2053.0
1:47.0, ,78-74,A. Simons makes free throw 2 of 2,,3,78,74,4,2053.0
1:39.0,Offensive foul by K. Love (drawn by J. Walker),78-74, ,,3,78,74,4,2061.0
1:39.0,Turnover by K. Love (offensive foul),78-74, ,,3,78,74,4,2061.0
1:18.0, ,78-74,J. Walker misses 2-pt hook shot from 10 ft (block by K. Love),,3,78,74,4,2082.0
1:15.0, ,78-74,Offensive rebound by K. Murray,,3,78,74,4,2085.0
1:14.0, ,78-74,K. Murray misses 3-pt jump shot from 35 ft,,3,78,74,4,2086.0
1:12.0,Defensive rebound by K. Love,78-74, ,,3,78,74,4,2088.0
0:55.0,K. Love misses 3-pt jump shot from 26 ft,78-74, ,,3,78,74,4,2105.0
0:53.0, ,78-74,Defensive rebound by T. Camara,,3,78,74,4,2107.0
0:31.0, ,78-74,A. Simons misses 3-pt jump shot from 27 ft,,3,78,74,4,2129.0
0:27.0,Defensive rebound by Team,78-74, ,,3,78,74,4,2133.0
0:15.0,J. Butler makes 2-pt dunk from 3 ft,80-74, ,,3,80,74,6,2145.0
0:01.0, ,80-74,Shooting foul by J. Butler (drawn by J. Walker),,3,80,74,6,2159.0
0:01.0, ,80-75,J. Walker makes free throw 1 of 2,,3,80,75,5,2159.0
0:01.0, ,80-76,J. Walker makes free throw 2 of 2,,3,80,76,4,2159.0
0:00.0,J. Butler misses 3-pt jump shot from 31 ft,80-76, ,,3,80,76,4,2160.0
0:00.0,Offensive rebound by Team,80-76, ,,3,80,76,4,2160.0
0:00.0,End of 3rd quarter,80-76,,,3,80,76,4,2160.0
12:00.0,Start of 4th quarter,80-76,,,4,80,76,4,2160.0
11:38.0, ,80-76,M. Thybulle misses 2-pt jump shot from 9 ft,,4,80,76,4,2182.0
11:37.0, ,80-76,Offensive rebound by A. Hagans,,4,80,76,4,2183.0
11:29.0, ,80-78,T. Camara makes 2-pt layup from 4 ft,,4,80,78,2,2191.0
11:12.0,Personal foul by D. Reath (drawn by K. Love),80-78, ,,4,80,78,2,2208.0
10:58.0,J. Jaquez misses 2-pt jump shot from 10 ft (block by A. Hagans),80-78, ,,4,80,78,2,2222.0
10:58.0,Offensive rebound by Team,80-78, ,,4,80,78,2,2222.0
10:58.0,Turnover by Team (shot clock),80-78, ,,4,80,78,2,2222.0
10:46.0, ,80-78,J. Grant misses 2-pt jump shot from 17 ft,,4,80,78,2,2234.0
10:44.0, ,80-78,Offensive rebound by D. Reath,,4,80,78,2,2236.0
10:44.0, ,80-78,D. Reath misses 2-pt layup from 3 ft,,4,80,78,2,2236.0
10:44.0, ,80-78,Offensive rebound by T. Camara,,4,80,78,2,2236.0
10:40.0, ,80-80,T. Camara makes 2-pt layup at rim,Tie,4,80,80,0,2240.0
10:36.0,Personal foul by A. Hagans (drawn by D. Wright),80-80, ,,4,80,80,0,2244.0
10:17.0,C. Martin makes 2-pt layup from 3 ft (assist by K. Love),82-80, ,,4,82,80,2,2263.0
9:52.0, ,82-80,Turnover by T. Camara (lost ball; steal by D. Wright),,4,82,80,2,2288.0
9:46.0,J. Butler misses 2-pt layup from 4 ft,82-80, ,,4,82,80,2,2294.0
9:45.0, ,82-80,Defensive rebound by T. Camara,,4,82,80,2,2295.0
9:38.0, ,82-80,Shooting foul by J. Butler (drawn by J. Grant),,4,82,80,2,2302.0
9:38.0, ,82-81,J. Grant makes free throw 1 of 2,,4,82,81,1,2302.0
9:38.0, ,82-81,A. Simons enters the game for T. Camara,,4,82,81,1,2302.0
9:38.0, ,82-82,J. Grant makes free throw 2 of 2,Tie,4,82,82,0,2302.0
9:22.0,K. Love makes 3-pt jump shot from 26 ft (assist by D. Wright),85-82, ,,4,85,82,3,2318.0
9:00.0, ,85-84,M. Thybulle makes 2-pt jump shot from 15 ft (assist by A. Hagans),,4,85,84,1,2340.0
8:32.0,J. Butler makes 2-pt jump shot from 11 ft (assist by D. Wright),87-84, ,,4,87,84,3,2368.0
8:32.0,T. Rozier enters the game for D. Wright,87-84, ,,4,87,84,3,2368.0
8:12.0, ,87-84,D. Reath misses 3-pt jump shot from 26 ft,,4,87,84,3,2388.0
8:09.0,Defensive rebound by T. Rozier,87-84, ,,4,87,84,3,2391.0
8:04.0,Personal foul by A. Hagans (drawn by K. Love),87-84, ,,4,87,84,3,2396.0
8:04.0, ,87-84,J. Walker enters the game for D. Reath,,4,87,84,3,2396.0
7:58.0,Shooting foul by M. Thybulle (drawn by J. Jaquez),87-84, ,,4,87,84,3,2402.0
7:58.0,J. Jaquez makes free throw 1 of 2,88-84, ,,4,88,84,4,2402.0
7:58.0,J. Jaquez makes free throw 2 of 2,89-84, ,,4,89,84,5,2402.0
7:44.0, ,89-86,A. Simons makes 2-pt layup from 6 ft (assist by J. Walker),,4,89,86,3,2416.0
7:32.0,Shooting foul by J. Grant (drawn by J. Butler),89-86, ,,4,89,86,3,2428.0
7:32.0,J. Butler makes free throw 1 of 2,90-86, ,,4,90,86,4,2428.0
7:32.0,B. Adebayo enters the game for J. Jaquez,90-86, ,,4,90,86,4,2428.0
7:32.0,D. Robinson enters the game for K. Love,90-86, ,,4,90,86,4,2428.0
7:32.0,J. Butler makes free throw 2 of 2,91-86, ,,4,91,86,5,2428.0
7:23.0, ,91-86,Turnover by A. Hagans (lost ball; steal by D. Robinson),,4,91,86,5,2437.0
7:19.0,Turnover by D. Robinson (bad pass; steal by M. Thybulle),91-86, ,,4,91,86,5,2441.0
7:16.0, ,91-86,M. Thybulle misses 3-pt jump shot from 26 ft,,4,91,86,5,2444.0
7:13.0,Defensive rebound by C. Martin,91-86, ,,4,91,86,5,2447.0
7:06.0,Turnover by T. Rozier (bad pass),91-86, ,,4,91,86,5,2454.0
7:06.0,J. Jaquez enters the game for J. Butler,91-86, ,,4,91,86,5,2454.0
6:51.0, ,91-88,A. Hagans makes 2-pt layup from 3 ft (assist by M. Thybulle),,4,91,88,3,2469.0
6:35.0,T. Rozier makes 3-pt jump shot from 27 ft (assist by J. Jaquez),94-88, ,,4,94,88,6,2485.0
6:21.0, ,94-88,Turnover by A. Simons (bad pass),,4,94,88,6,2499.0
6:21.0, ,94-88,Loose ball foul by A. Simons (drawn by B. Adebayo),,4,94,88,6,2499.0
6:21.0, ,94-88,Portland full timeout,,4,94,88,6,2499.0
6:21.0,B. Adebayo misses free throw 1 of 2,94-88, ,,4,94,88,6,2499.0
6:21.0,Offensive rebound by Team,94-88, ,,4,94,88,6,2499.0
6:21.0,B. Adebayo makes free throw 2 of 2,95-88, ,,4,95,88,7,2499.0
5:57.0, ,95-90,M. Thybulle makes 2-pt layup from 6 ft (assist by J. Grant),,4,95,90,5,2523.0
5:40.0,T. Rozier makes 2-pt jump shot from 18 ft (assist by J. Jaquez),97-90, ,,4,97,90,7,2540.0
5:25.0, ,97-90,Personal foul by J. Jaquez (drawn by A. Hagans),,4,97,90,7,2555.0
5:25.0, ,97-90,T. Camara enters the game for J. Walker,,4,97,90,7,2555.0
5:15.0, ,97-90,A. Simons misses 2-pt layup from 7 ft,,4,97,90,7,2565.0
5:13.0,Defensive rebound by C. Martin,97-90, ,,4,97,90,7,2567.0
5:02.0,B. Adebayo misses 2-pt layup from 4 ft,97-90, ,,4,97,90,7,2578.0
5:00.0, ,97-90,Defensive rebound by A. Hagans,,4,97,90,7,2580.0
4:58.0, ,97-90,Personal foul by D. Robinson (drawn by M. Thybulle),,4,97,90,7,2582.0
4:49.0, ,97-90,A. Simons misses 3-pt jump shot from 29 ft,,4,97,90,7,2591.0
4:47.0,Defensive rebound by D. Robinson,97-90, ,,4,97,90,7,2593.0
4:35.0,Shooting foul by T. Camara (drawn by B. Adebayo),97-90, ,,4,97,90,7,2605.0
4:35.0,B. Adebayo misses free throw 1 of 2,97-90, ,,4,97,90,7,2605.0
4:35.0,Offensive rebound by Team,97-90, ,,4,97,90,7,2605.0
4:35.0,B. Adebayo makes free throw 2 of 2,98-90, ,,4,98,90,8,2605.0
4:21.0, ,98-90,A. Simons misses 3-pt jump shot from 26 ft,,4,98,90,8,2619.0
4:18.0,Defensive rebound by B. Adebayo,98-90, ,,4,98,90,8,2622.0
4:03.0,J. Jaquez makes 3-pt jump shot from 25 ft (assist by B. Adebayo),101-90, ,,4,101,90,11,2637.0
3:44.0, ,101-90,A. Hagans misses 2-pt layup from 2 ft,,4,101,90,11,2656.0
3:41.0,Defensive rebound by B. Adebayo,101-90, ,,4,101,90,11,2659.0
3:32.0,Turnover by D. Robinson (bad pass; steal by J. Grant),101-90, ,,4,101,90,11,2668.0
3:28.0, ,101-92,A. Simons makes 2-pt dunk from 1 ft (assist by T. Camara),,4,101,92,9,2672.0
3:27.0,Miami full timeout,101-92, ,,4,101,92,9,2673.0
3:27.0,J. Butler enters the game for J. Jaquez,101-92, ,,4,101,92,9,2673.0
3:04.0,T. Rozier makes 2-pt jump shot from 16 ft,103-92, ,,4,103,92,11,2696.0
2:50.0, ,103-92,Offensive foul by T. Camara (drawn by T. Rozier),,4,103,92,11,2710.0
2:50.0, ,103-92,Turnover by T. Camara (offensive foul),,4,103,92,11,2710.0
2:34.0,T. Rozier misses 2-pt jump shot from 21 ft,103-92, ,,4,103,92,11,2726.0
2:30.0, ,103-92,Defensive rebound by A. Hagans,,4,103,92,11,2730.0
2:22.0, ,103-94,A. Simons makes 2-pt layup from 4 ft,,4,103,94,9,2738.0
1:52.0,D. Robinson misses 3-pt jump shot from 26 ft,103-94, ,,4,103,94,9,2768.0
1:50.0, ,103-94,Defensive rebound by Team,,4,103,94,9,2770.0
1:31.0, ,103-94,M. Thybulle misses 3-pt jump shot from 26 ft,,4,103,94,9,2789.0
1:29.0,Defensive rebound by T. Rozier,103-94, ,,4,103,94,9,2791.0
1:09.0,C. Martin makes 3-pt jump shot from 24 ft (assist by T. Rozier),106-94, ,,4,106,94,12,2811.0
1:09.0, ,106-94,Portland full timeout,,4,106,94,12,2811.0
1:09.0, ,106-94,K. Murray enters the game for A. Hagans,,4,106,94,12,2811.0
1:05.0, ,106-94,J. Grant misses 3-pt jump shot from 27 ft,,4,106,94,12,2815.0
1:00.0,Defensive rebound by J. Butler,106-94, ,,4,106,94,12,2820.0
0:41.0,J. Butler misses 2-pt layup from 2 ft,106-94, ,,4,106,94,12,2839.0
0:38.0, ,106-94,Defensive rebound by J. Grant,,4,106,94,12,2842.0
0:34.0, ,106-94,Shooting foul by D. Robinson (drawn by J. Grant),,4,106,94,12,2846.0
0:34.0, ,106-95,J. Grant makes free throw 1 of 2,,4,106,95,11,2846.0
0:34.0, ,106-96,J. Grant makes free throw 2 of 2,,4,106,96,10,2846.0
0:24.0,Turnover by J. Butler (bad pass),106-96, ,,4,106,96,10,2856.0
0:20.0, ,106-96,Offensive foul by T. Camara (drawn by T. Rozier),,4,106,96,10,2860.0
0:20.0, ,106-96,Turnover by T. Camara (offensive foul),,4,106,96,10,2860.0
0:00.0,End of 4th quarter,106-96,,,4,106,96,10,2880.0
