Time,Miami,Score,Oklahoma City,Event,Quarter,MiamiScore,OpponentScore,PointDifference,ElapsedTime
12:00.0,Jump ball: B. Adebayo vs. C. Holmgren (S. Gilgeous-Alexander gains possession),0-0,,,1,0,0,0,0.0
11:48.0, ,0-0,J. Williams misses 2-pt jump shot from 18 ft,,1,0,0,0,12.0
11:44.0,Defensive rebound by N. Jović,0-0, ,,1,0,0,0,16.0
11:29.0,D. Robinson misses 3-pt jump shot from 26 ft,0-0, ,,1,0,0,0,31.0
11:26.0, ,0-0,Defensive rebound by L. Dort,,1,0,0,0,34.0
11:12.0, ,0-0,C. Holmgren misses 2-pt jump shot from 9 ft,,1,0,0,0,48.0
11:08.0,Defensive rebound by D. Robinson,0-0, ,,1,0,0,0,52.0
10:56.0,J. Butler misses 2-pt jump shot from 16 ft,0-0, ,,1,0,0,0,64.0
10:53.0, ,0-0,Defensive rebound by J. Giddey,,1,0,0,0,67.0
10:43.0, ,0-0,C. Holmgren misses 3-pt jump shot from 25 ft,,1,0,0,0,77.0
10:40.0,Defensive rebound by N. Jović,0-0, ,,1,0,0,0,80.0
10:20.0,N. Jović misses 2-pt hook shot from 4 ft,0-0, ,,1,0,0,0,100.0
10:18.0, ,0-0,Defensive rebound by C. Holmgren,,1,0,0,0,102.0
10:11.0, ,0-0,L. Dort misses 3-pt jump shot from 24 ft,,1,0,0,0,109.0
10:06.0,Defensive rebound by J. Butler,0-0, ,,1,0,0,0,114.0
10:03.0,J. Butler makes 2-pt jump shot from 2 ft,2-0, ,,1,2,0,2,117.0
9:46.0, ,2-2,J. Williams makes 2-pt layup from 1 ft (assist by J. Giddey),Tie,1,2,2,0,134.0
9:28.0,J. Butler makes 2-pt layup from 1 ft (assist by B. Adebayo),4-2, ,,1,4,2,2,152.0
9:17.0, ,4-4,J. Giddey makes 2-pt layup from 5 ft (assist by S. Gilgeous-Alexander),Tie,1,4,4,0,163.0
9:05.0,J. Butler misses 2-pt jump shot from 8 ft,4-4, ,,1,4,4,0,175.0
9:03.0, ,4-4,Defensive rebound by S. Gilgeous-Alexander,,1,4,4,0,177.0
8:53.0, ,4-4,S. Gilgeous-Alexander misses 2-pt jump shot from 12 ft,,1,4,4,0,187.0
8:49.0,Defensive rebound by T. Rozier,4-4, ,,1,4,4,0,191.0
8:47.0,J. Butler makes 2-pt dunk from 1 ft (assist by T. Rozier),6-4, ,,1,6,4,2,193.0
8:39.0, ,6-4,J. Giddey misses 2-pt layup from 1 ft,,1,6,4,2,201.0
8:39.0, ,6-4,Offensive rebound by J. Giddey,,1,6,4,2,201.0
8:25.0, ,6-4,Personal foul by D. Robinson (drawn by L. Dort),,1,6,4,2,215.0
8:23.0, ,6-6,S. Gilgeous-Alexander makes 2-pt dunk at rim (assist by J. Giddey),Tie,1,6,6,0,217.0
8:11.0,T. Rozier makes 2-pt layup from 7 ft,8-6, ,,1,8,6,2,229.0
8:03.0, ,8-6,L. Dort misses 3-pt jump shot from 26 ft,,1,8,6,2,237.0
7:58.0,Defensive rebound by N. Jović,8-6, ,,1,8,6,2,242.0
7:47.0,B. Adebayo misses 2-pt jump shot from 14 ft,8-6, ,,1,8,6,2,253.0
7:45.0, ,8-6,Defensive rebound by S. Gilgeous-Alexander,,1,8,6,2,255.0
7:41.0, ,8-8,S. Gilgeous-Alexander makes 2-pt jump shot from 7 ft,Tie,1,8,8,0,259.0
7:25.0,T. Rozier makes 2-pt hook shot from 5 ft,10-8, ,,1,10,8,2,275.0
7:11.0, ,10-8,C. Holmgren misses 2-pt layup from 6 ft,,1,10,8,2,289.0
7:09.0,Defensive rebound by N. Jović,10-8, ,,1,10,8,2,291.0
7:06.0,D. Robinson misses 3-pt jump shot from 26 ft,10-8, ,,1,10,8,2,294.0
7:02.0, ,10-8,Defensive rebound by J. Giddey,,1,10,8,2,298.0
6:57.0, ,10-10,S. Gilgeous-Alexander makes 2-pt layup from 5 ft (assist by J. Giddey),Tie,1,10,10,0,303.0
6:29.0,J. Butler misses 3-pt jump shot from 28 ft,10-10, ,,1,10,10,0,331.0
6:29.0, ,10-10,Defensive rebound by Team,,1,10,10,0,331.0
6:29.0, ,10-10,Oklahoma City full timeout,,1,10,10,0,331.0
6:17.0, ,10-12,C. Holmgren makes 2-pt dunk from 1 ft (assist by J. Williams),Lead change,1,10,12,-2,343.0
6:02.0,B. Adebayo makes 2-pt jump shot from 13 ft (assist by T. Rozier),12-12, ,Tie,1,12,12,0,358.0
5:44.0, ,12-12,Turnover by J. Williams (traveling),,1,12,12,0,376.0
5:44.0,J. Jaquez enters the game for J. Butler,12-12, ,,1,12,12,0,376.0
5:44.0,C. Martin enters the game for N. Jović,12-12, ,,1,12,12,0,376.0
5:31.0,Shooting foul by C. Holmgren (drawn by J. Jaquez),12-12, ,,1,12,12,0,389.0
5:31.0,J. Jaquez makes free throw 1 of 2,13-12, ,Lead change,1,13,12,1,389.0
5:31.0, ,13-12,G. Hayward enters the game for J. Williams,,1,13,12,1,389.0
5:31.0,J. Jaquez makes free throw 2 of 2,14-12, ,,1,14,12,2,389.0
5:19.0, ,14-12,Personal foul by J. Jaquez (drawn by S. Gilgeous-Alexander),,1,14,12,2,401.0
5:19.0, ,14-12,I. Joe enters the game for J. Giddey,,1,14,12,2,401.0
5:11.0, ,14-15,L. Dort makes 3-pt jump shot from 24 ft (assist by S. Gilgeous-Alexander),Lead change,1,14,15,-1,409.0
4:56.0,J. Jaquez makes 2-pt hook shot from 3 ft,16-15, ,Lead change,1,16,15,1,424.0
4:47.0, ,16-15,Shooting foul by J. Jaquez (drawn by S. Gilgeous-Alexander),,1,16,15,1,433.0
4:47.0, ,16-16,S. Gilgeous-Alexander makes free throw 1 of 2,Tie,1,16,16,0,433.0
4:47.0, ,16-16,J. Williams enters the game for C. Holmgren,,1,16,16,0,433.0
4:47.0, ,16-16,S. Gilgeous-Alexander misses free throw 2 of 2,,1,16,16,0,433.0
4:45.0,Defensive rebound by B. Adebayo,16-16, ,,1,16,16,0,435.0
4:36.0,B. Adebayo misses 2-pt jump shot from 9 ft (block by L. Dort),16-16, ,,1,16,16,0,444.0
4:33.0, ,16-16,Defensive rebound by J. Williams,,1,16,16,0,447.0
4:26.0, ,16-16,S. Gilgeous-Alexander misses 2-pt layup from 5 ft (block by C. Martin),,1,16,16,0,454.0
4:26.0, ,16-16,Offensive rebound by Team,,1,16,16,0,454.0
4:20.0, ,16-19,G. Hayward makes 3-pt jump shot from 23 ft (assist by I. Joe),Lead change,1,16,19,-3,460.0
4:17.0,Miami full timeout,16-19, ,,1,16,19,-3,463.0
4:17.0, ,16-19,C. Wallace enters the game for L. Dort,,1,16,19,-3,463.0
4:07.0,Shooting foul by G. Hayward (drawn by J. Jaquez),16-19, ,,1,16,19,-3,473.0
4:07.0,J. Jaquez makes free throw 1 of 2,17-19, ,,1,17,19,-2,473.0
4:07.0,J. Jaquez makes free throw 2 of 2,18-19, ,,1,18,19,-1,473.0
4:00.0, ,18-19,Turnover by C. Wallace (out of bounds lost ball),,1,18,19,-1,480.0
3:45.0,C. Martin misses 3-pt jump shot from 23 ft,18-19, ,,1,18,19,-1,495.0
3:42.0, ,18-19,Defensive rebound by J. Williams,,1,18,19,-1,498.0
3:27.0, ,18-19,Turnover by C. Wallace (lost ball; steal by T. Rozier),,1,18,19,-1,513.0
3:23.0,T. Rozier misses 2-pt layup from 5 ft (block by C. Wallace),18-19, ,,1,18,19,-1,517.0
3:22.0,Offensive rebound by T. Rozier,18-19, ,,1,18,19,-1,518.0
3:21.0,T. Rozier misses 2-pt layup from 4 ft (block by J. Williams),18-19, ,,1,18,19,-1,519.0
3:20.0, ,18-19,Defensive rebound by G. Hayward,,1,18,19,-1,520.0
3:15.0, ,18-21,I. Joe makes 2-pt layup from 3 ft (assist by G. Hayward),,1,18,21,-3,525.0
3:02.0,D. Robinson makes 3-pt jump shot from 25 ft (assist by B. Adebayo),21-21, ,Tie,1,21,21,0,538.0
2:42.0, ,21-21,Turnover by I. Joe (bad pass; steal by D. Robinson),,1,21,21,0,558.0
2:38.0,J. Jaquez makes 2-pt layup from 2 ft,23-21, ,Lead change,1,23,21,2,562.0
2:38.0, ,23-21,Violation by Team (def goaltending),,1,23,21,2,562.0
2:21.0, ,23-21,C. Wallace misses 2-pt jump shot from 12 ft (block by B. Adebayo),,1,23,21,2,579.0
2:16.0, ,23-21,Offensive rebound by I. Joe,,1,23,21,2,584.0
2:14.0, ,23-24,S. Gilgeous-Alexander makes 3-pt jump shot from 25 ft (assist by G. Hayward),Lead change,1,23,24,-1,586.0
1:58.0,Turnover by C. Martin (bad pass),23-24, ,,1,23,24,-1,602.0
1:58.0,J. Butler enters the game for B. Adebayo,23-24, ,,1,23,24,-1,602.0
1:58.0,N. Jović enters the game for T. Rozier,23-24, ,,1,23,24,-1,602.0
1:44.0, ,23-24,Turnover by S. Gilgeous-Alexander (bad pass; steal by J. Jaquez),,1,23,24,-1,616.0
1:41.0,Shooting foul by J. Williams (drawn by J. Jaquez),23-24, ,,1,23,24,-1,619.0
1:41.0,J. Jaquez misses free throw 1 of 2,23-24, ,,1,23,24,-1,619.0
1:41.0,Offensive rebound by Team,23-24, ,,1,23,24,-1,619.0
1:41.0,P. Mills enters the game for D. Robinson,23-24, ,,1,23,24,-1,619.0
1:41.0,J. Jaquez misses free throw 2 of 2,23-24, ,,1,23,24,-1,619.0
1:39.0, ,23-24,Defensive rebound by J. Williams,,1,23,24,-1,621.0
1:27.0,Violation by Team (kicked ball),23-24, ,,1,23,24,-1,633.0
1:17.0, ,23-24,I. Joe misses 3-pt jump shot from 24 ft,,1,23,24,-1,643.0
1:14.0,Defensive rebound by N. Jović,23-24, ,,1,23,24,-1,646.0
0:59.0,J. Jaquez makes 3-pt jump shot from 26 ft (assist by N. Jović),26-24, ,Lead change,1,26,24,2,661.0
0:44.0, ,26-24,C. Wallace misses 3-pt jump shot from 23 ft,,1,26,24,2,676.0
0:42.0, ,26-24,Offensive rebound by J. Williams,,1,26,24,2,678.0
0:31.0, ,26-27,C. Wallace makes 3-pt jump shot from 23 ft (assist by S. Gilgeous-Alexander),Lead change,1,26,27,-1,689.0
0:11.0,C. Martin makes 3-pt jump shot from 26 ft (assist by J. Butler),29-27, ,Lead change,1,29,27,2,709.0
0:01.0, ,29-27,S. Gilgeous-Alexander misses 2-pt layup from 3 ft (block by N. Jović),,1,29,27,2,719.0
0:01.0,Defensive rebound by J. Jaquez,29-27, ,,1,29,27,2,719.0
0:00.0,J. Jaquez misses 3-pt jump shot from 53 ft,29-27, ,,1,29,27,2,720.0
0:00.0, ,29-27,Defensive rebound by Team,,1,29,27,2,720.0
0:00.0,End of 1st quarter,29-27,,,1,29,27,2,720.0
12:00.0,Start of 2nd quarter,29-27,,,2,29,27,2,720.0
11:45.0,J. Butler makes 2-pt layup from 4 ft (assist by N. Jović),31-27, ,,2,31,27,4,735.0
11:45.0,Shooting foul by C. Wallace (drawn by J. Butler),31-27, ,,2,31,27,4,735.0
11:45.0,J. Butler makes free throw 1 of 1,32-27, ,,2,32,27,5,735.0
11:27.0, ,32-29,J. Giddey makes 2-pt layup from 1 ft (assist by C. Wallace),,2,32,29,3,753.0
11:04.0,P. Mills makes 3-pt jump shot from 25 ft (assist by J. Butler),35-29, ,,2,35,29,6,776.0
10:53.0, ,35-29,J. Williams misses 2-pt layup from 2 ft (block by N. Jović),,2,35,29,6,787.0
10:50.0,Defensive rebound by P. Mills,35-29, ,,2,35,29,6,790.0
10:48.0,Turnover by P. Mills (lost ball; steal by J. Williams),35-29, ,,2,35,29,6,792.0
10:34.0, ,35-31,J. Williams makes 2-pt layup from 1 ft (assist by J. Giddey),,2,35,31,4,806.0
10:21.0,C. Martin misses 2-pt layup from 2 ft,35-31, ,,2,35,31,4,819.0
10:18.0, ,35-31,Defensive rebound by J. Giddey,,2,35,31,4,822.0
10:12.0, ,35-31,C. Holmgren misses 3-pt jump shot from 25 ft,,2,35,31,4,828.0
10:11.0,Defensive rebound by J. Jaquez,35-31, ,,2,35,31,4,829.0
9:59.0,P. Mills makes 3-pt jump shot from 24 ft (assist by J. Jaquez),38-31, ,,2,38,31,7,841.0
9:45.0, ,38-31,J. Williams misses 3-pt jump shot from 25 ft,,2,38,31,7,855.0
9:40.0,Defensive rebound by P. Mills,38-31, ,,2,38,31,7,860.0
9:29.0,J. Jaquez makes 2-pt hook shot from 2 ft,40-31, ,,2,40,31,9,871.0
9:28.0, ,40-31,Oklahoma City full timeout,,2,40,31,9,872.0
9:28.0, ,40-31,L. Dort enters the game for C. Wallace,,2,40,31,9,872.0
9:13.0, ,40-33,J. Williams makes 2-pt layup from 4 ft (assist by C. Holmgren),,2,40,33,7,887.0
8:53.0,P. Mills makes 2-pt jump shot from 16 ft,42-33, ,,2,42,33,9,907.0
8:30.0, ,42-33,L. Dort misses 3-pt jump shot from 25 ft,,2,42,33,9,930.0
8:28.0,Defensive rebound by N. Jović,42-33, ,,2,42,33,9,932.0
8:23.0,C. Martin misses 3-pt jump shot from 24 ft,42-33, ,,2,42,33,9,937.0
8:19.0, ,42-33,Defensive rebound by L. Dort,,2,42,33,9,941.0
8:15.0, ,42-33,Personal foul by P. Mills (drawn by J. Giddey),,2,42,33,9,945.0
8:07.0, ,42-33,J. Williams misses 3-pt jump shot from 25 ft,,2,42,33,9,953.0
8:03.0,Defensive rebound by C. Martin,42-33, ,,2,42,33,9,957.0
7:50.0,P. Mills misses 2-pt jump shot from 19 ft (block by A. Wiggins),42-33, ,,2,42,33,9,970.0
7:49.0, ,42-33,Defensive rebound by Team,,2,42,33,9,971.0
7:33.0, ,42-33,A. Wiggins misses 3-pt jump shot from 22 ft,,2,42,33,9,987.0
7:30.0,Defensive rebound by J. Butler,42-33, ,,2,42,33,9,990.0
7:16.0,P. Mills makes 3-pt jump shot from 24 ft (assist by J. Jaquez),45-33, ,,2,45,33,12,1004.0
7:03.0, ,45-33,Turnover by J. Giddey (lost ball; steal by J. Jaquez),,2,45,33,12,1017.0
6:58.0,C. Martin makes 2-pt layup from 3 ft (assist by J. Butler),47-33, ,,2,47,33,14,1022.0
6:57.0, ,47-33,Oklahoma City full timeout,,2,47,33,14,1023.0
6:57.0, ,47-33,G. Hayward enters the game for J. Giddey,,2,47,33,14,1023.0
6:57.0, ,47-33,J. Williams enters the game for C. Holmgren,,2,47,33,14,1023.0
6:37.0, ,47-35,L. Dort makes 2-pt layup from 1 ft (assist by G. Hayward),,2,47,35,12,1043.0
6:20.0,N. Jović misses 3-pt jump shot from 25 ft,47-35, ,,2,47,35,12,1060.0
6:15.0, ,47-35,Defensive rebound by J. Williams,,2,47,35,12,1065.0
6:13.0, ,47-35,Personal foul by C. Martin (drawn by J. Williams),,2,47,35,12,1067.0
6:13.0,B. Adebayo enters the game for J. Butler,47-35, ,,2,47,35,12,1067.0
6:13.0,D. Robinson enters the game for N. Jović,47-35, ,,2,47,35,12,1067.0
6:13.0,T. Rozier enters the game for P. Mills,47-35, ,,2,47,35,12,1067.0
6:00.0, ,47-35,Turnover by L. Dort (bad pass; steal by B. Adebayo),,2,47,35,12,1080.0
5:45.0,Turnover by B. Adebayo (lost ball; steal by G. Hayward),47-35, ,,2,47,35,12,1095.0
5:32.0, ,47-38,J. Williams makes 3-pt jump shot from 25 ft (assist by J. Williams),,2,47,38,9,1108.0
5:17.0,J. Jaquez makes 2-pt layup from 3 ft (assist by B. Adebayo),49-38, ,,2,49,38,11,1123.0
5:02.0, ,49-38,J. Williams misses 2-pt jump shot from 10 ft,,2,49,38,11,1138.0
5:00.0,Defensive rebound by B. Adebayo,49-38, ,,2,49,38,11,1140.0
4:48.0,C. Martin misses 2-pt jump shot from 9 ft,49-38, ,,2,49,38,11,1152.0
4:44.0, ,49-38,Defensive rebound by J. Williams,,2,49,38,11,1156.0
4:39.0, ,49-38,A. Wiggins misses 3-pt jump shot from 23 ft,,2,49,38,11,1161.0
4:37.0,Defensive rebound by T. Rozier,49-38, ,,2,49,38,11,1163.0
4:29.0,Turnover by T. Rozier (bad pass; steal by J. Williams),49-38, ,,2,49,38,11,1171.0
4:25.0, ,49-38,Shooting foul by T. Rozier (drawn by J. Williams),,2,49,38,11,1175.0
4:25.0, ,49-39,J. Williams makes free throw 1 of 2,,2,49,39,10,1175.0
4:25.0, ,49-39,S. Gilgeous-Alexander enters the game for L. Dort,,2,49,39,10,1175.0
4:25.0, ,49-40,J. Williams makes free throw 2 of 2,,2,49,40,9,1175.0
4:17.0,Personal foul by J. Williams (drawn by D. Robinson),49-40, ,,2,49,40,9,1183.0
4:17.0, ,49-40,I. Joe enters the game for J. Williams,,2,49,40,9,1183.0
4:01.0,C. Martin misses 2-pt jump shot from 22 ft,49-40, ,,2,49,40,9,1199.0
3:58.0,Offensive rebound by B. Adebayo,49-40, ,,2,49,40,9,1202.0
3:53.0,Shooting foul by J. Williams (drawn by B. Adebayo),49-40, ,,2,49,40,9,1207.0
3:53.0,B. Adebayo misses free throw 1 of 2,49-40, ,,2,49,40,9,1207.0
3:53.0,Offensive rebound by Team,49-40, ,,2,49,40,9,1207.0
3:53.0,H. Highsmith enters the game for C. Martin,49-40, ,,2,49,40,9,1207.0
3:53.0,B. Adebayo makes free throw 2 of 2,50-40, ,,2,50,40,10,1207.0
3:42.0, ,50-43,I. Joe makes 3-pt jump shot from 28 ft (assist by S. Gilgeous-Alexander),,2,50,43,7,1218.0
3:19.0,T. Rozier misses 2-pt jump shot from 7 ft,50-43, ,,2,50,43,7,1241.0
3:17.0, ,50-43,Defensive rebound by A. Wiggins,,2,50,43,7,1243.0
3:07.0, ,50-43,S. Gilgeous-Alexander misses 2-pt layup from 2 ft,,2,50,43,7,1253.0
3:05.0,Defensive rebound by B. Adebayo,50-43, ,,2,50,43,7,1255.0
2:49.0,J. Jaquez makes 2-pt dunk from 1 ft (assist by B. Adebayo),52-43, ,,2,52,43,9,1271.0
2:29.0, ,52-43,S. Gilgeous-Alexander misses 3-pt jump shot from 26 ft,,2,52,43,9,1291.0
2:26.0,Defensive rebound by B. Adebayo,52-43, ,,2,52,43,9,1294.0
2:18.0,D. Robinson misses 3-pt jump shot from 25 ft,52-43, ,,2,52,43,9,1302.0
2:15.0,Offensive rebound by B. Adebayo,52-43, ,,2,52,43,9,1305.0
2:13.0,B. Adebayo misses 2-pt layup from 2 ft,52-43, ,,2,52,43,9,1307.0
2:10.0, ,52-43,Defensive rebound by I. Joe,,2,52,43,9,1310.0
1:57.0, ,52-45,S. Gilgeous-Alexander makes 2-pt jump shot from 11 ft,,2,52,45,7,1323.0
1:50.0,Miami full timeout,52-45, ,,2,52,45,7,1330.0
1:50.0,J. Butler enters the game for J. Jaquez,52-45, ,,2,52,45,7,1330.0
1:50.0, ,52-45,L. Dort enters the game for A. Wiggins,,2,52,45,7,1330.0
1:50.0, ,52-45,C. Holmgren enters the game for J. Williams,,2,52,45,7,1330.0
1:30.0,Offensive foul by J. Butler (drawn by L. Dort),52-45, ,,2,52,45,7,1350.0
1:30.0,Turnover by J. Butler (offensive foul),52-45, ,,2,52,45,7,1350.0
1:18.0, ,52-45,G. Hayward misses 2-pt jump shot from 13 ft,,2,52,45,7,1362.0
1:14.0,Defensive rebound by J. Butler,52-45, ,,2,52,45,7,1366.0
0:58.0,D. Robinson misses 3-pt jump shot from 24 ft,52-45, ,,2,52,45,7,1382.0
0:57.0, ,52-45,Defensive rebound by G. Hayward,,2,52,45,7,1383.0
0:51.0, ,52-45,S. Gilgeous-Alexander misses 3-pt jump shot from 25 ft,,2,52,45,7,1389.0
0:48.0,Defensive rebound by D. Robinson,52-45, ,,2,52,45,7,1392.0
0:41.0,J. Butler makes 2-pt layup from 4 ft (assist by T. Rozier),54-45, ,,2,54,45,9,1399.0
0:31.0, ,54-45,Shooting foul by H. Highsmith (drawn by S. Gilgeous-Alexander),,2,54,45,9,1409.0
0:31.0, ,54-46,S. Gilgeous-Alexander makes free throw 1 of 2,,2,54,46,8,1409.0
0:31.0, ,54-46,A. Wiggins enters the game for G. Hayward,,2,54,46,8,1409.0
0:31.0, ,54-46,J. Williams enters the game for I. Joe,,2,54,46,8,1409.0
0:31.0, ,54-47,S. Gilgeous-Alexander makes free throw 2 of 2,,2,54,47,7,1409.0
0:12.0,T. Rozier makes 3-pt jump shot from 26 ft (assist by H. Highsmith),57-47, ,,2,57,47,10,1428.0
0:00.0, ,57-47,S. Gilgeous-Alexander misses 2-pt jump shot from 21 ft,,2,57,47,10,1440.0
0:00.0, ,57-47,Offensive rebound by Team,,2,57,47,10,1440.0
0:00.0,End of 2nd quarter,57-47,,,2,57,47,10,1440.0
12:00.0,Start of 3rd quarter,57-47,,,3,57,47,10,1440.0
11:42.0,D. Robinson misses 3-pt jump shot from 25 ft,57-47, ,,3,57,47,10,1458.0
11:38.0, ,57-47,Defensive rebound by L. Dort,,3,57,47,10,1462.0
11:33.0, ,57-47,L. Dort misses 3-pt jump shot from 25 ft,,3,57,47,10,1467.0
11:31.0,Defensive rebound by T. Rozier,57-47, ,,3,57,47,10,1469.0
11:23.0,T. Rozier misses 2-pt layup from 4 ft (block by J. Williams),57-47, ,,3,57,47,10,1477.0
11:23.0, ,57-47,Defensive rebound by C. Holmgren,,3,57,47,10,1477.0
11:15.0, ,57-49,C. Holmgren makes 2-pt dunk at rim (assist by J. Giddey),,3,57,49,8,1485.0
10:59.0,J. Butler misses 3-pt jump shot from 23 ft,57-49, ,,3,57,49,8,1501.0
10:56.0, ,57-49,Defensive rebound by J. Williams,,3,57,49,8,1504.0
10:46.0, ,57-49,C. Holmgren misses 2-pt jump shot from 2 ft (block by B. Adebayo),,3,57,49,8,1514.0
10:44.0,Defensive rebound by J. Butler,57-49, ,,3,57,49,8,1516.0
10:33.0,N. Jović makes 3-pt jump shot from 24 ft (assist by J. Butler),60-49, ,,3,60,49,11,1527.0
10:11.0, ,60-51,J. Giddey makes 2-pt layup from 2 ft,,3,60,51,9,1549.0
10:01.0,Shooting foul by S. Gilgeous-Alexander (drawn by J. Butler),60-51, ,,3,60,51,9,1559.0
10:01.0,J. Butler makes free throw 1 of 2,61-51, ,,3,61,51,10,1559.0
10:01.0,J. Butler makes free throw 2 of 2,62-51, ,,3,62,51,11,1559.0
9:50.0, ,62-51,L. Dort misses 3-pt jump shot from 26 ft,,3,62,51,11,1570.0
9:47.0,Defensive rebound by J. Butler,62-51, ,,3,62,51,11,1573.0
9:31.0,D. Robinson makes 3-pt jump shot from 28 ft (assist by J. Butler),65-51, ,,3,65,51,14,1589.0
9:11.0, ,65-54,J. Giddey makes 3-pt jump shot from 25 ft (assist by S. Gilgeous-Alexander),,3,65,54,11,1609.0
8:56.0,B. Adebayo misses 2-pt jump shot from 12 ft,65-54, ,,3,65,54,11,1624.0
8:54.0, ,65-54,Defensive rebound by J. Giddey,,3,65,54,11,1626.0
8:48.0, ,65-54,S. Gilgeous-Alexander misses 3-pt jump shot from 26 ft,,3,65,54,11,1632.0
8:45.0,Defensive rebound by B. Adebayo,65-54, ,,3,65,54,11,1635.0
8:24.0,B. Adebayo misses 2-pt jump shot from 10 ft,65-54, ,,3,65,54,11,1656.0
8:21.0,Offensive rebound by B. Adebayo,65-54, ,,3,65,54,11,1659.0
8:18.0,Turnover by D. Robinson (lost ball; steal by S. Gilgeous-Alexander),65-54, ,,3,65,54,11,1662.0
8:03.0, ,65-56,S. Gilgeous-Alexander makes 2-pt jump shot from 16 ft,,3,65,56,9,1677.0
7:47.0,T. Rozier misses 2-pt jump shot from 14 ft,65-56, ,,3,65,56,9,1693.0
7:45.0, ,65-56,Defensive rebound by J. Giddey,,3,65,56,9,1695.0
7:43.0, ,65-56,Personal foul by T. Rozier (drawn by J. Giddey),,3,65,56,9,1697.0
7:33.0, ,65-58,S. Gilgeous-Alexander makes 2-pt jump shot from 12 ft (assist by C. Holmgren),,3,65,58,7,1707.0
7:19.0,Turnover by B. Adebayo (bad pass),65-58, ,,3,65,58,7,1721.0
7:09.0, ,65-60,J. Williams makes 2-pt jump shot from 5 ft,,3,65,60,5,1731.0
6:49.0,T. Rozier misses 3-pt jump shot from 22 ft,65-60, ,,3,65,60,5,1751.0
6:47.0, ,65-60,Defensive rebound by J. Giddey,,3,65,60,5,1753.0
6:46.0, ,65-60,Oklahoma City full timeout,,3,65,60,5,1754.0
6:30.0, ,65-60,S. Gilgeous-Alexander misses 2-pt jump shot from 12 ft,,3,65,60,5,1770.0
6:25.0,Defensive rebound by N. Jović,65-60, ,,3,65,60,5,1775.0
6:15.0,Turnover by B. Adebayo (lost ball; steal by L. Dort),65-60, ,,3,65,60,5,1785.0
6:12.0, ,65-62,L. Dort makes 2-pt layup from 2 ft,,3,65,62,3,1788.0
5:56.0,Turnover by N. Jović (step out of bounds),65-62, ,,3,65,62,3,1804.0
5:56.0,J. Jaquez enters the game for J. Butler,65-62, ,,3,65,62,3,1804.0
5:56.0,C. Martin enters the game for N. Jović,65-62, ,,3,65,62,3,1804.0
5:45.0, ,65-64,S. Gilgeous-Alexander makes 2-pt jump shot from 8 ft,,3,65,64,1,1815.0
5:45.0, ,65-64,Shooting foul by C. Martin (drawn by S. Gilgeous-Alexander),,3,65,64,1,1815.0
5:45.0, ,65-64,G. Hayward enters the game for L. Dort,,3,65,64,1,1815.0
5:45.0, ,65-65,S. Gilgeous-Alexander makes free throw 1 of 1,Tie,3,65,65,0,1815.0
5:30.0,Personal foul by J. Williams (drawn by C. Martin),65-65, ,,3,65,65,0,1830.0
5:30.0, ,65-65,Violation by Team (delay of game),,3,65,65,0,1830.0
5:24.0,B. Adebayo misses 2-pt jump shot from 15 ft,65-65, ,,3,65,65,0,1836.0
5:20.0, ,65-65,Defensive rebound by J. Giddey,,3,65,65,0,1840.0
5:20.0, ,65-65,I. Joe enters the game for J. Giddey,,3,65,65,0,1840.0
5:20.0, ,65-65,J. Williams enters the game for C. Holmgren,,3,65,65,0,1840.0
5:01.0, ,65-68,J. Williams makes 3-pt jump shot from 26 ft (assist by S. Gilgeous-Alexander),Lead change,3,65,68,-3,1859.0
4:50.0,Personal foul by J. Williams (drawn by C. Martin),65-68, ,,3,65,68,-3,1870.0
4:50.0, ,65-68,C. Wallace enters the game for J. Williams,,3,65,68,-3,1870.0
4:40.0,Turnover by B. Adebayo (bad pass),65-68, ,,3,65,68,-3,1880.0
4:28.0, ,65-68,S. Gilgeous-Alexander misses 2-pt layup from 2 ft,,3,65,68,-3,1892.0
4:24.0,Defensive rebound by B. Adebayo,65-68, ,,3,65,68,-3,1896.0
4:09.0,T. Rozier misses 2-pt jump shot from 9 ft,65-68, ,,3,65,68,-3,1911.0
4:08.0,Offensive rebound by B. Adebayo,65-68, ,,3,65,68,-3,1912.0
4:06.0,B. Adebayo misses 2-pt layup from 4 ft,65-68, ,,3,65,68,-3,1914.0
4:04.0, ,65-68,Defensive rebound by J. Williams,,3,65,68,-3,1916.0
3:54.0, ,65-68,I. Joe misses 2-pt jump shot from 17 ft,,3,65,68,-3,1926.0
3:50.0,Defensive rebound by C. Martin,65-68, ,,3,65,68,-3,1930.0
3:46.0,Miami full timeout,65-68, ,,3,65,68,-3,1934.0
3:46.0,N. Jović enters the game for B. Adebayo,65-68, ,,3,65,68,-3,1934.0
3:38.0,J. Jaquez makes 2-pt jump shot from 10 ft (assist by D. Robinson),67-68, ,,3,67,68,-1,1942.0
3:18.0, ,67-68,I. Joe misses 3-pt jump shot from 24 ft,,3,67,68,-1,1962.0
3:14.0,Defensive rebound by T. Rozier,67-68, ,,3,67,68,-1,1966.0
3:04.0,Personal foul by S. Gilgeous-Alexander (drawn by N. Jović),67-68, ,,3,67,68,-1,1976.0
3:04.0,J. Butler enters the game for D. Robinson,67-68, ,,3,67,68,-1,1976.0
3:04.0,P. Mills enters the game for T. Rozier,67-68, ,,3,67,68,-1,1976.0
3:04.0, ,67-68,L. Dort enters the game for J. Williams,,3,67,68,-1,1976.0
2:50.0,Turnover by Team (shot clock),67-68, ,,3,67,68,-1,1990.0
2:37.0, ,67-68,Shooting foul by C. Martin (drawn by S. Gilgeous-Alexander),,3,67,68,-1,2003.0
2:37.0, ,67-69,S. Gilgeous-Alexander makes free throw 1 of 2,,3,67,69,-2,2003.0
2:37.0, ,67-70,S. Gilgeous-Alexander makes free throw 2 of 2,,3,67,70,-3,2003.0
2:22.0,Shooting foul by G. Hayward (drawn by N. Jović),67-70, ,,3,67,70,-3,2018.0
2:22.0,N. Jović makes free throw 1 of 2,68-70, ,,3,68,70,-2,2018.0
2:22.0,N. Jović makes free throw 2 of 2,69-70, ,,3,69,70,-1,2018.0
2:06.0, ,69-70,G. Hayward misses 3-pt jump shot from 25 ft,,3,69,70,-1,2034.0
2:03.0, ,69-70,Offensive rebound by I. Joe,,3,69,70,-1,2037.0
1:55.0, ,69-73,I. Joe makes 3-pt jump shot from 25 ft (assist by L. Dort),,3,69,73,-4,2045.0
1:31.0,J. Butler makes 2-pt jump shot from 4 ft,71-73, ,,3,71,73,-2,2069.0
1:15.0, ,71-75,L. Dort makes 2-pt layup from 2 ft (assist by G. Hayward),,3,71,75,-4,2085.0
0:59.0,J. Jaquez makes 2-pt layup from 2 ft,73-75, ,,3,73,75,-2,2101.0
0:49.0, ,73-77,S. Gilgeous-Alexander makes 2-pt jump shot from 18 ft,,3,73,77,-4,2111.0
0:34.0,J. Jaquez misses 3-pt jump shot from 24 ft,73-77, ,,3,73,77,-4,2126.0
0:31.0, ,73-77,Defensive rebound by L. Dort,,3,73,77,-4,2129.0
0:22.0, ,73-77,C. Wallace misses 3-pt jump shot from 23 ft,,3,73,77,-4,2138.0
0:19.0,Defensive rebound by J. Jaquez,73-77, ,,3,73,77,-4,2141.0
0:03.0,N. Jović misses 3-pt jump shot from 23 ft,73-77, ,,3,73,77,-4,2157.0
0:01.0, ,73-77,Defensive rebound by I. Joe,,3,73,77,-4,2159.0
0:00.0, ,73-77,I. Joe misses 3-pt jump shot from 46 ft,,3,73,77,-4,2160.0
0:00.0, ,73-77,Offensive rebound by Team,,3,73,77,-4,2160.0
0:00.0,End of 3rd quarter,73-77,,,3,73,77,-4,2160.0
12:00.0,Start of 4th quarter,73-77,,,4,73,77,-4,2160.0
11:48.0, ,73-77,J. Williams misses 2-pt jump shot from 15 ft,,4,73,77,-4,2172.0
11:46.0, ,73-77,Offensive rebound by J. Williams,,4,73,77,-4,2174.0
11:43.0, ,73-80,A. Wiggins makes 3-pt jump shot from 25 ft (assist by J. Williams),,4,73,80,-7,2177.0
11:25.0,P. Mills makes 2-pt layup from 1 ft (assist by N. Jović),75-80, ,,4,75,80,-5,2195.0
11:11.0, ,75-80,C. Holmgren misses 3-pt jump shot from 25 ft,,4,75,80,-5,2209.0
11:07.0, ,75-80,Offensive rebound by A. Wiggins,,4,75,80,-5,2213.0
11:00.0, ,75-80,J. Giddey misses 3-pt jump shot from 25 ft,,4,75,80,-5,2220.0
10:58.0,Defensive rebound by N. Jović,75-80, ,,4,75,80,-5,2222.0
10:45.0,J. Butler misses 2-pt jump shot from 5 ft,75-80, ,,4,75,80,-5,2235.0
10:43.0, ,75-80,Defensive rebound by J. Williams,,4,75,80,-5,2237.0
10:36.0, ,75-82,A. Wiggins makes 2-pt layup from 3 ft (assist by J. Giddey),,4,75,82,-7,2244.0
10:25.0,C. Martin makes 2-pt jump shot from 4 ft,77-82, ,,4,77,82,-5,2255.0
10:03.0, ,77-82,Offensive foul by J. Williams (drawn by P. Mills),,4,77,82,-5,2277.0
10:03.0, ,77-82,Turnover by J. Williams (offensive foul),,4,77,82,-5,2277.0
9:44.0,N. Jović makes 2-pt jump shot from 6 ft (assist by J. Jaquez),79-82, ,,4,79,82,-3,2296.0
9:34.0, ,79-82,Turnover by J. Williams (bad pass; steal by J. Jaquez),,4,79,82,-3,2306.0
9:28.0,J. Butler misses 2-pt jump shot from 8 ft,79-82, ,,4,79,82,-3,2312.0
9:27.0,Offensive rebound by J. Butler,79-82, ,,4,79,82,-3,2313.0
9:27.0,J. Butler makes 2-pt layup at rim,81-82, ,,4,81,82,-1,2313.0
9:26.0, ,81-82,Oklahoma City full timeout,,4,81,82,-1,2314.0
9:26.0, ,81-82,L. Dort enters the game for C. Wallace,,4,81,82,-1,2314.0
9:10.0, ,81-84,J. Giddey makes 2-pt jump shot from 9 ft (assist by L. Dort),,4,81,84,-3,2330.0
8:46.0,J. Butler misses 2-pt layup from 3 ft (block by A. Wiggins),81-84, ,,4,81,84,-3,2354.0
8:45.0,Offensive rebound by J. Butler,81-84, ,,4,81,84,-3,2355.0
8:40.0,J. Jaquez makes 2-pt jump shot from 21 ft (assist by J. Butler),83-84, ,,4,83,84,-1,2360.0
8:30.0, ,83-84,Personal foul by C. Martin (drawn by L. Dort),,4,83,84,-1,2370.0
8:19.0, ,83-87,C. Holmgren makes 3-pt jump shot from 26 ft (assist by J. Williams),,4,83,87,-4,2381.0
8:00.0,P. Mills misses 3-pt jump shot from 24 ft,83-87, ,,4,83,87,-4,2400.0
7:57.0, ,83-87,Defensive rebound by J. Giddey,,4,83,87,-4,2403.0
7:52.0, ,83-87,J. Giddey misses 2-pt layup from 6 ft,,4,83,87,-4,2408.0
7:50.0,Defensive rebound by J. Butler,83-87, ,,4,83,87,-4,2410.0
7:37.0,J. Jaquez makes 2-pt layup from 3 ft (assist by J. Butler),85-87, ,,4,85,87,-2,2423.0
7:23.0, ,85-87,J. Giddey misses 3-pt jump shot from 24 ft,,4,85,87,-2,2437.0
7:21.0,Defensive rebound by J. Butler,85-87, ,,4,85,87,-2,2439.0
7:16.0,Shooting foul by A. Wiggins (drawn by J. Butler),85-87, ,,4,85,87,-2,2444.0
7:16.0, ,85-87,Oklahoma City full timeout,,4,85,87,-2,2444.0
7:16.0, ,85-87,Instant Replay (Challenge: Ruling Stands),,4,85,87,-2,2444.0
7:16.0,H. Highsmith enters the game for C. Martin,85-87, ,,4,85,87,-2,2444.0
7:16.0,T. Rozier enters the game for P. Mills,85-87, ,,4,85,87,-2,2444.0
7:16.0, ,85-87,S. Gilgeous-Alexander enters the game for J. Giddey,,4,85,87,-2,2444.0
7:16.0, ,85-87,I. Joe enters the game for J. Williams,,4,85,87,-2,2444.0
7:16.0,J. Butler misses free throw 1 of 2,85-87, ,,4,85,87,-2,2444.0
7:16.0,Offensive rebound by Team,85-87, ,,4,85,87,-2,2444.0
7:16.0,J. Butler makes free throw 2 of 2,86-87, ,,4,86,87,-1,2444.0
7:07.0, ,86-87,Personal foul by N. Jović (drawn by C. Holmgren),,4,86,87,-1,2453.0
6:58.0, ,86-89,A. Wiggins makes 2-pt dunk from 1 ft (assist by C. Holmgren),,4,86,89,-3,2462.0
6:38.0,J. Jaquez misses 2-pt jump shot from 6 ft (block by S. Gilgeous-Alexander),86-89, ,,4,86,89,-3,2482.0
6:33.0, ,86-89,Defensive rebound by S. Gilgeous-Alexander,,4,86,89,-3,2487.0
6:24.0, ,86-89,S. Gilgeous-Alexander misses 3-pt jump shot from 26 ft,,4,86,89,-3,2496.0
6:21.0, ,86-89,Offensive rebound by A. Wiggins,,4,86,89,-3,2499.0
6:19.0, ,86-91,I. Joe makes 2-pt jump shot from 23 ft (assist by A. Wiggins),,4,86,91,-5,2501.0
6:17.0,Miami full timeout,86-91, ,,4,86,91,-5,2503.0
6:17.0,B. Adebayo enters the game for H. Highsmith,86-91, ,,4,86,91,-5,2503.0
6:17.0,C. Martin enters the game for N. Jović,86-91, ,,4,86,91,-5,2503.0
6:17.0, ,86-91,J. Williams enters the game for C. Holmgren,,4,86,91,-5,2503.0
6:17.0,Violation by Team (delay of game),86-91, ,,4,86,91,-5,2503.0
6:03.0,C. Martin misses 2-pt jump shot from 4 ft,86-91, ,,4,86,91,-5,2517.0
6:01.0, ,86-91,Defensive rebound by L. Dort,,4,86,91,-5,2519.0
5:41.0, ,86-91,S. Gilgeous-Alexander misses 3-pt jump shot from 25 ft,,4,86,91,-5,2539.0
5:39.0,Defensive rebound by C. Martin,86-91, ,,4,86,91,-5,2541.0
5:15.0,B. Adebayo misses 2-pt jump shot from 9 ft,86-91, ,,4,86,91,-5,2565.0
5:12.0, ,86-91,Defensive rebound by S. Gilgeous-Alexander,,4,86,91,-5,2568.0
5:01.0, ,86-93,S. Gilgeous-Alexander makes 2-pt jump shot from 15 ft,,4,86,93,-7,2579.0
4:37.0,C. Martin misses 3-pt jump shot from 25 ft,86-93, ,,4,86,93,-7,2603.0
4:33.0, ,86-93,Defensive rebound by J. Williams,,4,86,93,-7,2607.0
4:18.0, ,86-93,I. Joe misses 3-pt jump shot from 25 ft,,4,86,93,-7,2622.0
4:15.0,Defensive rebound by J. Butler,86-93, ,,4,86,93,-7,2625.0
4:08.0,T. Rozier makes 2-pt layup from 3 ft,88-93, ,,4,88,93,-5,2632.0
3:42.0, ,88-93,I. Joe misses 2-pt layup from 7 ft,,4,88,93,-5,2658.0
3:41.0, ,88-93,Offensive rebound by J. Williams,,4,88,93,-5,2659.0
3:41.0, ,88-95,J. Williams makes 2-pt layup from 1 ft,,4,88,95,-7,2659.0
3:41.0,Miami full timeout,88-95, ,,4,88,95,-7,2659.0
3:41.0,D. Robinson enters the game for J. Jaquez,88-95, ,,4,88,95,-7,2659.0
3:41.0, ,88-95,J. Williams enters the game for A. Wiggins,,4,88,95,-7,2659.0
3:22.0,T. Rozier makes 3-pt jump shot from 23 ft (assist by J. Butler),91-95, ,,4,91,95,-4,2678.0
3:04.0, ,91-97,S. Gilgeous-Alexander makes 2-pt jump shot from 18 ft,,4,91,97,-6,2696.0
2:50.0,J. Butler makes 2-pt layup from 3 ft,93-97, ,,4,93,97,-4,2710.0
2:50.0,Shooting foul by L. Dort (drawn by J. Butler),93-97, ,,4,93,97,-4,2710.0
2:50.0, ,93-97,C. Holmgren enters the game for J. Williams,,4,93,97,-4,2710.0
2:50.0,J. Butler misses free throw 1 of 1,93-97, ,,4,93,97,-4,2710.0
2:47.0, ,93-97,Defensive rebound by L. Dort,,4,93,97,-4,2713.0
2:29.0, ,93-97,Shooting foul by B. Adebayo (drawn by S. Gilgeous-Alexander),,4,93,97,-4,2731.0
2:29.0, ,93-98,S. Gilgeous-Alexander makes free throw 1 of 2,,4,93,98,-5,2731.0
2:29.0, ,93-98,J. Williams enters the game for I. Joe,,4,93,98,-5,2731.0
2:29.0, ,93-99,S. Gilgeous-Alexander makes free throw 2 of 2,,4,93,99,-6,2731.0
2:11.0,Shooting foul by L. Dort (drawn by B. Adebayo),93-99, ,,4,93,99,-6,2749.0
2:11.0,B. Adebayo makes free throw 1 of 2,94-99, ,,4,94,99,-5,2749.0
2:11.0,J. Jaquez enters the game for D. Robinson,94-99, ,,4,94,99,-5,2749.0
2:11.0,B. Adebayo makes free throw 2 of 2,95-99, ,,4,95,99,-4,2749.0
1:57.0, ,95-101,S. Gilgeous-Alexander makes 2-pt jump shot from 17 ft,,4,95,101,-6,2763.0
1:47.0,T. Rozier makes 2-pt jump shot from 12 ft,97-101, ,,4,97,101,-4,2773.0
1:36.0, ,97-104,S. Gilgeous-Alexander makes 3-pt jump shot from 26 ft,,4,97,104,-7,2784.0
1:25.0,Personal foul by J. Williams (drawn by J. Butler),97-104, ,,4,97,104,-7,2795.0
1:25.0,D. Robinson enters the game for J. Jaquez,97-104, ,,4,97,104,-7,2795.0
1:13.0,D. Robinson makes 3-pt jump shot from 26 ft (assist by T. Rozier),100-104, ,,4,100,104,-4,2807.0
0:52.0, ,100-104,J. Williams misses 2-pt jump shot from 5 ft,,4,100,104,-4,2828.0
0:50.0, ,100-104,Offensive rebound by L. Dort,,4,100,104,-4,2830.0
0:45.0, ,100-104,Personal foul by T. Rozier (drawn by S. Gilgeous-Alexander),,4,100,104,-4,2835.0
0:45.0,J. Jaquez enters the game for D. Robinson,100-104, ,,4,100,104,-4,2835.0
0:45.0, ,100-104,I. Joe enters the game for J. Williams,,4,100,104,-4,2835.0
0:39.0, ,100-106,J. Williams makes 2-pt layup from 4 ft,,4,100,106,-6,2841.0
0:31.0,J. Butler misses 3-pt jump shot from 27 ft,100-106, ,,4,100,106,-6,2849.0
0:28.0, ,100-106,Defensive rebound by S. Gilgeous-Alexander,,4,100,106,-6,2852.0
0:23.0, ,100-106,Shooting foul by T. Rozier (drawn by S. Gilgeous-Alexander),,4,100,106,-6,2857.0
0:23.0, ,100-106,S. Gilgeous-Alexander misses free throw 1 of 2,,4,100,106,-6,2857.0
0:23.0, ,100-106,Offensive rebound by Team,,4,100,106,-6,2857.0
0:23.0, ,100-106,J. Williams enters the game for I. Joe,,4,100,106,-6,2857.0
0:23.0, ,100-107,S. Gilgeous-Alexander makes free throw 2 of 2,,4,100,107,-7,2857.0
0:23.0,Miami full timeout,100-107, ,,4,100,107,-7,2857.0
0:23.0,P. Mills enters the game for J. Jaquez,100-107, ,,4,100,107,-7,2857.0
0:23.0,D. Robinson enters the game for C. Martin,100-107, ,,4,100,107,-7,2857.0
0:23.0, ,100-107,A. Wiggins enters the game for J. Williams,,4,100,107,-7,2857.0
0:23.0, ,100-107,Violation by Team (kicked ball),,4,100,107,-7,2857.0
0:19.0,T. Rozier misses 3-pt jump shot from 23 ft (block by S. Gilgeous-Alexander),100-107, ,,4,100,107,-7,2861.0
0:15.0, ,100-107,Defensive rebound by C. Holmgren,,4,100,107,-7,2865.0
0:00.0,End of 4th quarter,100-107,,,4,100,107,-7,2880.0
