A,B,C,D,E,F,Event
1st Q
Time,Miami,,Score,,Denver,
12:00.0,Jump ball: B. Adebayo vs. N. Jokić (J. Butler gains possession),
11:36.0, , ,0-2,+2,A. Gordon makes 2-pt jump shot from 13 ft (assist by K. Caldwell-Pope),
11:16.0,B. Adebayo misses 2-pt jump shot from 11 ft, ,0-2, , ,
11:13.0, , ,0-2, ,Defensive rebound by M. Porter,
11:00.0, , ,0-2, ,Shooting foul by D. Robinson (drawn by A. Gordon),
11:00.0, , ,0-3,+1,A. Gordon makes free throw 1 of 2,
11:00.0, , ,0-4,+1,A. Gordon makes free throw 2 of 2,
10:46.0,D. Robinson misses 3-pt jump shot from 26 ft, ,0-4, , ,
10:44.0, , ,0-4, ,Defensive rebound by J. Murray,
10:31.0, , ,0-7,+3,J. Murray makes 3-pt jump shot from 25 ft (assist by N. Jokić),
10:16.0,T. Rozier misses 3-pt jump shot from 24 ft, ,0-7, , ,
10:13.0, , ,0-7, ,Defensive rebound by M. Porter,
10:07.0, , ,0-9,+2,M. Porter makes 2-pt layup from 1 ft,
9:48.0,N. Jović makes 3-pt jump shot from 25 ft (assist by J. Butler),+3,3-9, , ,
9:27.0, , ,3-9, ,J. Murray misses 2-pt jump shot from 12 ft,
9:25.0,Defensive rebound by N. Jović, ,3-9, , ,
9:17.0,Shooting foul by J. Murray (drawn by T. Rozier), ,3-9, , ,
9:17.0,T. Rozier makes free throw 1 of 2,+1,4-9, , ,
9:17.0,T. Rozier makes free throw 2 of 2,+1,5-9, , ,
9:02.0, , ,5-12,+3,K. Caldwell-Pope makes 3-pt jump shot from 24 ft (assist by J. Murray),
8:52.0,B. Adebayo makes 2-pt jump shot from 12 ft (assist by T. Rozier),+2,7-12, , ,
8:36.0, , ,7-12, ,A. Gordon misses 2-pt jump shot from 18 ft,
8:33.0,Defensive rebound by D. Robinson, ,7-12, , ,
8:18.0,N. Jović misses 3-pt jump shot from 25 ft, ,7-12, , ,
8:14.0, , ,7-12, ,Defensive rebound by N. Jokić,
8:09.0, , ,7-12, ,Turnover by N. Jokić (bad pass; steal by D. Robinson),
7:54.0,J. Butler misses 2-pt jump shot from 6 ft, ,7-12, , ,
7:53.0, , ,7-12, ,Defensive rebound by N. Jokić,
7:49.0, , ,7-14,+2,A. Gordon makes 2-pt dunk from 1 ft (assist by M. Porter),
7:29.0,N. Jović makes 2-pt layup from 2 ft (assist by B. Adebayo),+2,9-14, , ,
7:14.0, , ,9-14, ,J. Murray misses 2-pt jump shot from 9 ft,
7:11.0,Defensive rebound by Team, ,9-14, , ,
6:58.0,J. Butler misses 3-pt jump shot from 24 ft, ,9-14, , ,
6:53.0, , ,9-14, ,Defensive rebound by M. Porter,
6:48.0, , ,9-14, ,M. Porter misses 3-pt jump shot from 25 ft,
6:44.0,Defensive rebound by T. Rozier, ,9-14, , ,
6:39.0,N. Jović misses 2-pt layup from 3 ft, ,9-14, , ,
6:37.0, , ,9-14, ,Defensive rebound by N. Jokić,
6:36.0, , ,9-14, ,K. Caldwell-Pope misses 3-pt jump shot from 26 ft,
6:32.0, , ,9-14, ,Offensive rebound by K. Caldwell-Pope,
6:31.0, , ,9-17,+3,K. Caldwell-Pope makes 3-pt jump shot from 24 ft,
6:14.0,T. Rozier misses 3-pt jump shot from 27 ft, ,9-17, , ,
6:14.0, , ,9-17, ,Defensive rebound by M. Porter,
6:01.0, , ,9-19,+2,M. Porter makes 2-pt jump shot from 22 ft (assist by N. Jokić),
5:59.0,Miami full timeout, ,9-19, , ,
5:59.0, , ,9-19, ,R. Jackson enters the game for J. Murray,
5:40.0,B. Adebayo misses 2-pt jump shot from 5 ft, ,9-19, , ,
5:37.0, , ,9-19, ,Defensive rebound by N. Jokić,
5:32.0, , ,9-19, ,Personal foul by D. Robinson (drawn by K. Caldwell-Pope),
5:32.0,J. Jaquez enters the game for J. Butler, ,9-19, , ,
5:32.0,C. Martin enters the game for D. Robinson, ,9-19, , ,
5:24.0, , ,9-19, ,M. Porter misses 2-pt jump shot from 22 ft,
5:19.0,Defensive rebound by C. Martin, ,9-19, , ,
5:13.0, , ,9-19, ,Violation by Team (kicked ball),
5:04.0,Turnover by T. Rozier (bad pass; steal by M. Porter), ,9-19, , ,
4:55.0, , ,9-21,+2,K. Caldwell-Pope makes 2-pt jump shot from 19 ft (assist by R. Jackson),
4:42.0,Shooting foul by N. Jokić (drawn by B. Adebayo), ,9-21, , ,
4:42.0,B. Adebayo makes free throw 1 of 2,+1,10-21, , ,
4:42.0,B. Adebayo makes free throw 2 of 2,+1,11-21, , ,
4:22.0, , ,11-23,+2,N. Jokić makes 2-pt layup from 3 ft,
4:16.0,Turnover by N. Jović (bad pass), ,11-23, , ,
4:00.0, , ,11-23, ,M. Porter misses 2-pt layup from 1 ft,
3:56.0, , ,11-23, ,Offensive rebound by M. Porter,
3:56.0, , ,11-25,+2,M. Porter makes 2-pt layup at rim,
3:44.0,C. Martin makes 2-pt layup from 2 ft (assist by N. Jović),+2,13-25, , ,
3:35.0, , ,13-28,+3,M. Porter makes 3-pt jump shot from 25 ft (assist by K. Caldwell-Pope),
3:28.0,Turnover by N. Jović (bad pass; steal by A. Gordon), ,13-28, , ,
3:24.0, , ,13-28, ,R. Jackson misses 3-pt jump shot from 25 ft,
3:23.0,Defensive rebound by T. Rozier, ,13-28, , ,
3:21.0,C. Martin makes 2-pt layup from 1 ft (assist by T. Rozier),+2,15-28, , ,
3:21.0,Shooting foul by K. Caldwell-Pope (drawn by C. Martin), ,15-28, , ,
3:21.0,J. Butler enters the game for N. Jović, ,15-28, , ,
3:21.0,D. Wright enters the game for T. Rozier, ,15-28, , ,
3:21.0, , ,15-28, ,C. Braun enters the game for M. Porter,
3:21.0,C. Martin makes free throw 1 of 1,+1,16-28, , ,
3:06.0,Violation by Team (kicked ball), ,16-28, , ,
3:06.0,O. Robinson enters the game for B. Adebayo, ,16-28, , ,
3:06.0, , ,16-28, ,P. Watson enters the game for A. Gordon,
2:58.0, , ,16-31,+3,K. Caldwell-Pope makes 3-pt jump shot from 23 ft (assist by N. Jokić),
2:37.0,Turnover by C. Martin (bad pass; steal by C. Braun), ,16-31, , ,
2:14.0, , ,16-31, ,N. Jokić misses 2-pt hook shot from 4 ft,
2:12.0,Defensive rebound by C. Martin, ,16-31, , ,
2:03.0,J. Jaquez misses 2-pt layup from 5 ft, ,16-31, , ,
2:00.0,Offensive rebound by O. Robinson, ,16-31, , ,
1:51.0,J. Butler makes 2-pt jump shot from 6 ft,+2,18-31, , ,
1:26.0, , ,18-31, ,R. Jackson misses 2-pt jump shot from 14 ft,
1:25.0,Defensive rebound by Team, ,18-31, , ,
1:25.0, , ,18-31, ,Loose ball foul by N. Jokić (drawn by C. Martin),
1:25.0, , ,18-31, ,J. Murray enters the game for K. Caldwell-Pope,
1:25.0, , ,18-31, ,Z. Nnaji enters the game for N. Jokić,
1:11.0,J. Butler makes 2-pt dunk from 2 ft,+2,20-31, , ,
0:56.0, , ,20-33,+2,R. Jackson makes 2-pt layup from 3 ft,
0:34.0,D. Wright misses 2-pt jump shot from 12 ft, ,20-33, , ,
0:31.0, , ,20-33, ,Defensive rebound by R. Jackson,
0:13.0, , ,20-33, ,C. Braun misses 2-pt jump shot from 11 ft,
0:10.0, , ,20-33, ,Offensive rebound by Team,
0:00.0, , ,20-36,+3,J. Murray makes 3-pt jump shot from 26 ft,
0:00.0, , ,20-36, ,Instant Replay (Request: Ruling Stands),
0:00.0,End of 1st quarter,
2nd Q,
Time,Miami,,Score,,Denver,
12:00.0,Start of 2nd quarter,
11:50.0,Shooting foul by P. Watson (drawn by J. Butler), ,20-36, , ,
11:50.0,J. Butler makes free throw 1 of 2,+1,21-36, , ,
11:50.0,J. Butler makes free throw 2 of 2,+1,22-36, , ,
11:38.0, , ,22-38,+2,R. Jackson makes 2-pt layup from 3 ft,
11:20.0,Personal foul by C. Braun (drawn by D. Robinson), ,22-38, , ,
11:10.0,J. Butler misses 2-pt jump shot from 11 ft, ,22-38, , ,
11:09.0,Offensive rebound by Team, ,22-38, , ,
11:09.0, , ,22-38, ,Loose ball foul by C. Braun (drawn by O. Robinson),
10:59.0,D. Robinson makes 2-pt layup from 4 ft,+2,24-38, , ,
10:46.0, , ,24-38, ,P. Watson misses 2-pt layup from 2 ft,
10:44.0, , ,24-38, ,Offensive rebound by C. Braun,
10:36.0, , ,24-38, ,Turnover by Z. Nnaji (lost ball; steal by J. Jaquez),
10:32.0,J. Butler makes 2-pt dunk from 1 ft (assist by J. Jaquez),+2,26-38, , ,
10:32.0, , ,26-38, ,Denver full timeout,
10:32.0, , ,26-38, ,M. Porter enters the game for R. Jackson,
10:14.0, , ,26-38, ,Z. Nnaji misses 2-pt layup from 2 ft,
10:11.0,Defensive rebound by O. Robinson, ,26-38, , ,
10:02.0,D. Robinson makes 3-pt jump shot from 24 ft (assist by O. Robinson),+3,29-38, , ,
9:40.0, , ,29-38, ,J. Murray misses 2-pt layup from 1 ft,
9:40.0, , ,29-38, ,Offensive rebound by Z. Nnaji,
9:39.0, , ,29-38, ,Shooting foul by C. Martin (drawn by Z. Nnaji),
9:39.0, , ,29-39,+1,Z. Nnaji makes free throw 1 of 2,
9:39.0, , ,29-39, ,Z. Nnaji misses free throw 2 of 2,
9:39.0,Defensive rebound by D. Robinson, ,29-39, , ,
9:17.0,C. Martin misses 3-pt jump shot from 27 ft, ,29-39, , ,
9:12.0, , ,29-39, ,Defensive rebound by C. Braun,
8:57.0, , ,29-41,+2,M. Porter makes 2-pt jump shot from 10 ft (assist by J. Murray),
8:43.0,J. Jaquez misses 2-pt jump shot from 4 ft, ,29-41, , ,
8:40.0,Offensive rebound by C. Martin, ,29-41, , ,
8:38.0,C. Martin misses 2-pt layup from 3 ft (block by Z. Nnaji), ,29-41, , ,
8:38.0, , ,29-41, ,Defensive rebound by Team,
8:28.0, , ,29-41, ,M. Porter misses 3-pt jump shot from 27 ft,
8:26.0,Defensive rebound by D. Robinson, ,29-41, , ,
8:24.0,Shooting foul by M. Porter (drawn by J. Butler), ,29-41, , ,
8:24.0,J. Butler misses free throw 1 of 2, ,29-41, , ,
8:24.0,Offensive rebound by Team, ,29-41, , ,
8:24.0,J. Butler makes free throw 2 of 2,+1,30-41, , ,
8:08.0, , ,30-41, ,P. Watson misses 3-pt jump shot from 24 ft,
8:08.0,Defensive rebound by J. Jaquez, ,30-41, , ,
8:00.0,Turnover by O. Robinson (lost ball; steal by P. Watson), ,30-41, , ,
7:51.0, , ,30-43,+2,M. Porter makes 2-pt jump shot from 7 ft (assist by C. Braun),
7:50.0,Miami full timeout, ,30-43, , ,
7:50.0,B. Adebayo enters the game for C. Martin, ,30-43, , ,
7:50.0,T. Rozier enters the game for O. Robinson, ,30-43, , ,
7:50.0, , ,30-43, ,A. Gordon enters the game for Z. Nnaji,
7:50.0, , ,30-43, ,N. Jokić enters the game for P. Watson,
7:35.0,Personal foul by C. Braun (drawn by B. Adebayo), ,30-43, , ,
7:35.0,Instant Replay (Request: Ruling Stands), ,30-43, , ,
7:35.0,B. Adebayo makes free throw 1 of 2,+1,31-43, , ,
7:35.0, , ,31-43, ,K. Caldwell-Pope enters the game for C. Braun,
7:35.0,B. Adebayo makes free throw 2 of 2,+1,32-43, , ,
7:20.0, , ,32-43, ,Turnover by J. Murray (bad pass; steal by J. Jaquez),
7:14.0,B. Adebayo makes 2-pt dunk from 1 ft (assist by J. Jaquez),+2,34-43, , ,
6:53.0, , ,34-43, ,J. Murray misses 3-pt jump shot from 26 ft,
6:50.0,Defensive rebound by J. Butler, ,34-43, , ,
6:42.0,J. Butler misses 2-pt layup from 2 ft, ,34-43, , ,
6:41.0,Offensive rebound by J. Jaquez, ,34-43, , ,
6:37.0,B. Adebayo misses 2-pt jump shot from 10 ft, ,34-43, , ,
6:34.0, , ,34-43, ,Defensive rebound by A. Gordon,
6:17.0, , ,34-43, ,N. Jokić misses 2-pt hook shot from 6 ft,
6:13.0, , ,34-43, ,Offensive rebound by A. Gordon,
6:13.0, , ,34-43, ,A. Gordon misses 2-pt layup at rim,
6:13.0,Defensive rebound by J. Butler, ,34-43, , ,
6:08.0,Turnover by J. Jaquez (lost ball; steal by M. Porter), ,34-43, , ,
6:08.0,N. Jović enters the game for J. Butler, ,34-43, , ,
6:08.0, , ,34-43, ,R. Jackson enters the game for J. Murray,
5:53.0, , ,34-43, ,M. Porter misses 3-pt jump shot from 23 ft,
5:50.0,Defensive rebound by B. Adebayo, ,34-43, , ,
5:36.0,J. Jaquez misses 3-pt jump shot from 26 ft, ,34-43, , ,
5:33.0, , ,34-43, ,Defensive rebound by K. Caldwell-Pope,
5:20.0, , ,34-43, ,Shooting foul by J. Jaquez (drawn by A. Gordon),
5:20.0, , ,34-44,+1,A. Gordon makes free throw 1 of 2,
5:20.0, , ,34-45,+1,A. Gordon makes free throw 2 of 2,
5:09.0,N. Jović makes 2-pt layup from 1 ft (assist by J. Jaquez),+2,36-45, , ,
5:00.0, , ,36-45, ,Offensive foul by A. Gordon (drawn by N. Jović),
5:00.0, , ,36-45, ,Turnover by A. Gordon (offensive foul),
4:49.0,Turnover by J. Jaquez (bad pass), ,36-45, , ,
4:37.0, , ,36-45, ,N. Jokić misses 2-pt layup from 3 ft,
4:36.0,Defensive rebound by Team, ,36-45, , ,
4:26.0,D. Robinson makes 3-pt jump shot from 25 ft (assist by B. Adebayo),+3,39-45, , ,
4:10.0, , ,39-45, ,Personal foul by D. Robinson (drawn by A. Gordon),
4:10.0,J. Butler enters the game for D. Robinson, ,39-45, , ,
4:10.0, , ,39-45, ,J. Murray enters the game for M. Porter,
4:03.0, , ,39-45, ,Shooting foul by B. Adebayo (drawn by N. Jokić),
4:03.0, , ,39-46,+1,N. Jokić makes free throw 1 of 2,
4:03.0, , ,39-47,+1,N. Jokić makes free throw 2 of 2,
3:53.0,T. Rozier makes 2-pt jump shot from 4 ft,+2,41-47, , ,
3:35.0, , ,41-49,+2,N. Jokić makes 2-pt jump shot from 11 ft (assist by J. Murray),
3:32.0,Personal foul by K. Caldwell-Pope (drawn by J. Jaquez), ,41-49, , ,
3:32.0, , ,41-49, ,M. Porter enters the game for J. Murray,
3:32.0,J. Jaquez misses free throw 1 of 2, ,41-49, , ,
3:32.0,Offensive rebound by Team, ,41-49, , ,
3:32.0,J. Jaquez makes free throw 2 of 2,+1,42-49, , ,
3:21.0, , ,42-49, ,R. Jackson misses 3-pt jump shot from 25 ft,
3:17.0,Defensive rebound by B. Adebayo, ,42-49, , ,
3:08.0,B. Adebayo misses 2-pt jump shot from 10 ft, ,42-49, , ,
3:05.0, , ,42-49, ,Defensive rebound by N. Jokić,
2:56.0, , ,42-49, ,K. Caldwell-Pope misses 2-pt jump shot from 16 ft,
2:53.0, , ,42-49, ,Offensive rebound by N. Jokić,
2:51.0, , ,42-49, ,K. Caldwell-Pope misses 3-pt jump shot from 25 ft,
2:47.0,Defensive rebound by B. Adebayo, ,42-49, , ,
2:43.0,Turnover by J. Jaquez (bad pass; steal by A. Gordon), ,42-49, , ,
2:39.0, , ,42-52,+3,M. Porter makes 3-pt jump shot from 26 ft (assist by A. Gordon),
2:19.0,Shooting foul by R. Jackson (drawn by T. Rozier), ,42-52, , ,
2:19.0,T. Rozier makes free throw 1 of 2,+1,43-52, , ,
2:19.0,T. Rozier makes free throw 2 of 2,+1,44-52, , ,
2:19.0,C. Martin enters the game for J. Jaquez, ,44-52, , ,
2:00.0, , ,44-52, ,N. Jokić misses 2-pt jump shot from 8 ft,
1:58.0,Defensive rebound by T. Rozier, ,44-52, , ,
1:44.0,T. Rozier misses 2-pt jump shot from 11 ft, ,44-52, , ,
1:42.0, , ,44-52, ,Defensive rebound by M. Porter,
1:33.0, , ,44-52, ,Turnover by A. Gordon (bad pass; steal by N. Jović),
1:18.0,T. Rozier misses 3-pt jump shot from 26 ft, ,44-52, , ,
1:14.0,Offensive rebound by J. Butler, ,44-52, , ,
1:07.0,T. Rozier makes 2-pt layup from 4 ft,+2,46-52, , ,
1:02.0, , ,46-52, ,Personal foul by C. Martin (drawn by M. Porter),
1:02.0, , ,46-53,+1,M. Porter makes free throw 1 of 2,
1:02.0, , ,46-54,+1,M. Porter makes free throw 2 of 2,
0:42.0,T. Rozier misses 3-pt jump shot from 23 ft (block by K. Caldwell-Pope), ,46-54, , ,
0:40.0, , ,46-54, ,Defensive rebound by A. Gordon,
0:37.0, , ,46-54, ,K. Caldwell-Pope misses 2-pt layup from 1 ft,
0:35.0,Defensive rebound by N. Jović, ,46-54, , ,
0:30.0,N. Jović misses 2-pt layup from 3 ft (block by N. Jokić), ,46-54, , ,
0:29.0,Offensive rebound by J. Butler, ,46-54, , ,
0:28.0,C. Martin makes 3-pt jump shot from 22 ft (assist by J. Butler),+3,49-54, , ,
0:06.0, , ,49-54, ,Turnover by N. Jokić (lost ball; steal by N. Jović),
0:04.0,Turnover by T. Rozier (bad pass; steal by K. Caldwell-Pope), ,49-54, , ,
0:04.0, , ,49-54, ,Shooting foul by B. Adebayo (drawn by K. Caldwell-Pope),
0:04.0, , ,49-55,+1,K. Caldwell-Pope makes free throw 1 of 2,
0:04.0,D. Robinson enters the game for C. Martin, ,49-55, , ,
0:04.0, , ,49-55, ,Z. Nnaji enters the game for N. Jokić,
0:04.0, , ,49-56,+1,K. Caldwell-Pope makes free throw 2 of 2,
0:03.0,Personal foul by R. Jackson (drawn by T. Rozier), ,49-56, , ,
0:03.0,T. Rozier makes free throw 1 of 2,+1,50-56, , ,
0:03.0,C. Martin enters the game for D. Robinson, ,50-56, , ,
0:03.0, , ,50-56, ,N. Jokić enters the game for Z. Nnaji,
0:03.0,T. Rozier makes free throw 2 of 2,+1,51-56, , ,
0:00.0, , ,51-56, ,N. Jokić misses 3-pt jump shot from 34 ft,
0:00.0, , ,51-56, ,Offensive rebound by Team,
0:00.0,End of 2nd quarter,
3rd Q,
Time,Miami,,Score,,Denver,
12:00.0,Start of 3rd quarter,
11:43.0,B. Adebayo misses 2-pt jump shot from 6 ft, ,51-56, , ,
11:40.0, , ,51-56, ,Defensive rebound by N. Jokić,
11:28.0, , ,51-56, ,N. Jokić misses 2-pt jump shot from 16 ft,
11:26.0,Defensive rebound by N. Jović, ,51-56, , ,
11:13.0,J. Butler makes 3-pt jump shot from 26 ft (assist by D. Robinson),+3,54-56, , ,
10:59.0,Violation by Team (kicked ball), ,54-56, , ,
10:47.0, , ,54-58,+2,M. Porter makes 2-pt layup from 2 ft (assist by R. Jackson),
10:27.0,B. Adebayo misses 2-pt layup from 3 ft, ,54-58, , ,
10:26.0, , ,54-58, ,Defensive rebound by N. Jokić,
10:18.0, , ,54-61,+3,M. Porter makes 3-pt jump shot from 26 ft (assist by N. Jokić),
9:49.0,N. Jović misses 3-pt jump shot from 27 ft, ,54-61, , ,
9:46.0, , ,54-61, ,Defensive rebound by N. Jokić,
9:29.0, , ,54-61, ,A. Gordon misses 2-pt layup from 2 ft,
9:28.0, , ,54-61, ,Offensive rebound by A. Gordon,
9:28.0, , ,54-63,+2,A. Gordon makes 2-pt layup at rim,
9:19.0,Shooting foul by A. Gordon (drawn by J. Butler), ,54-63, , ,
9:19.0,J. Butler makes free throw 1 of 2,+1,55-63, , ,
9:19.0,J. Butler makes free throw 2 of 2,+1,56-63, , ,
9:05.0, , ,56-63, ,Turnover by A. Gordon (lost ball; steal by J. Butler),
8:54.0,N. Jović misses 3-pt jump shot from 23 ft, ,56-63, , ,
8:51.0, , ,56-63, ,Defensive rebound by A. Gordon,
8:48.0, , ,56-63, ,M. Porter misses 3-pt jump shot from 25 ft,
8:44.0,Defensive rebound by B. Adebayo, ,56-63, , ,
8:36.0,Personal foul by K. Caldwell-Pope (drawn by J. Butler), ,56-63, , ,
8:30.0,Shooting foul by R. Jackson (drawn by B. Adebayo), ,56-63, , ,
8:30.0,B. Adebayo makes free throw 1 of 2,+1,57-63, , ,
8:30.0,B. Adebayo makes free throw 2 of 2,+1,58-63, , ,
8:11.0, , ,58-63, ,R. Jackson misses 3-pt jump shot from 26 ft,
8:06.0,Defensive rebound by N. Jović, ,58-63, , ,
8:00.0,B. Adebayo misses 2-pt hook shot from 4 ft (block by M. Porter), ,58-63, , ,
8:00.0, , ,58-63, ,Defensive rebound by M. Porter,
7:56.0, , ,58-63, ,Turnover by M. Porter (lost ball; steal by T. Rozier),
7:54.0,T. Rozier makes 3-pt jump shot from 24 ft,+3,61-63, , ,
7:54.0, , ,61-63, ,Denver full timeout,
7:41.0, , ,61-63, ,N. Jokić misses 2-pt jump shot from 16 ft,
7:39.0,Defensive rebound by N. Jović, ,61-63, , ,
7:27.0,D. Robinson misses 3-pt jump shot from 22 ft, ,61-63, , ,
7:23.0, , ,61-63, ,Defensive rebound by M. Porter,
7:16.0, , ,61-65,+2,R. Jackson makes 2-pt layup from 2 ft (assist by N. Jokić),
6:59.0,Turnover by N. Jović (bad pass; steal by N. Jokić), ,61-65, , ,
6:45.0, , ,61-65, ,N. Jokić misses 3-pt jump shot from 25 ft,
6:42.0,Defensive rebound by B. Adebayo, ,61-65, , ,
6:27.0,B. Adebayo makes 2-pt jump shot from 9 ft (assist by J. Butler),+2,63-65, , ,
6:03.0, , ,63-67,+2,N. Jokić makes 2-pt layup from 5 ft (assist by M. Porter),
5:53.0,D. Robinson misses 3-pt jump shot from 23 ft, ,63-67, , ,
5:49.0, , ,63-67, ,Defensive rebound by A. Gordon,
5:46.0, , ,63-67, ,Shooting foul by J. Butler (drawn by A. Gordon),
5:46.0, , ,63-68,+1,A. Gordon makes free throw 1 of 2,
5:46.0,J. Jaquez enters the game for J. Butler, ,63-68, , ,
5:46.0, , ,63-68, ,C. Braun enters the game for R. Jackson,
5:46.0, , ,63-69,+1,A. Gordon makes free throw 2 of 2,
5:29.0,Turnover by B. Adebayo (off goaltending), ,63-69, , ,
5:29.0, , ,63-69, ,P. Watson enters the game for A. Gordon,
5:19.0, , ,63-69, ,Turnover by M. Porter (bad pass; steal by B. Adebayo),
5:15.0,B. Adebayo misses 2-pt layup from 3 ft, ,63-69, , ,
5:13.0, , ,63-69, ,Defensive rebound by Team,
4:59.0, , ,63-71,+2,M. Porter makes 2-pt jump shot from 5 ft,
4:39.0,B. Adebayo makes 2-pt jump shot from 10 ft (assist by T. Rozier),+2,65-71, , ,
4:24.0, , ,65-74,+3,M. Porter makes 3-pt jump shot from 26 ft (assist by N. Jokić),
4:22.0,Miami full timeout, ,65-74, , ,
4:22.0,C. Martin enters the game for D. Robinson, ,65-74, , ,
4:03.0,T. Rozier misses 2-pt jump shot from 14 ft, ,65-74, , ,
4:01.0, , ,65-74, ,Defensive rebound by N. Jokić,
3:46.0, , ,65-76,+2,M. Porter makes 2-pt jump shot from 16 ft,
3:25.0,Personal foul by K. Caldwell-Pope (drawn by N. Jović), ,65-76, , ,
3:25.0, , ,65-76, ,J. Holiday enters the game for K. Caldwell-Pope,
3:15.0,T. Rozier misses 3-pt jump shot from 26 ft, ,65-76, , ,
3:11.0, , ,65-76, ,Defensive rebound by J. Holiday,
2:59.0, , ,65-76, ,P. Watson misses 2-pt jump shot from 8 ft,
2:57.0,Defensive rebound by B. Adebayo, ,65-76, , ,
2:48.0,B. Adebayo misses 2-pt jump shot from 12 ft, ,65-76, , ,
2:45.0, , ,65-76, ,Defensive rebound by M. Porter,
2:37.0, , ,65-76, ,M. Porter misses 2-pt jump shot from 14 ft,
2:34.0,Defensive rebound by N. Jović, ,65-76, , ,
2:15.0,J. Jaquez misses 2-pt jump shot from 16 ft, ,65-76, , ,
2:12.0, , ,65-76, ,Defensive rebound by M. Porter,
2:01.0, , ,65-78,+2,C. Braun makes 2-pt layup from 2 ft,
2:01.0, , ,65-78, ,Shooting foul by B. Adebayo (drawn by C. Braun),
2:01.0,J. Butler enters the game for B. Adebayo, ,65-78, , ,
2:01.0,D. Robinson enters the game for N. Jović, ,65-78, , ,
2:01.0,O. Robinson enters the game for T. Rozier, ,65-78, , ,
2:01.0, , ,65-78, ,A. Gordon enters the game for M. Porter,
2:01.0, , ,65-78, ,C. Braun misses free throw 1 of 1,
1:54.0,Defensive rebound by J. Jaquez, ,65-78, , ,
1:51.0,J. Butler misses 2-pt layup from 5 ft (block by A. Gordon), ,65-78, , ,
1:51.0, , ,65-78, ,Defensive rebound by Team,
1:36.0, , ,65-78, ,J. Holiday misses 3-pt jump shot from 25 ft,
1:32.0,Defensive rebound by C. Martin, ,65-78, , ,
1:28.0,Turnover by C. Martin (lost ball; steal by A. Gordon), ,65-78, , ,
1:22.0, , ,65-78, ,J. Holiday misses 3-pt jump shot from 26 ft,
1:20.0,Defensive rebound by J. Jaquez, ,65-78, , ,
1:14.0,C. Martin makes 3-pt jump shot from 25 ft (assist by D. Robinson),+3,68-78, , ,
0:49.0, , ,68-81,+3,J. Holiday makes 3-pt jump shot from 24 ft (assist by N. Jokić),
0:29.0,J. Jaquez makes 2-pt jump shot from 7 ft (assist by D. Robinson),+2,70-81, , ,
0:10.0, , ,70-83,+2,N. Jokić makes 2-pt layup at rim (assist by A. Gordon),
0:00.0,J. Butler misses 3-pt jump shot from 26 ft, ,70-83, , ,
0:00.0,Offensive rebound by Team, ,70-83, , ,
0:00.0,End of 3rd quarter,
4th Q,
Time,Miami,,Score,,Denver,
12:00.0,Start of 4th quarter,
11:58.0,Loose ball foul by C. Martin (drawn by R. Jackson), ,70-83, , ,
11:39.0, , ,70-86,+3,J. Holiday makes 3-pt jump shot from 24 ft (assist by A. Gordon),
11:20.0,D. Robinson makes 2-pt layup from 2 ft (assist by J. Jaquez),+2,72-86, , ,
11:05.0, , ,72-86, ,Turnover by A. Gordon (bad pass; steal by D. Robinson),
10:58.0,Shooting foul by J. Holiday (drawn by J. Butler), ,72-86, , ,
10:58.0,J. Butler misses free throw 1 of 2, ,72-86, , ,
10:58.0,Offensive rebound by Team, ,72-86, , ,
10:58.0,J. Butler makes free throw 2 of 2,+1,73-86, , ,
10:44.0, , ,73-86, ,M. Porter misses 3-pt jump shot from 25 ft,
10:39.0,Defensive rebound by O. Robinson, ,73-86, , ,
10:23.0,J. Butler misses 2-pt layup from 4 ft, ,73-86, , ,
10:21.0, , ,73-86, ,Defensive rebound by A. Gordon,
10:17.0, , ,73-86, ,Turnover by P. Watson (bad pass),
9:57.0,Turnover by D. Robinson (lost ball; steal by R. Jackson), ,73-86, , ,
9:51.0, , ,73-86, ,P. Watson misses 2-pt layup from 1 ft,
9:50.0,Defensive rebound by J. Butler, ,73-86, , ,
9:44.0,J. Butler makes 2-pt jump shot from 6 ft,+2,75-86, , ,
9:44.0,Shooting foul by M. Porter (drawn by J. Butler), ,75-86, , ,
9:44.0, , ,75-86, ,Denver full timeout,
9:44.0, , ,75-86, ,C. Braun enters the game for P. Watson,
9:44.0,J. Butler misses free throw 1 of 1, ,75-86, , ,
9:40.0, , ,75-86, ,Defensive rebound by J. Holiday,
9:24.0, , ,75-88,+2,A. Gordon makes 2-pt layup from 1 ft,
9:12.0,J. Butler misses 2-pt jump shot from 5 ft, ,75-88, , ,
9:09.0, , ,75-88, ,Defensive rebound by A. Gordon,
8:58.0, , ,75-90,+2,A. Gordon makes 2-pt layup from 1 ft (assist by J. Holiday),
8:58.0,Miami full timeout, ,75-90, , ,
8:58.0,B. Adebayo enters the game for O. Robinson, ,75-90, , ,
8:39.0,D. Robinson makes 2-pt jump shot from 4 ft (assist by B. Adebayo),+2,77-90, , ,
8:14.0, , ,77-90, ,R. Jackson misses 3-pt jump shot from 26 ft,
8:11.0,Defensive rebound by C. Martin, ,77-90, , ,
7:58.0,B. Adebayo makes 2-pt hook shot from 5 ft,+2,79-90, , ,
7:46.0, , ,79-90, ,M. Porter misses 3-pt jump shot from 26 ft,
7:43.0,Defensive rebound by C. Martin, ,79-90, , ,
7:36.0,J. Butler makes 2-pt dunk from 1 ft (assist by J. Jaquez),+2,81-90, , ,
7:36.0, , ,81-90, ,Denver full timeout,
7:36.0, , ,81-90, ,K. Caldwell-Pope enters the game for J. Holiday,
7:36.0, , ,81-90, ,N. Jokić enters the game for M. Porter,
7:18.0,Jump ball: D. Robinson vs. K. Caldwell-Pope (D. Robinson gains possession),
7:18.0, , ,81-90, ,Turnover by K. Caldwell-Pope (lost ball; steal by D. Robinson),
6:56.0,C. Martin misses 2-pt jump shot from 18 ft, ,81-90, , ,
6:55.0,Offensive rebound by B. Adebayo, ,81-90, , ,
6:55.0,B. Adebayo misses 2-pt layup from 2 ft (block by N. Jokić), ,81-90, , ,
6:55.0,Offensive rebound by Team, ,81-90, , ,
6:55.0,Turnover by Team (shot clock), ,81-90, , ,
6:32.0, , ,81-92,+2,N. Jokić makes 2-pt jump shot from 7 ft,
6:18.0,Personal foul by N. Jokić (drawn by D. Robinson), ,81-92, , ,
6:18.0,T. Rozier enters the game for J. Jaquez, ,81-92, , ,
6:12.0,T. Rozier misses 3-pt jump shot from 23 ft, ,81-92, , ,
6:12.0,Offensive rebound by J. Butler, ,81-92, , ,
6:11.0,J. Butler misses 2-pt layup from 2 ft (block by C. Braun), ,81-92, , ,
6:11.0, , ,81-92, ,Defensive rebound by Team,
6:10.0, , ,81-92, ,Denver full timeout,
6:10.0, , ,81-92, ,Instant Replay (Challenge: Ruling Stands),
6:02.0,Jump ball: N. Jokić vs. B. Adebayo (C. Braun gains possession),
5:48.0, , ,81-92, ,R. Jackson misses 3-pt jump shot from 27 ft,
5:45.0,Defensive rebound by B. Adebayo, ,81-92, , ,
5:36.0,D. Robinson misses 3-pt jump shot from 27 ft, ,81-92, , ,
5:33.0, , ,81-92, ,Defensive rebound by A. Gordon,
5:19.0, , ,81-92, ,R. Jackson misses 2-pt layup from 4 ft (block by C. Martin),
5:19.0, , ,81-92, ,Offensive rebound by N. Jokić,
5:19.0, , ,81-92, ,Shooting foul by B. Adebayo (drawn by N. Jokić),
5:19.0, , ,81-93,+1,N. Jokić makes free throw 1 of 2,
5:19.0, , ,81-93, ,M. Porter enters the game for R. Jackson,
5:19.0, , ,81-94,+1,N. Jokić makes free throw 2 of 2,
5:07.0,T. Rozier makes 2-pt layup from 2 ft,+2,83-94, , ,
4:45.0, , ,83-94, ,K. Caldwell-Pope misses 3-pt jump shot from 24 ft,
4:42.0,Defensive rebound by T. Rozier, ,83-94, , ,
4:33.0,C. Martin misses 2-pt layup from 2 ft (block by M. Porter), ,83-94, , ,
4:30.0,Offensive rebound by C. Martin, ,83-94, , ,
4:30.0,J. Butler misses 3-pt jump shot from 23 ft, ,83-94, , ,
4:26.0,Offensive rebound by C. Martin, ,83-94, , ,
4:25.0,C. Martin makes 2-pt layup from 1 ft,+2,85-94, , ,
4:06.0, , ,85-94, ,Personal foul by B. Adebayo (drawn by N. Jokić),
4:06.0, , ,85-94, ,R. Jackson enters the game for C. Braun,
3:58.0, , ,85-94, ,M. Porter misses 2-pt jump shot from 5 ft,
3:58.0, , ,85-94, ,Offensive rebound by M. Porter,
3:55.0, , ,85-94, ,M. Porter misses 2-pt layup at rim,
3:54.0,Defensive rebound by J. Butler, ,85-94, , ,
3:44.0,B. Adebayo makes 2-pt jump shot from 7 ft (assist by C. Martin),+2,87-94, , ,
3:24.0, , ,87-94, ,Offensive foul by R. Jackson (drawn by T. Rozier),
3:24.0, , ,87-94, ,Turnover by R. Jackson (offensive foul),
3:24.0,Miami full timeout, ,87-94, , ,
3:01.0,C. Martin misses 2-pt layup from 3 ft, ,87-94, , ,
2:58.0, , ,87-94, ,Defensive rebound by R. Jackson,
2:53.0, , ,87-97,+3,K. Caldwell-Pope makes 3-pt jump shot from 24 ft (assist by M. Porter),
2:41.0,Personal foul by R. Jackson (drawn by T. Rozier), ,87-97, , ,
2:32.0,B. Adebayo makes 2-pt jump shot from 10 ft,+2,89-97, , ,
2:04.0, , ,89-97, ,N. Jokić misses 3-pt jump shot from 25 ft,
2:01.0,Defensive rebound by T. Rozier, ,89-97, , ,
1:51.0,T. Rozier makes 2-pt jump shot from 13 ft,+2,91-97, , ,
1:30.0, , ,91-97, ,Turnover by N. Jokić (bad pass),
1:30.0, , ,91-97, ,C. Braun enters the game for R. Jackson,
1:18.0,T. Rozier makes 2-pt jump shot from 16 ft,+2,93-97, , ,
1:00.0, , ,93-99,+2,N. Jokić makes 2-pt hook shot from 5 ft,
0:52.0,B. Adebayo makes 2-pt jump shot from 10 ft (assist by T. Rozier),+2,95-99, , ,
0:39.0, , ,95-99, ,Offensive foul by N. Jokić (drawn by B. Adebayo),
0:39.0, , ,95-99, ,Turnover by N. Jokić (offensive foul),
0:33.0,T. Rozier misses 3-pt jump shot from 26 ft, ,95-99, , ,
0:31.0, , ,95-99, ,Defensive rebound by Team,
0:31.0, , ,95-99, ,R. Jackson enters the game for C. Braun,
0:18.0, , ,95-99, ,K. Caldwell-Pope misses 3-pt jump shot from 23 ft,
0:14.0,Defensive rebound by C. Martin, ,95-99, , ,
0:10.0,J. Butler makes 2-pt jump shot from 4 ft,+2,97-99, , ,
0:08.0, , ,97-99, ,Personal take foul by T. Rozier (drawn by N. Jokić),
0:08.0, , ,97-99, ,Denver full timeout,
0:06.0, , ,97-99, ,Personal take foul by D. Robinson (drawn by N. Jokić),
0:06.0, , ,97-100,+1,N. Jokić makes free throw 1 of 2,
0:06.0,J. Jaquez enters the game for D. Robinson, ,97-100, , ,
0:06.0, , ,97-100, ,C. Braun enters the game for R. Jackson,
0:06.0, , ,97-101,+1,N. Jokić makes free throw 2 of 2,
0:06.0,Miami full timeout, ,97-101, , ,
0:06.0,D. Robinson enters the game for C. Martin, ,97-101, , ,
0:04.0,Turnover by T. Rozier (out of bounds lost ball), ,97-101, , ,
0:04.0,C. Martin enters the game for J. Jaquez, ,97-101, , ,
0:04.0, , ,97-101, ,R. Jackson enters the game for C. Braun,
0:04.0, , ,97-101, ,Denver full timeout,
0:03.0, , ,97-101, ,Personal take foul by C. Martin (drawn by K. Caldwell-Pope),
0:03.0, , ,97-102,+1,K. Caldwell-Pope makes free throw 1 of 2,
0:03.0, , ,97-102, ,C. Braun enters the game for R. Jackson,
0:03.0, , ,97-103,+1,K. Caldwell-Pope makes free throw 2 of 2,
0:03.0,Miami full timeout, ,97-103, , ,
0:00.0,End of 4th quarter,
